ingredient_id,nutrient_code,value
e0dadf12-938f-45d9-a885-3e8df7ec3fe0,energy_reg_kj_100g,843.0
bd8d6fd3-2406-435d-9a92-c1546127e8e5,energy_reg_kj_100g,169.0
69da9d55-f3f4-4db3-8618-1fa505555874,energy_reg_kj_100g,81.1
e951267c-50f9-4470-b1c5-18656e75e013,energy_reg_kj_100g,142.0
fcfdcc0b-9a9c-4e6c-a749-6de288235780,energy_reg_kj_100g,78.8
c75c5ce4-d2df-4f60-b94c-e97454df8e0d,energy_reg_kj_100g,64.9
7e156dd4-2857-43bb-9aa2-e8273f5d4544,energy_reg_kj_100g,447.0
0261cb12-1fd6-46e1-9e3a-8064f63e6b45,energy_reg_kj_100g,258.0
3316b6df-9f99-4571-ba2e-4e26112c269d,energy_reg_kj_100g,169.0
dfb9e001-42d6-45d1-adf9-1e1ef5b8b618,energy_reg_kj_100g,115.0
ac683f79-bc03-46e6-bf1a-0b224deab0f5,energy_reg_kj_100g,106.0
1e0718a6-48ba-4fd4-93c0-1ea52f162c9d,energy_reg_kj_100g,117.0
9448e2cd-16f6-448b-927f-d41bb963a4b5,energy_reg_kj_100g,265.0
23786e95-97bf-461b-8108-59f08f119dad,energy_reg_kj_100g,487.0
f81df9f4-b6f1-4a5f-9091-9f483352c601,energy_reg_kj_100g,383.0
2d70d5a7-4248-41b0-b876-066c7cf60f44,energy_reg_kj_100g,314.0
952c1496-b636-4dd7-801a-f7ca9f204c7c,energy_reg_kj_100g,192.0
5d0e3e32-be42-46bf-94ad-13403cf6fa08,energy_reg_kj_100g,165.0
556c3a77-8cc1-4f91-8862-a1277fde9320,energy_reg_kj_100g,169.0
bcc613a8-72f2-455a-8126-953b1ec1685d,energy_reg_kj_100g,230.0
18a86eb1-0980-47d3-bf22-30b1cb43aa6a,energy_reg_kj_100g,195.0
d1903e60-1cc6-4e1b-92d1-dfdc0dfc2da5,energy_reg_kj_100g,668.0
3d9f99f2-69c6-4e09-aaa5-d296d278f643,energy_reg_kj_100g,615.0
b6409eaf-e437-4b1d-a51b-540673e73a14,energy_reg_kj_100g,631.0
205b2afd-157e-4d0d-ba24-b08af3951198,energy_reg_kj_100g,535.0
91fc3f81-74fe-438a-aebe-56931dcec2c6,energy_reg_kj_100g,712.0
7351d18f-86e3-4c84-9de1-b79b89760af8,energy_reg_kj_100g,541.0
3fe9734c-c38f-42a6-85bf-f0281752e8ea,energy_reg_kj_100g,748.0
4c3d49b5-5471-432a-a259-b662b1f6b862,energy_reg_kj_100g,1460.0
08226f84-c557-4eb0-b805-a7a4004d1fe3,energy_reg_kj_100g,1030.0
0f29b08f-27ca-405b-ba3f-da4511d90c1f,energy_reg_kj_100g,1550.0
29737eff-fbab-45b7-bdfe-51aba40f7b85,energy_reg_kj_100g,1470.0
05eb140e-0246-47a8-b1d8-27f4957b3949,energy_reg_kj_100g,2080.0
30e0ee8d-4cf7-46bd-a62a-66714d8cd521,energy_reg_kj_100g,728.0
7b887f04-1988-44dd-b74e-66938372902a,energy_reg_kj_100g,598.0
4e1b279a-4454-414c-9241-c329e03f1995,energy_reg_kj_100g,547.0
81e5a2f9-3e0c-42c9-a071-c4df692e7f31,energy_reg_kj_100g,527.0
01e424c9-6471-46b7-8244-16c9a59bcc58,energy_reg_kj_100g,1080.0
a2e8f29f-07e2-490f-93c5-92134ac4d00b,energy_reg_kj_100g,811.0
a9c3a0c2-605a-4103-a495-201402935bc5,energy_reg_kj_100g,420.0
3f144310-58a7-4fe6-9bf2-0ce9d99ee5be,energy_reg_kj_100g,201.0
738bd788-fd21-4363-9de0-ddc35b6813fa,energy_reg_kj_100g,1410.0
861b94d9-60da-4f46-804c-0756f4330661,energy_reg_kj_100g,557.0
b5bfad5a-4a04-4ab6-8c8b-788397734cb2,energy_reg_kj_100g,604.0
9c0738ab-d020-4a98-9b81-af71f7c0b878,energy_reg_kj_100g,584.0
4d4af9ab-dd8c-4b49-be81-dd79ff210485,energy_reg_kj_100g,1270.0
2eb62878-3eb9-42ea-9a63-2691148a217c,energy_reg_kj_100g,186.0
cc5e0af0-473e-4268-9bf2-bac740f2fab1,energy_reg_kj_100g,198.0
ade5e763-3b9c-4947-af9d-7ff570546027,energy_reg_kj_100g,195.0
763a92df-6900-488d-a92a-eee913d830cb,energy_reg_kj_100g,191.0
0e04f7a5-230a-4ef6-bfc3-d803435d33bd,energy_reg_kj_100g,210.0
d62036e2-ba65-4a28-aad2-ee568cb4b498,energy_reg_kj_100g,1760.0
6ff5f533-7197-4f48-b475-c16544a21db5,energy_reg_kj_100g,1690.0
c1a9efe3-a0c5-4d04-b942-68d3fce22837,energy_reg_kj_100g,1180.0
df607bfa-3921-4ac6-be34-119b349e9588,energy_reg_kj_100g,943.0
d281ed75-f3cd-4916-bd9d-7fc4fc48942b,energy_reg_kj_100g,1080.0
8c68a448-5cf5-4ba4-834a-d6dd13f55496,energy_reg_kj_100g,0.0
533c1962-b367-47ca-9d82-5910931fab39,energy_reg_kj_100g,775.0
e99c3905-a22c-45b7-b99d-5d45edec89b1,energy_reg_kj_100g,150.0
2b51cbcc-360d-4b29-aa3d-bc4c1a017f6c,energy_reg_kj_100g,341.0
834d0ee9-e18e-454d-affb-bb0096078817,energy_reg_kj_100g,2450.0
46abb1a9-f4c1-4dc1-8799-ac50ee190ee5,energy_reg_kj_100g,1680.0
1db8868c-7aea-4358-8e8e-f2f33f427798,energy_reg_kj_100g,1610.0
e3fbdb74-16a8-4680-9cd0-16044b435725,energy_reg_kj_100g,3700.0
ac82c478-aeb7-4b4d-abf6-8c5ff6207732,energy_reg_kj_100g,0.0
274e083e-46d2-4cce-b79a-a3a711d81248,energy_reg_kj_100g,1230.0
862f5667-0461-4212-9246-2a8104ee3288,energy_reg_kj_100g,1380.0
5e615f07-5e6b-403b-b1f7-47d4df6c9ed7,energy_reg_kj_100g,1000.0
9a652d31-eda3-4fe7-8e83-7ead894ca0e2,energy_reg_kj_100g,2100.0
663312e9-6d02-4cfe-aaf7-8616a2b41629,energy_reg_kj_100g,137.0
1fb6ee8a-65e8-4da5-891f-9b1f64a1179a,energy_reg_kj_100g,124.0
85b41f4f-b07a-4a17-9044-d09b8d16ee60,energy_reg_kj_100g,180.0
c9ce1563-cea5-4ab9-b51b-c3951098bd35,energy_reg_kj_100g,240.0
0d565da3-5008-4699-a3a2-c13575d82d8a,energy_reg_kj_100g,538.0
940d778a-3303-4e51-83d5-dfdd64192939,energy_reg_kj_100g,1170.0
e0dadf12-938f-45d9-a885-3e8df7ec3fe0,energy_reg_kcal_100g,205.0
bd8d6fd3-2406-435d-9a92-c1546127e8e5,energy_reg_kcal_100g,40.2
69da9d55-f3f4-4db3-8618-1fa505555874,energy_reg_kcal_100g,19.3
e951267c-50f9-4470-b1c5-18656e75e013,energy_reg_kcal_100g,33.7
fcfdcc0b-9a9c-4e6c-a749-6de288235780,energy_reg_kcal_100g,18.9
c75c5ce4-d2df-4f60-b94c-e97454df8e0d,energy_reg_kcal_100g,15.5
7e156dd4-2857-43bb-9aa2-e8273f5d4544,energy_reg_kcal_100g,106.0
0261cb12-1fd6-46e1-9e3a-8064f63e6b45,energy_reg_kcal_100g,60.9
3316b6df-9f99-4571-ba2e-4e26112c269d,energy_reg_kcal_100g,40.2
dfb9e001-42d6-45d1-adf9-1e1ef5b8b618,energy_reg_kcal_100g,27.6
ac683f79-bc03-46e6-bf1a-0b224deab0f5,energy_reg_kcal_100g,25.3
1e0718a6-48ba-4fd4-93c0-1ea52f162c9d,energy_reg_kcal_100g,28.1
9448e2cd-16f6-448b-927f-d41bb963a4b5,energy_reg_kcal_100g,62.8
23786e95-97bf-461b-8108-59f08f119dad,energy_reg_kcal_100g,116.0
f81df9f4-b6f1-4a5f-9091-9f483352c601,energy_reg_kcal_100g,90.5
2d70d5a7-4248-41b0-b876-066c7cf60f44,energy_reg_kcal_100g,73.9
952c1496-b636-4dd7-801a-f7ca9f204c7c,energy_reg_kcal_100g,45.5
5d0e3e32-be42-46bf-94ad-13403cf6fa08,energy_reg_kcal_100g,38.9
556c3a77-8cc1-4f91-8862-a1277fde9320,energy_reg_kcal_100g,39.8
bcc613a8-72f2-455a-8126-953b1ec1685d,energy_reg_kcal_100g,54.5
18a86eb1-0980-47d3-bf22-30b1cb43aa6a,energy_reg_kcal_100g,46.1
d1903e60-1cc6-4e1b-92d1-dfdc0dfc2da5,energy_reg_kcal_100g,158.0
3d9f99f2-69c6-4e09-aaa5-d296d278f643,energy_reg_kcal_100g,145.0
b6409eaf-e437-4b1d-a51b-540673e73a14,energy_reg_kcal_100g,149.0
205b2afd-157e-4d0d-ba24-b08af3951198,energy_reg_kcal_100g,126.0
91fc3f81-74fe-438a-aebe-56931dcec2c6,energy_reg_kcal_100g,168.0
7351d18f-86e3-4c84-9de1-b79b89760af8,energy_reg_kcal_100g,128.0
3fe9734c-c38f-42a6-85bf-f0281752e8ea,energy_reg_kcal_100g,177.0
4c3d49b5-5471-432a-a259-b662b1f6b862,energy_reg_kcal_100g,346.0
08226f84-c557-4eb0-b805-a7a4004d1fe3,energy_reg_kcal_100g,244.0
0f29b08f-27ca-405b-ba3f-da4511d90c1f,energy_reg_kcal_100g,367.0
29737eff-fbab-45b7-bdfe-51aba40f7b85,energy_reg_kcal_100g,346.0
05eb140e-0246-47a8-b1d8-27f4957b3949,energy_reg_kcal_100g,497.0
30e0ee8d-4cf7-46bd-a62a-66714d8cd521,energy_reg_kcal_100g,172.0
7b887f04-1988-44dd-b74e-66938372902a,energy_reg_kcal_100g,141.0
4e1b279a-4454-414c-9241-c329e03f1995,energy_reg_kcal_100g,130.0
81e5a2f9-3e0c-42c9-a071-c4df692e7f31,energy_reg_kcal_100g,125.0
01e424c9-6471-46b7-8244-16c9a59bcc58,energy_reg_kcal_100g,261.0
a2e8f29f-07e2-490f-93c5-92134ac4d00b,energy_reg_kcal_100g,195.0
a9c3a0c2-605a-4103-a495-201402935bc5,energy_reg_kcal_100g,99.2
3f144310-58a7-4fe6-9bf2-0ce9d99ee5be,energy_reg_kcal_100g,47.3
738bd788-fd21-4363-9de0-ddc35b6813fa,energy_reg_kcal_100g,340.0
861b94d9-60da-4f46-804c-0756f4330661,energy_reg_kcal_100g,134.0
b5bfad5a-4a04-4ab6-8c8b-788397734cb2,energy_reg_kcal_100g,145.0
9c0738ab-d020-4a98-9b81-af71f7c0b878,energy_reg_kcal_100g,140.0
4d4af9ab-dd8c-4b49-be81-dd79ff210485,energy_reg_kcal_100g,307.0
2eb62878-3eb9-42ea-9a63-2691148a217c,energy_reg_kcal_100g,44.1
cc5e0af0-473e-4268-9bf2-bac740f2fab1,energy_reg_kcal_100g,47.0
ade5e763-3b9c-4947-af9d-7ff570546027,energy_reg_kcal_100g,46.4
763a92df-6900-488d-a92a-eee913d830cb,energy_reg_kcal_100g,45.5
0e04f7a5-230a-4ef6-bfc3-d803435d33bd,energy_reg_kcal_100g,49.4
d62036e2-ba65-4a28-aad2-ee568cb4b498,energy_reg_kcal_100g,423.0
6ff5f533-7197-4f48-b475-c16544a21db5,energy_reg_kcal_100g,406.0
c1a9efe3-a0c5-4d04-b942-68d3fce22837,energy_reg_kcal_100g,285.0
df607bfa-3921-4ac6-be34-119b349e9588,energy_reg_kcal_100g,227.0
d281ed75-f3cd-4916-bd9d-7fc4fc48942b,energy_reg_kcal_100g,260.0
8c68a448-5cf5-4ba4-834a-d6dd13f55496,energy_reg_kcal_100g,0.0
533c1962-b367-47ca-9d82-5910931fab39,energy_reg_kcal_100g,188.0
e99c3905-a22c-45b7-b99d-5d45edec89b1,energy_reg_kcal_100g,36.3
2b51cbcc-360d-4b29-aa3d-bc4c1a017f6c,energy_reg_kcal_100g,82.1
834d0ee9-e18e-454d-affb-bb0096078817,energy_reg_kcal_100g,591.0
46abb1a9-f4c1-4dc1-8799-ac50ee190ee5,energy_reg_kcal_100g,400.0
1db8868c-7aea-4358-8e8e-f2f33f427798,energy_reg_kcal_100g,391.0
e3fbdb74-16a8-4680-9cd0-16044b435725,energy_reg_kcal_100g,900.0
ac82c478-aeb7-4b4d-abf6-8c5ff6207732,energy_reg_kcal_100g,0.0
274e083e-46d2-4cce-b79a-a3a711d81248,energy_reg_kcal_100g,301.0
862f5667-0461-4212-9246-2a8104ee3288,energy_reg_kcal_100g,330.0
5e615f07-5e6b-403b-b1f7-47d4df6c9ed7,energy_reg_kcal_100g,243.0
9a652d31-eda3-4fe7-8e83-7ead894ca0e2,energy_reg_kcal_100g,507.0
663312e9-6d02-4cfe-aaf7-8616a2b41629,energy_reg_kcal_100g,32.9
1fb6ee8a-65e8-4da5-891f-9b1f64a1179a,energy_reg_kcal_100g,29.7
85b41f4f-b07a-4a17-9044-d09b8d16ee60,energy_reg_kcal_100g,43.0
c9ce1563-cea5-4ab9-b51b-c3951098bd35,energy_reg_kcal_100g,57.6
0d565da3-5008-4699-a3a2-c13575d82d8a,energy_reg_kcal_100g,127.0
940d778a-3303-4e51-83d5-dfdd64192939,energy_reg_kcal_100g,283.0
e0dadf12-938f-45d9-a885-3e8df7ec3fe0,energy_jones_kj_100g,843.0
bd8d6fd3-2406-435d-9a92-c1546127e8e5,energy_jones_kj_100g,169.0
69da9d55-f3f4-4db3-8618-1fa505555874,energy_jones_kj_100g,81.1
e951267c-50f9-4470-b1c5-18656e75e013,energy_jones_kj_100g,142.0
fcfdcc0b-9a9c-4e6c-a749-6de288235780,energy_jones_kj_100g,78.8
c75c5ce4-d2df-4f60-b94c-e97454df8e0d,energy_jones_kj_100g,64.9
7e156dd4-2857-43bb-9aa2-e8273f5d4544,energy_jones_kj_100g,447.0
0261cb12-1fd6-46e1-9e3a-8064f63e6b45,energy_jones_kj_100g,258.0
3316b6df-9f99-4571-ba2e-4e26112c269d,energy_jones_kj_100g,169.0
dfb9e001-42d6-45d1-adf9-1e1ef5b8b618,energy_jones_kj_100g,115.0
ac683f79-bc03-46e6-bf1a-0b224deab0f5,energy_jones_kj_100g,106.0
1e0718a6-48ba-4fd4-93c0-1ea52f162c9d,energy_jones_kj_100g,117.0
9448e2cd-16f6-448b-927f-d41bb963a4b5,energy_jones_kj_100g,265.0
23786e95-97bf-461b-8108-59f08f119dad,energy_jones_kj_100g,487.0
f81df9f4-b6f1-4a5f-9091-9f483352c601,energy_jones_kj_100g,383.0
2d70d5a7-4248-41b0-b876-066c7cf60f44,energy_jones_kj_100g,314.0
952c1496-b636-4dd7-801a-f7ca9f204c7c,energy_jones_kj_100g,192.0
5d0e3e32-be42-46bf-94ad-13403cf6fa08,energy_jones_kj_100g,165.0
556c3a77-8cc1-4f91-8862-a1277fde9320,energy_jones_kj_100g,169.0
bcc613a8-72f2-455a-8126-953b1ec1685d,energy_jones_kj_100g,230.0
18a86eb1-0980-47d3-bf22-30b1cb43aa6a,energy_jones_kj_100g,195.0
d1903e60-1cc6-4e1b-92d1-dfdc0dfc2da5,energy_jones_kj_100g,665.0
3d9f99f2-69c6-4e09-aaa5-d296d278f643,energy_jones_kj_100g,612.0
b6409eaf-e437-4b1d-a51b-540673e73a14,energy_jones_kj_100g,625.0
205b2afd-157e-4d0d-ba24-b08af3951198,energy_jones_kj_100g,529.0
91fc3f81-74fe-438a-aebe-56931dcec2c6,energy_jones_kj_100g,702.0
7351d18f-86e3-4c84-9de1-b79b89760af8,energy_jones_kj_100g,535.0
3fe9734c-c38f-42a6-85bf-f0281752e8ea,energy_jones_kj_100g,748.0
4c3d49b5-5471-432a-a259-b662b1f6b862,energy_jones_kj_100g,1460.0
08226f84-c557-4eb0-b805-a7a4004d1fe3,energy_jones_kj_100g,1020.0
0f29b08f-27ca-405b-ba3f-da4511d90c1f,energy_jones_kj_100g,1530.0
29737eff-fbab-45b7-bdfe-51aba40f7b85,energy_jones_kj_100g,1450.0
05eb140e-0246-47a8-b1d8-27f4957b3949,energy_jones_kj_100g,2070.0
30e0ee8d-4cf7-46bd-a62a-66714d8cd521,energy_jones_kj_100g,728.0
7b887f04-1988-44dd-b74e-66938372902a,energy_jones_kj_100g,598.0
4e1b279a-4454-414c-9241-c329e03f1995,energy_jones_kj_100g,547.0
81e5a2f9-3e0c-42c9-a071-c4df692e7f31,energy_jones_kj_100g,527.0
01e424c9-6471-46b7-8244-16c9a59bcc58,energy_jones_kj_100g,1080.0
a2e8f29f-07e2-490f-93c5-92134ac4d00b,energy_jones_kj_100g,811.0
a9c3a0c2-605a-4103-a495-201402935bc5,energy_jones_kj_100g,420.0
3f144310-58a7-4fe6-9bf2-0ce9d99ee5be,energy_jones_kj_100g,201.0
738bd788-fd21-4363-9de0-ddc35b6813fa,energy_jones_kj_100g,1410.0
861b94d9-60da-4f46-804c-0756f4330661,energy_jones_kj_100g,557.0
b5bfad5a-4a04-4ab6-8c8b-788397734cb2,energy_jones_kj_100g,604.0
9c0738ab-d020-4a98-9b81-af71f7c0b878,energy_jones_kj_100g,584.0
4d4af9ab-dd8c-4b49-be81-dd79ff210485,energy_jones_kj_100g,1270.0
2eb62878-3eb9-42ea-9a63-2691148a217c,energy_jones_kj_100g,187.0
cc5e0af0-473e-4268-9bf2-bac740f2fab1,energy_jones_kj_100g,199.0
ade5e763-3b9c-4947-af9d-7ff570546027,energy_jones_kj_100g,197.0
763a92df-6900-488d-a92a-eee913d830cb,energy_jones_kj_100g,192.0
0e04f7a5-230a-4ef6-bfc3-d803435d33bd,energy_jones_kj_100g,213.0
d62036e2-ba65-4a28-aad2-ee568cb4b498,energy_jones_kj_100g,1770.0
6ff5f533-7197-4f48-b475-c16544a21db5,energy_jones_kj_100g,1700.0
c1a9efe3-a0c5-4d04-b942-68d3fce22837,energy_jones_kj_100g,1190.0
df607bfa-3921-4ac6-be34-119b349e9588,energy_jones_kj_100g,949.0
d281ed75-f3cd-4916-bd9d-7fc4fc48942b,energy_jones_kj_100g,1080.0
8c68a448-5cf5-4ba4-834a-d6dd13f55496,energy_jones_kj_100g,0.0
533c1962-b367-47ca-9d82-5910931fab39,energy_jones_kj_100g,775.0
e99c3905-a22c-45b7-b99d-5d45edec89b1,energy_jones_kj_100g,150.0
2b51cbcc-360d-4b29-aa3d-bc4c1a017f6c,energy_jones_kj_100g,341.0
834d0ee9-e18e-454d-affb-bb0096078817,energy_jones_kj_100g,2450.0
46abb1a9-f4c1-4dc1-8799-ac50ee190ee5,energy_jones_kj_100g,1680.0
1db8868c-7aea-4358-8e8e-f2f33f427798,energy_jones_kj_100g,1610.0
e3fbdb74-16a8-4680-9cd0-16044b435725,energy_jones_kj_100g,3700.0
ac82c478-aeb7-4b4d-abf6-8c5ff6207732,energy_jones_kj_100g,0.0
274e083e-46d2-4cce-b79a-a3a711d81248,energy_jones_kj_100g,1230.0
862f5667-0461-4212-9246-2a8104ee3288,energy_jones_kj_100g,1380.0
5e615f07-5e6b-403b-b1f7-47d4df6c9ed7,energy_jones_kj_100g,1000.0
9a652d31-eda3-4fe7-8e83-7ead894ca0e2,energy_jones_kj_100g,2080.0
663312e9-6d02-4cfe-aaf7-8616a2b41629,energy_jones_kj_100g,137.0
1fb6ee8a-65e8-4da5-891f-9b1f64a1179a,energy_jones_kj_100g,124.0
85b41f4f-b07a-4a17-9044-d09b8d16ee60,energy_jones_kj_100g,180.0
c9ce1563-cea5-4ab9-b51b-c3951098bd35,energy_jones_kj_100g,240.0
0d565da3-5008-4699-a3a2-c13575d82d8a,energy_jones_kj_100g,538.0
940d778a-3303-4e51-83d5-dfdd64192939,energy_jones_kj_100g,1170.0
e0dadf12-938f-45d9-a885-3e8df7ec3fe0,energy_jones_kcal_100g,205.0
bd8d6fd3-2406-435d-9a92-c1546127e8e5,energy_jones_kcal_100g,40.2
69da9d55-f3f4-4db3-8618-1fa505555874,energy_jones_kcal_100g,19.3
e951267c-50f9-4470-b1c5-18656e75e013,energy_jones_kcal_100g,33.7
fcfdcc0b-9a9c-4e6c-a749-6de288235780,energy_jones_kcal_100g,18.9
c75c5ce4-d2df-4f60-b94c-e97454df8e0d,energy_jones_kcal_100g,15.5
7e156dd4-2857-43bb-9aa2-e8273f5d4544,energy_jones_kcal_100g,106.0
0261cb12-1fd6-46e1-9e3a-8064f63e6b45,energy_jones_kcal_100g,60.9
3316b6df-9f99-4571-ba2e-4e26112c269d,energy_jones_kcal_100g,40.2
dfb9e001-42d6-45d1-adf9-1e1ef5b8b618,energy_jones_kcal_100g,27.6
ac683f79-bc03-46e6-bf1a-0b224deab0f5,energy_jones_kcal_100g,25.3
1e0718a6-48ba-4fd4-93c0-1ea52f162c9d,energy_jones_kcal_100g,28.1
9448e2cd-16f6-448b-927f-d41bb963a4b5,energy_jones_kcal_100g,62.8
23786e95-97bf-461b-8108-59f08f119dad,energy_jones_kcal_100g,116.0
f81df9f4-b6f1-4a5f-9091-9f483352c601,energy_jones_kcal_100g,90.5
2d70d5a7-4248-41b0-b876-066c7cf60f44,energy_jones_kcal_100g,73.9
952c1496-b636-4dd7-801a-f7ca9f204c7c,energy_jones_kcal_100g,45.5
5d0e3e32-be42-46bf-94ad-13403cf6fa08,energy_jones_kcal_100g,38.9
556c3a77-8cc1-4f91-8862-a1277fde9320,energy_jones_kcal_100g,39.8
bcc613a8-72f2-455a-8126-953b1ec1685d,energy_jones_kcal_100g,54.5
18a86eb1-0980-47d3-bf22-30b1cb43aa6a,energy_jones_kcal_100g,46.1
d1903e60-1cc6-4e1b-92d1-dfdc0dfc2da5,energy_jones_kcal_100g,157.0
3d9f99f2-69c6-4e09-aaa5-d296d278f643,energy_jones_kcal_100g,144.0
b6409eaf-e437-4b1d-a51b-540673e73a14,energy_jones_kcal_100g,148.0
205b2afd-157e-4d0d-ba24-b08af3951198,energy_jones_kcal_100g,125.0
91fc3f81-74fe-438a-aebe-56931dcec2c6,energy_jones_kcal_100g,166.0
7351d18f-86e3-4c84-9de1-b79b89760af8,energy_jones_kcal_100g,127.0
3fe9734c-c38f-42a6-85bf-f0281752e8ea,energy_jones_kcal_100g,177.0
4c3d49b5-5471-432a-a259-b662b1f6b862,energy_jones_kcal_100g,346.0
08226f84-c557-4eb0-b805-a7a4004d1fe3,energy_jones_kcal_100g,241.0
0f29b08f-27ca-405b-ba3f-da4511d90c1f,energy_jones_kcal_100g,364.0
29737eff-fbab-45b7-bdfe-51aba40f7b85,energy_jones_kcal_100g,341.0
05eb140e-0246-47a8-b1d8-27f4957b3949,energy_jones_kcal_100g,494.0
30e0ee8d-4cf7-46bd-a62a-66714d8cd521,energy_jones_kcal_100g,172.0
7b887f04-1988-44dd-b74e-66938372902a,energy_jones_kcal_100g,141.0
4e1b279a-4454-414c-9241-c329e03f1995,energy_jones_kcal_100g,130.0
81e5a2f9-3e0c-42c9-a071-c4df692e7f31,energy_jones_kcal_100g,125.0
01e424c9-6471-46b7-8244-16c9a59bcc58,energy_jones_kcal_100g,261.0
a2e8f29f-07e2-490f-93c5-92134ac4d00b,energy_jones_kcal_100g,195.0
a9c3a0c2-605a-4103-a495-201402935bc5,energy_jones_kcal_100g,99.2
3f144310-58a7-4fe6-9bf2-0ce9d99ee5be,energy_jones_kcal_100g,47.3
738bd788-fd21-4363-9de0-ddc35b6813fa,energy_jones_kcal_100g,340.0
861b94d9-60da-4f46-804c-0756f4330661,energy_jones_kcal_100g,134.0
b5bfad5a-4a04-4ab6-8c8b-788397734cb2,energy_jones_kcal_100g,145.0
9c0738ab-d020-4a98-9b81-af71f7c0b878,energy_jones_kcal_100g,140.0
4d4af9ab-dd8c-4b49-be81-dd79ff210485,energy_jones_kcal_100g,307.0
2eb62878-3eb9-42ea-9a63-2691148a217c,energy_jones_kcal_100g,44.4
cc5e0af0-473e-4268-9bf2-bac740f2fab1,energy_jones_kcal_100g,47.3
ade5e763-3b9c-4947-af9d-7ff570546027,energy_jones_kcal_100g,46.7
763a92df-6900-488d-a92a-eee913d830cb,energy_jones_kcal_100g,45.8
0e04f7a5-230a-4ef6-bfc3-d803435d33bd,energy_jones_kcal_100g,50.1
d62036e2-ba65-4a28-aad2-ee568cb4b498,energy_jones_kcal_100g,426.0
6ff5f533-7197-4f48-b475-c16544a21db5,energy_jones_kcal_100g,409.0
c1a9efe3-a0c5-4d04-b942-68d3fce22837,energy_jones_kcal_100g,286.0
df607bfa-3921-4ac6-be34-119b349e9588,energy_jones_kcal_100g,229.0
d281ed75-f3cd-4916-bd9d-7fc4fc48942b,energy_jones_kcal_100g,261.0
8c68a448-5cf5-4ba4-834a-d6dd13f55496,energy_jones_kcal_100g,0.0
533c1962-b367-47ca-9d82-5910931fab39,energy_jones_kcal_100g,188.0
e99c3905-a22c-45b7-b99d-5d45edec89b1,energy_jones_kcal_100g,36.3
2b51cbcc-360d-4b29-aa3d-bc4c1a017f6c,energy_jones_kcal_100g,82.1
834d0ee9-e18e-454d-affb-bb0096078817,energy_jones_kcal_100g,591.0
46abb1a9-f4c1-4dc1-8799-ac50ee190ee5,energy_jones_kcal_100g,400.0
1db8868c-7aea-4358-8e8e-f2f33f427798,energy_jones_kcal_100g,391.0
e3fbdb74-16a8-4680-9cd0-16044b435725,energy_jones_kcal_100g,900.0
ac82c478-aeb7-4b4d-abf6-8c5ff6207732,energy_jones_kcal_100g,0.0
274e083e-46d2-4cce-b79a-a3a711d81248,energy_jones_kcal_100g,301.0
862f5667-0461-4212-9246-2a8104ee3288,energy_jones_kcal_100g,330.0
5e615f07-5e6b-403b-b1f7-47d4df6c9ed7,energy_jones_kcal_100g,243.0
9a652d31-eda3-4fe7-8e83-7ead894ca0e2,energy_jones_kcal_100g,504.0
663312e9-6d02-4cfe-aaf7-8616a2b41629,energy_jones_kcal_100g,32.9
1fb6ee8a-65e8-4da5-891f-9b1f64a1179a,energy_jones_kcal_100g,29.7
85b41f4f-b07a-4a17-9044-d09b8d16ee60,energy_jones_kcal_100g,43.0
c9ce1563-cea5-4ab9-b51b-c3951098bd35,energy_jones_kcal_100g,57.6
0d565da3-5008-4699-a3a2-c13575d82d8a,energy_jones_kcal_100g,127.0
940d778a-3303-4e51-83d5-dfdd64192939,energy_jones_kcal_100g,283.0
e0dadf12-938f-45d9-a885-3e8df7ec3fe0,water_g_100g,70.3
bd8d6fd3-2406-435d-9a92-c1546127e8e5,water_g_100g,88.1
b05db49a-9212-44d3-9187-1da7870c1c9f,water_g_100g,95.3
69da9d55-f3f4-4db3-8618-1fa505555874,water_g_100g,94.1
e951267c-50f9-4470-b1c5-18656e75e013,water_g_100g,90.1
970da6dd-6580-4081-8d47-0a1d30d16b6c,water_g_100g,92.5
fcfdcc0b-9a9c-4e6c-a749-6de288235780,water_g_100g,93.0
c75c5ce4-d2df-4f60-b94c-e97454df8e0d,water_g_100g,93.8
94557fa4-d2b4-4a78-a3d3-5d0ba730d6bc,water_g_100g,94.1
06462060-5201-41ec-a968-03c01edd23bc,water_g_100g,90.4
b13e98d9-aaaf-4554-8177-8981f2ef0076,water_g_100g,73.4
7e156dd4-2857-43bb-9aa2-e8273f5d4544,water_g_100g,75.4
39ce4bb8-b5a4-42b5-96d9-fab0dac1a0dd,water_g_100g,90.2
0261cb12-1fd6-46e1-9e3a-8064f63e6b45,water_g_100g,83.5
2d0b224f-0e8c-469e-99e3-093f678fbbb9,water_g_100g,94.3
f4621eaf-aab9-4967-a365-2dee2b2ec1d3,water_g_100g,88.2
3316b6df-9f99-4571-ba2e-4e26112c269d,water_g_100g,88.1
dfb9e001-42d6-45d1-adf9-1e1ef5b8b618,water_g_100g,91.2
ac683f79-bc03-46e6-bf1a-0b224deab0f5,water_g_100g,92.6
1e0718a6-48ba-4fd4-93c0-1ea52f162c9d,water_g_100g,91.9
9448e2cd-16f6-448b-927f-d41bb963a4b5,water_g_100g,78.0
23786e95-97bf-461b-8108-59f08f119dad,water_g_100g,65.0
d8c6e29e-5eaa-401f-aa0a-dc74d777a907,water_g_100g,72.1
3ffa59aa-e01d-4712-8f0d-d5f32d3e1ae1,water_g_100g,65.1
f81df9f4-b6f1-4a5f-9091-9f483352c601,water_g_100g,75.8
2d70d5a7-4248-41b0-b876-066c7cf60f44,water_g_100g,81.1
952c1496-b636-4dd7-801a-f7ca9f204c7c,water_g_100g,87.3
5d0e3e32-be42-46bf-94ad-13403cf6fa08,water_g_100g,91.0
556c3a77-8cc1-4f91-8862-a1277fde9320,water_g_100g,89.3
fcff9b94-2817-4101-af7a-d7fb3117c338,water_g_100g,85.1
bcc613a8-72f2-455a-8126-953b1ec1685d,water_g_100g,85.5
18a86eb1-0980-47d3-bf22-30b1cb43aa6a,water_g_100g,87.6
d098a17d-e3b9-4c47-ab88-2a21e475e998,water_g_100g,84.5
da378dc0-6e62-4923-aabb-126110ded991,water_g_100g,4.51
99574f09-8377-49bd-a2c6-cf945ac2cc62,water_g_100g,5.8
5cb37a41-7891-44a3-b90c-f6cdda409445,water_g_100g,1.23
d1903e60-1cc6-4e1b-92d1-dfdc0dfc2da5,water_g_100g,60.4
3d9f99f2-69c6-4e09-aaa5-d296d278f643,water_g_100g,63.9
b6409eaf-e437-4b1d-a51b-540673e73a14,water_g_100g,61.6
205b2afd-157e-4d0d-ba24-b08af3951198,water_g_100g,68.3
91fc3f81-74fe-438a-aebe-56931dcec2c6,water_g_100g,59.1
7351d18f-86e3-4c84-9de1-b79b89760af8,water_g_100g,67.5
3fe9734c-c38f-42a6-85bf-f0281752e8ea,water_g_100g,55.5
4c3d49b5-5471-432a-a259-b662b1f6b862,water_g_100g,13.6
08226f84-c557-4eb0-b805-a7a4004d1fe3,water_g_100g,36.6
0f29b08f-27ca-405b-ba3f-da4511d90c1f,water_g_100g,10.1
29737eff-fbab-45b7-bdfe-51aba40f7b85,water_g_100g,13.2
05eb140e-0246-47a8-b1d8-27f4957b3949,water_g_100g,3.9
30e0ee8d-4cf7-46bd-a62a-66714d8cd521,water_g_100g,59.4
7b887f04-1988-44dd-b74e-66938372902a,water_g_100g,67.5
4e1b279a-4454-414c-9241-c329e03f1995,water_g_100g,74.0
81e5a2f9-3e0c-42c9-a071-c4df692e7f31,water_g_100g,73.3
01e424c9-6471-46b7-8244-16c9a59bcc58,water_g_100g,54.6
28f898ab-dc19-4905-9ff6-62d5477600f7,water_g_100g,62.5
a2e8f29f-07e2-490f-93c5-92134ac4d00b,water_g_100g,64.2
a9c3a0c2-605a-4103-a495-201402935bc5,water_g_100g,74.1
3f144310-58a7-4fe6-9bf2-0ce9d99ee5be,water_g_100g,87.8
738bd788-fd21-4363-9de0-ddc35b6813fa,water_g_100g,50.3
861b94d9-60da-4f46-804c-0756f4330661,water_g_100g,76.5
b5bfad5a-4a04-4ab6-8c8b-788397734cb2,water_g_100g,76.4
9c0738ab-d020-4a98-9b81-af71f7c0b878,water_g_100g,76.3
4d4af9ab-dd8c-4b49-be81-dd79ff210485,water_g_100g,55.0
2eb62878-3eb9-42ea-9a63-2691148a217c,water_g_100g,89.7
cc5e0af0-473e-4268-9bf2-bac740f2fab1,water_g_100g,89.4
ade5e763-3b9c-4947-af9d-7ff570546027,water_g_100g,89.4
763a92df-6900-488d-a92a-eee913d830cb,water_g_100g,88.6
323a942d-3817-4317-8a01-e1099026f744,water_g_100g,80.4
0e04f7a5-230a-4ef6-bfc3-d803435d33bd,water_g_100g,86.5
d62036e2-ba65-4a28-aad2-ee568cb4b498,water_g_100g,32.5
6ff5f533-7197-4f48-b475-c16544a21db5,water_g_100g,30.4
c1a9efe3-a0c5-4d04-b942-68d3fce22837,water_g_100g,55.2
df607bfa-3921-4ac6-be34-119b349e9588,water_g_100g,62.7
d281ed75-f3cd-4916-bd9d-7fc4fc48942b,water_g_100g,61.3
04382c90-f07b-4268-b358-f4936f5b8c78,water_g_100g,72.4
8c68a448-5cf5-4ba4-834a-d6dd13f55496,water_g_100g,100.0
533c1962-b367-47ca-9d82-5910931fab39,water_g_100g,75.1
e99c3905-a22c-45b7-b99d-5d45edec89b1,water_g_100g,94.6
2b51cbcc-360d-4b29-aa3d-bc4c1a017f6c,water_g_100g,86.8
fec29009-a951-4587-9265-27e240e03112,water_g_100g,87.8
deb22a25-4fde-4ac9-a6c7-e17be1a3ba00,water_g_100g,17.6
e1688763-0981-4614-a70c-b18893bcd53b,water_g_100g,0.17
36c30c73-3777-46ee-bfe2-87df2cde70d9,water_g_100g,32.3
834d0ee9-e18e-454d-affb-bb0096078817,water_g_100g,0.9
46abb1a9-f4c1-4dc1-8799-ac50ee190ee5,water_g_100g,9.21
352d9c01-c3ee-411e-9813-9ce3eae4c698,water_g_100g,59.0
1db8868c-7aea-4358-8e8e-f2f33f427798,water_g_100g,54.1
e3fbdb74-16a8-4680-9cd0-16044b435725,water_g_100g,0.1
e4f9dca3-4573-4d6e-8fec-6e0d8a7bb48f,water_g_100g,81.4
ac82c478-aeb7-4b4d-abf6-8c5ff6207732,water_g_100g,3.75
274e083e-46d2-4cce-b79a-a3a711d81248,water_g_100g,8.8
862f5667-0461-4212-9246-2a8104ee3288,water_g_100g,9.0
5e615f07-5e6b-403b-b1f7-47d4df6c9ed7,water_g_100g,10.6
9a652d31-eda3-4fe7-8e83-7ead894ca0e2,water_g_100g,6.22
663312e9-6d02-4cfe-aaf7-8616a2b41629,water_g_100g,90.9
1fb6ee8a-65e8-4da5-891f-9b1f64a1179a,water_g_100g,90.6
85b41f4f-b07a-4a17-9044-d09b8d16ee60,water_g_100g,85.5
c9ce1563-cea5-4ab9-b51b-c3951098bd35,water_g_100g,82.1
0d565da3-5008-4699-a3a2-c13575d82d8a,water_g_100g,65.4
940d778a-3303-4e51-83d5-dfdd64192939,water_g_100g,7.1
e0dadf12-938f-45d9-a885-3e8df7ec3fe0,protein_jones_g_100g,1.56
bd8d6fd3-2406-435d-9a92-c1546127e8e5,protein_jones_g_100g,0.63
b05db49a-9212-44d3-9187-1da7870c1c9f,protein_jones_g_100g,1.3
69da9d55-f3f4-4db3-8618-1fa505555874,protein_jones_g_100g,0.86
e951267c-50f9-4470-b1c5-18656e75e013,protein_jones_g_100g,1.31
970da6dd-6580-4081-8d47-0a1d30d16b6c,protein_jones_g_100g,2.1
fcfdcc0b-9a9c-4e6c-a749-6de288235780,protein_jones_g_100g,0.55
c75c5ce4-d2df-4f60-b94c-e97454df8e0d,protein_jones_g_100g,0.93
94557fa4-d2b4-4a78-a3d3-5d0ba730d6bc,protein_jones_g_100g,0.83
06462060-5201-41ec-a968-03c01edd23bc,protein_jones_g_100g,1.3
b13e98d9-aaaf-4554-8177-8981f2ef0076,protein_jones_g_100g,3.41
7e156dd4-2857-43bb-9aa2-e8273f5d4544,protein_jones_g_100g,2.82
39ce4bb8-b5a4-42b5-96d9-fab0dac1a0dd,protein_jones_g_100g,1.4
0261cb12-1fd6-46e1-9e3a-8064f63e6b45,protein_jones_g_100g,1.56
2d0b224f-0e8c-469e-99e3-093f678fbbb9,protein_jones_g_100g,0.95
f4621eaf-aab9-4967-a365-2dee2b2ec1d3,protein_jones_g_100g,2.05
3316b6df-9f99-4571-ba2e-4e26112c269d,protein_jones_g_100g,1.56
dfb9e001-42d6-45d1-adf9-1e1ef5b8b618,protein_jones_g_100g,1.13
ac683f79-bc03-46e6-bf1a-0b224deab0f5,protein_jones_g_100g,1.0
1e0718a6-48ba-4fd4-93c0-1ea52f162c9d,protein_jones_g_100g,3.38
9448e2cd-16f6-448b-927f-d41bb963a4b5,protein_jones_g_100g,1.69
23786e95-97bf-461b-8108-59f08f119dad,protein_jones_g_100g,9.63
d8c6e29e-5eaa-401f-aa0a-dc74d777a907,protein_jones_g_100g,6.74
3ffa59aa-e01d-4712-8f0d-d5f32d3e1ae1,protein_jones_g_100g,10.6
f81df9f4-b6f1-4a5f-9091-9f483352c601,protein_jones_g_100g,1.06
2d70d5a7-4248-41b0-b876-066c7cf60f44,protein_jones_g_100g,0.63
952c1496-b636-4dd7-801a-f7ca9f204c7c,protein_jones_g_100g,0.75
5d0e3e32-be42-46bf-94ad-13403cf6fa08,protein_jones_g_100g,0.69
556c3a77-8cc1-4f91-8862-a1277fde9320,protein_jones_g_100g,0.5
fcff9b94-2817-4101-af7a-d7fb3117c338,protein_jones_g_100g,0.3
bcc613a8-72f2-455a-8126-953b1ec1685d,protein_jones_g_100g,0.5
18a86eb1-0980-47d3-bf22-30b1cb43aa6a,protein_jones_g_100g,0.63
d098a17d-e3b9-4c47-ab88-2a21e475e998,protein_jones_g_100g,1.11
da378dc0-6e62-4923-aabb-126110ded991,protein_jones_g_100g,21.4
99574f09-8377-49bd-a2c6-cf945ac2cc62,protein_jones_g_100g,16.5
5cb37a41-7891-44a3-b90c-f6cdda409445,protein_jones_g_100g,22.2
d1903e60-1cc6-4e1b-92d1-dfdc0dfc2da5,protein_jones_g_100g,3.21
3d9f99f2-69c6-4e09-aaa5-d296d278f643,protein_jones_g_100g,2.92
b6409eaf-e437-4b1d-a51b-540673e73a14,protein_jones_g_100g,4.66
205b2afd-157e-4d0d-ba24-b08af3951198,protein_jones_g_100g,3.99
91fc3f81-74fe-438a-aebe-56931dcec2c6,protein_jones_g_100g,5.76
7351d18f-86e3-4c84-9de1-b79b89760af8,protein_jones_g_100g,4.55
3fe9734c-c38f-42a6-85bf-f0281752e8ea,protein_jones_g_100g,5.01
4c3d49b5-5471-432a-a259-b662b1f6b862,protein_jones_g_100g,8.1
08226f84-c557-4eb0-b805-a7a4004d1fe3,protein_jones_g_100g,8.38
0f29b08f-27ca-405b-ba3f-da4511d90c1f,protein_jones_g_100g,13.3
29737eff-fbab-45b7-bdfe-51aba40f7b85,protein_jones_g_100g,13.6
05eb140e-0246-47a8-b1d8-27f4957b3949,protein_jones_g_100g,7.58
30e0ee8d-4cf7-46bd-a62a-66714d8cd521,protein_jones_g_100g,34.0
7b887f04-1988-44dd-b74e-66938372902a,protein_jones_g_100g,30.1
4e1b279a-4454-414c-9241-c329e03f1995,protein_jones_g_100g,21.9
81e5a2f9-3e0c-42c9-a071-c4df692e7f31,protein_jones_g_100g,20.8
01e424c9-6471-46b7-8244-16c9a59bcc58,protein_jones_g_100g,14.7
28f898ab-dc19-4905-9ff6-62d5477600f7,protein_jones_g_100g,15.8
a2e8f29f-07e2-490f-93c5-92134ac4d00b,protein_jones_g_100g,18.6
a9c3a0c2-605a-4103-a495-201402935bc5,protein_jones_g_100g,16.2
3f144310-58a7-4fe6-9bf2-0ce9d99ee5be,protein_jones_g_100g,10.3
738bd788-fd21-4363-9de0-ddc35b6813fa,protein_jones_g_100g,16.0
861b94d9-60da-4f46-804c-0756f4330661,protein_jones_g_100g,13.5
b5bfad5a-4a04-4ab6-8c8b-788397734cb2,protein_jones_g_100g,9.99
9c0738ab-d020-4a98-9b81-af71f7c0b878,protein_jones_g_100g,12.7
4d4af9ab-dd8c-4b49-be81-dd79ff210485,protein_jones_g_100g,15.5
2eb62878-3eb9-42ea-9a63-2691148a217c,protein_jones_g_100g,3.38
cc5e0af0-473e-4268-9bf2-bac740f2fab1,protein_jones_g_100g,3.38
ade5e763-3b9c-4947-af9d-7ff570546027,protein_jones_g_100g,3.19
763a92df-6900-488d-a92a-eee913d830cb,protein_jones_g_100g,3.96
323a942d-3817-4317-8a01-e1099026f744,protein_jones_g_100g,3.32
0e04f7a5-230a-4ef6-bfc3-d803435d33bd,protein_jones_g_100g,7.95
d62036e2-ba65-4a28-aad2-ee568cb4b498,protein_jones_g_100g,28.4
6ff5f533-7197-4f48-b475-c16544a21db5,protein_jones_g_100g,31.1
c1a9efe3-a0c5-4d04-b942-68d3fce22837,protein_jones_g_100g,15.1
df607bfa-3921-4ac6-be34-119b349e9588,protein_jones_g_100g,16.5
d281ed75-f3cd-4916-bd9d-7fc4fc48942b,protein_jones_g_100g,14.5
04382c90-f07b-4268-b358-f4936f5b8c78,protein_jones_g_100g,2.96
8c68a448-5cf5-4ba4-834a-d6dd13f55496,protein_jones_g_100g,0.0
533c1962-b367-47ca-9d82-5910931fab39,protein_jones_g_100g,1.77
e99c3905-a22c-45b7-b99d-5d45edec89b1,protein_jones_g_100g,1.06
2b51cbcc-360d-4b29-aa3d-bc4c1a017f6c,protein_jones_g_100g,0.07
fec29009-a951-4587-9265-27e240e03112,protein_jones_g_100g,0.5
deb22a25-4fde-4ac9-a6c7-e17be1a3ba00,protein_jones_g_100g,0.56
e1688763-0981-4614-a70c-b18893bcd53b,protein_jones_g_100g,0.0
36c30c73-3777-46ee-bfe2-87df2cde70d9,protein_jones_g_100g,0.04
834d0ee9-e18e-454d-affb-bb0096078817,protein_jones_g_100g,10.4
46abb1a9-f4c1-4dc1-8799-ac50ee190ee5,protein_jones_g_100g,10.7
352d9c01-c3ee-411e-9813-9ce3eae4c698,protein_jones_g_100g,5.95
1db8868c-7aea-4358-8e8e-f2f33f427798,protein_jones_g_100g,0.5
e3fbdb74-16a8-4680-9cd0-16044b435725,protein_jones_g_100g,0.5
e4f9dca3-4573-4d6e-8fec-6e0d8a7bb48f,protein_jones_g_100g,1.41
ac82c478-aeb7-4b4d-abf6-8c5ff6207732,protein_jones_g_100g,0.0
274e083e-46d2-4cce-b79a-a3a711d81248,protein_jones_g_100g,14.5
862f5667-0461-4212-9246-2a8104ee3288,protein_jones_g_100g,13.3
5e615f07-5e6b-403b-b1f7-47d4df6c9ed7,protein_jones_g_100g,3.87
9a652d31-eda3-4fe7-8e83-7ead894ca0e2,protein_jones_g_100g,5.3
663312e9-6d02-4cfe-aaf7-8616a2b41629,protein_jones_g_100g,1.1
1fb6ee8a-65e8-4da5-891f-9b1f64a1179a,protein_jones_g_100g,2.57
85b41f4f-b07a-4a17-9044-d09b8d16ee60,protein_jones_g_100g,3.71
c9ce1563-cea5-4ab9-b51b-c3951098bd35,protein_jones_g_100g,3.52
0d565da3-5008-4699-a3a2-c13575d82d8a,protein_jones_g_100g,5.56
940d778a-3303-4e51-83d5-dfdd64192939,protein_jones_g_100g,11.5
e0dadf12-938f-45d9-a885-3e8df7ec3fe0,protein_625_g_100g,1.56
bd8d6fd3-2406-435d-9a92-c1546127e8e5,protein_625_g_100g,0.63
b05db49a-9212-44d3-9187-1da7870c1c9f,protein_625_g_100g,1.3
69da9d55-f3f4-4db3-8618-1fa505555874,protein_625_g_100g,0.86
e951267c-50f9-4470-b1c5-18656e75e013,protein_625_g_100g,1.31
970da6dd-6580-4081-8d47-0a1d30d16b6c,protein_625_g_100g,2.1
fcfdcc0b-9a9c-4e6c-a749-6de288235780,protein_625_g_100g,0.55
c75c5ce4-d2df-4f60-b94c-e97454df8e0d,protein_625_g_100g,0.93
94557fa4-d2b4-4a78-a3d3-5d0ba730d6bc,protein_625_g_100g,0.83
06462060-5201-41ec-a968-03c01edd23bc,protein_625_g_100g,1.3
b13e98d9-aaaf-4554-8177-8981f2ef0076,protein_625_g_100g,3.41
7e156dd4-2857-43bb-9aa2-e8273f5d4544,protein_625_g_100g,2.82
39ce4bb8-b5a4-42b5-96d9-fab0dac1a0dd,protein_625_g_100g,1.4
0261cb12-1fd6-46e1-9e3a-8064f63e6b45,protein_625_g_100g,1.56
2d0b224f-0e8c-469e-99e3-093f678fbbb9,protein_625_g_100g,0.95
f4621eaf-aab9-4967-a365-2dee2b2ec1d3,protein_625_g_100g,2.05
3316b6df-9f99-4571-ba2e-4e26112c269d,protein_625_g_100g,1.56
dfb9e001-42d6-45d1-adf9-1e1ef5b8b618,protein_625_g_100g,1.13
ac683f79-bc03-46e6-bf1a-0b224deab0f5,protein_625_g_100g,1.0
1e0718a6-48ba-4fd4-93c0-1ea52f162c9d,protein_625_g_100g,3.38
9448e2cd-16f6-448b-927f-d41bb963a4b5,protein_625_g_100g,1.69
23786e95-97bf-461b-8108-59f08f119dad,protein_625_g_100g,9.63
d8c6e29e-5eaa-401f-aa0a-dc74d777a907,protein_625_g_100g,6.74
3ffa59aa-e01d-4712-8f0d-d5f32d3e1ae1,protein_625_g_100g,10.6
f81df9f4-b6f1-4a5f-9091-9f483352c601,protein_625_g_100g,1.06
2d70d5a7-4248-41b0-b876-066c7cf60f44,protein_625_g_100g,0.63
952c1496-b636-4dd7-801a-f7ca9f204c7c,protein_625_g_100g,0.75
5d0e3e32-be42-46bf-94ad-13403cf6fa08,protein_625_g_100g,0.69
556c3a77-8cc1-4f91-8862-a1277fde9320,protein_625_g_100g,0.5
fcff9b94-2817-4101-af7a-d7fb3117c338,protein_625_g_100g,0.3
bcc613a8-72f2-455a-8126-953b1ec1685d,protein_625_g_100g,0.5
18a86eb1-0980-47d3-bf22-30b1cb43aa6a,protein_625_g_100g,0.63
d098a17d-e3b9-4c47-ab88-2a21e475e998,protein_625_g_100g,1.11
da378dc0-6e62-4923-aabb-126110ded991,protein_625_g_100g,25.8
99574f09-8377-49bd-a2c6-cf945ac2cc62,protein_625_g_100g,19.5
5cb37a41-7891-44a3-b90c-f6cdda409445,protein_625_g_100g,25.4
d1903e60-1cc6-4e1b-92d1-dfdc0dfc2da5,protein_625_g_100g,3.38
3d9f99f2-69c6-4e09-aaa5-d296d278f643,protein_625_g_100g,3.06
b6409eaf-e437-4b1d-a51b-540673e73a14,protein_625_g_100g,5.0
205b2afd-157e-4d0d-ba24-b08af3951198,protein_625_g_100g,4.38
91fc3f81-74fe-438a-aebe-56931dcec2c6,protein_625_g_100g,6.31
7351d18f-86e3-4c84-9de1-b79b89760af8,protein_625_g_100g,4.88
3fe9734c-c38f-42a6-85bf-f0281752e8ea,protein_625_g_100g,5.01
4c3d49b5-5471-432a-a259-b662b1f6b862,protein_625_g_100g,8.1
08226f84-c557-4eb0-b805-a7a4004d1fe3,protein_625_g_100g,9.19
0f29b08f-27ca-405b-ba3f-da4511d90c1f,protein_625_g_100g,14.2
29737eff-fbab-45b7-bdfe-51aba40f7b85,protein_625_g_100g,14.9
05eb140e-0246-47a8-b1d8-27f4957b3949,protein_625_g_100g,8.31
30e0ee8d-4cf7-46bd-a62a-66714d8cd521,protein_625_g_100g,34.0
7b887f04-1988-44dd-b74e-66938372902a,protein_625_g_100g,30.1
4e1b279a-4454-414c-9241-c329e03f1995,protein_625_g_100g,21.9
81e5a2f9-3e0c-42c9-a071-c4df692e7f31,protein_625_g_100g,20.8
01e424c9-6471-46b7-8244-16c9a59bcc58,protein_625_g_100g,14.7
28f898ab-dc19-4905-9ff6-62d5477600f7,protein_625_g_100g,15.8
a2e8f29f-07e2-490f-93c5-92134ac4d00b,protein_625_g_100g,18.6
a9c3a0c2-605a-4103-a495-201402935bc5,protein_625_g_100g,16.2
3f144310-58a7-4fe6-9bf2-0ce9d99ee5be,protein_625_g_100g,10.3
738bd788-fd21-4363-9de0-ddc35b6813fa,protein_625_g_100g,16.0
861b94d9-60da-4f46-804c-0756f4330661,protein_625_g_100g,13.5
b5bfad5a-4a04-4ab6-8c8b-788397734cb2,protein_625_g_100g,9.99
9c0738ab-d020-4a98-9b81-af71f7c0b878,protein_625_g_100g,12.7
4d4af9ab-dd8c-4b49-be81-dd79ff210485,protein_625_g_100g,15.5
2eb62878-3eb9-42ea-9a63-2691148a217c,protein_625_g_100g,3.31
cc5e0af0-473e-4268-9bf2-bac740f2fab1,protein_625_g_100g,3.31
ade5e763-3b9c-4947-af9d-7ff570546027,protein_625_g_100g,3.13
763a92df-6900-488d-a92a-eee913d830cb,protein_625_g_100g,3.88
323a942d-3817-4317-8a01-e1099026f744,protein_625_g_100g,3.25
0e04f7a5-230a-4ef6-bfc3-d803435d33bd,protein_625_g_100g,7.78
d62036e2-ba65-4a28-aad2-ee568cb4b498,protein_625_g_100g,27.9
6ff5f533-7197-4f48-b475-c16544a21db5,protein_625_g_100g,30.5
c1a9efe3-a0c5-4d04-b942-68d3fce22837,protein_625_g_100g,14.8
df607bfa-3921-4ac6-be34-119b349e9588,protein_625_g_100g,16.1
d281ed75-f3cd-4916-bd9d-7fc4fc48942b,protein_625_g_100g,14.3
04382c90-f07b-4268-b358-f4936f5b8c78,protein_625_g_100g,2.9
8c68a448-5cf5-4ba4-834a-d6dd13f55496,protein_625_g_100g,0.0
533c1962-b367-47ca-9d82-5910931fab39,protein_625_g_100g,1.77
e99c3905-a22c-45b7-b99d-5d45edec89b1,protein_625_g_100g,1.06
2b51cbcc-360d-4b29-aa3d-bc4c1a017f6c,protein_625_g_100g,0.07
fec29009-a951-4587-9265-27e240e03112,protein_625_g_100g,0.5
deb22a25-4fde-4ac9-a6c7-e17be1a3ba00,protein_625_g_100g,0.56
e1688763-0981-4614-a70c-b18893bcd53b,protein_625_g_100g,0.0
36c30c73-3777-46ee-bfe2-87df2cde70d9,protein_625_g_100g,0.04
834d0ee9-e18e-454d-affb-bb0096078817,protein_625_g_100g,10.4
46abb1a9-f4c1-4dc1-8799-ac50ee190ee5,protein_625_g_100g,10.7
352d9c01-c3ee-411e-9813-9ce3eae4c698,protein_625_g_100g,5.95
1db8868c-7aea-4358-8e8e-f2f33f427798,protein_625_g_100g,0.5
e3fbdb74-16a8-4680-9cd0-16044b435725,protein_625_g_100g,0.5
e4f9dca3-4573-4d6e-8fec-6e0d8a7bb48f,protein_625_g_100g,1.41
ac82c478-aeb7-4b4d-abf6-8c5ff6207732,protein_625_g_100g,0.0
274e083e-46d2-4cce-b79a-a3a711d81248,protein_625_g_100g,14.5
862f5667-0461-4212-9246-2a8104ee3288,protein_625_g_100g,13.3
5e615f07-5e6b-403b-b1f7-47d4df6c9ed7,protein_625_g_100g,3.87
9a652d31-eda3-4fe7-8e83-7ead894ca0e2,protein_625_g_100g,6.26
663312e9-6d02-4cfe-aaf7-8616a2b41629,protein_625_g_100g,1.1
1fb6ee8a-65e8-4da5-891f-9b1f64a1179a,protein_625_g_100g,2.57
85b41f4f-b07a-4a17-9044-d09b8d16ee60,protein_625_g_100g,3.71
c9ce1563-cea5-4ab9-b51b-c3951098bd35,protein_625_g_100g,3.52
0d565da3-5008-4699-a3a2-c13575d82d8a,protein_625_g_100g,5.56
940d778a-3303-4e51-83d5-dfdd64192939,protein_625_g_100g,11.5
e0dadf12-938f-45d9-a885-3e8df7ec3fe0,carbs_g_100g,0.83
bd8d6fd3-2406-435d-9a92-c1546127e8e5,carbs_g_100g,7.59
b05db49a-9212-44d3-9187-1da7870c1c9f,carbs_g_100g,1.33
69da9d55-f3f4-4db3-8618-1fa505555874,carbs_g_100g,2.49
e951267c-50f9-4470-b1c5-18656e75e013,carbs_g_100g,5.62
970da6dd-6580-4081-8d47-0a1d30d16b6c,carbs_g_100g,1.1
fcfdcc0b-9a9c-4e6c-a749-6de288235780,carbs_g_100g,2.6
c75c5ce4-d2df-4f60-b94c-e97454df8e0d,carbs_g_100g,1.4
94557fa4-d2b4-4a78-a3d3-5d0ba730d6bc,carbs_g_100g,1.2
06462060-5201-41ec-a968-03c01edd23bc,carbs_g_100g,6.2
b13e98d9-aaaf-4554-8177-8981f2ef0076,carbs_g_100g,18.6
7e156dd4-2857-43bb-9aa2-e8273f5d4544,carbs_g_100g,18.4
39ce4bb8-b5a4-42b5-96d9-fab0dac1a0dd,carbs_g_100g,7.0
0261cb12-1fd6-46e1-9e3a-8064f63e6b45,carbs_g_100g,12.3
2d0b224f-0e8c-469e-99e3-093f678fbbb9,carbs_g_100g,2.8
f4621eaf-aab9-4967-a365-2dee2b2ec1d3,carbs_g_100g,8.53
3316b6df-9f99-4571-ba2e-4e26112c269d,carbs_g_100g,6.73
dfb9e001-42d6-45d1-adf9-1e1ef5b8b618,carbs_g_100g,3.56
ac683f79-bc03-46e6-bf1a-0b224deab0f5,carbs_g_100g,3.53
1e0718a6-48ba-4fd4-93c0-1ea52f162c9d,carbs_g_100g,0.85
9448e2cd-16f6-448b-927f-d41bb963a4b5,carbs_g_100g,12.2
23786e95-97bf-461b-8108-59f08f119dad,carbs_g_100g,12.3
d8c6e29e-5eaa-401f-aa0a-dc74d777a907,carbs_g_100g,15.0
3ffa59aa-e01d-4712-8f0d-d5f32d3e1ae1,carbs_g_100g,15.0
f81df9f4-b6f1-4a5f-9091-9f483352c601,carbs_g_100g,19.7
2d70d5a7-4248-41b0-b876-066c7cf60f44,carbs_g_100g,14.3
952c1496-b636-4dd7-801a-f7ca9f204c7c,carbs_g_100g,8.03
5d0e3e32-be42-46bf-94ad-13403cf6fa08,carbs_g_100g,8.33
556c3a77-8cc1-4f91-8862-a1277fde9320,carbs_g_100g,8.02
fcff9b94-2817-4101-af7a-d7fb3117c338,carbs_g_100g,10.4
bcc613a8-72f2-455a-8126-953b1ec1685d,carbs_g_100g,11.9
18a86eb1-0980-47d3-bf22-30b1cb43aa6a,carbs_g_100g,9.63
d098a17d-e3b9-4c47-ab88-2a21e475e998,carbs_g_100g,7.88
da378dc0-6e62-4923-aabb-126110ded991,carbs_g_100g,8.76
99574f09-8377-49bd-a2c6-cf945ac2cc62,carbs_g_100g,7.72
5cb37a41-7891-44a3-b90c-f6cdda409445,carbs_g_100g,16.1
d1903e60-1cc6-4e1b-92d1-dfdc0dfc2da5,carbs_g_100g,32.6
3d9f99f2-69c6-4e09-aaa5-d296d278f643,carbs_g_100g,31.8
b6409eaf-e437-4b1d-a51b-540673e73a14,carbs_g_100g,27.9
205b2afd-157e-4d0d-ba24-b08af3951198,carbs_g_100g,25.0
91fc3f81-74fe-438a-aebe-56931dcec2c6,carbs_g_100g,32.0
7351d18f-86e3-4c84-9de1-b79b89760af8,carbs_g_100g,23.4
3fe9734c-c38f-42a6-85bf-f0281752e8ea,carbs_g_100g,33.6
4c3d49b5-5471-432a-a259-b662b1f6b862,carbs_g_100g,67.2
08226f84-c557-4eb0-b805-a7a4004d1fe3,carbs_g_100g,44.3
0f29b08f-27ca-405b-ba3f-da4511d90c1f,carbs_g_100g,57.9
29737eff-fbab-45b7-bdfe-51aba40f7b85,carbs_g_100g,67.6
05eb140e-0246-47a8-b1d8-27f4957b3949,carbs_g_100g,61.1
7b887f04-1988-44dd-b74e-66938372902a,carbs_g_100g,0.0
4e1b279a-4454-414c-9241-c329e03f1995,carbs_g_100g,0.3
81e5a2f9-3e0c-42c9-a071-c4df692e7f31,carbs_g_100g,0.81
01e424c9-6471-46b7-8244-16c9a59bcc58,carbs_g_100g,0.8
28f898ab-dc19-4905-9ff6-62d5477600f7,carbs_g_100g,2.48
a2e8f29f-07e2-490f-93c5-92134ac4d00b,carbs_g_100g,0.8
a9c3a0c2-605a-4103-a495-201402935bc5,carbs_g_100g,5.33
3f144310-58a7-4fe6-9bf2-0ce9d99ee5be,carbs_g_100g,1.12
738bd788-fd21-4363-9de0-ddc35b6813fa,carbs_g_100g,1.31
861b94d9-60da-4f46-804c-0756f4330661,carbs_g_100g,0.52
b5bfad5a-4a04-4ab6-8c8b-788397734cb2,carbs_g_100g,1.62
9c0738ab-d020-4a98-9b81-af71f7c0b878,carbs_g_100g,0.27
4d4af9ab-dd8c-4b49-be81-dd79ff210485,carbs_g_100g,1.09
2eb62878-3eb9-42ea-9a63-2691148a217c,carbs_g_100g,4.79
cc5e0af0-473e-4268-9bf2-bac740f2fab1,carbs_g_100g,4.83
ade5e763-3b9c-4947-af9d-7ff570546027,carbs_g_100g,4.9
763a92df-6900-488d-a92a-eee913d830cb,carbs_g_100g,2.65
323a942d-3817-4317-8a01-e1099026f744,carbs_g_100g,4.21
0e04f7a5-230a-4ef6-bfc3-d803435d33bd,carbs_g_100g,3.89
c1a9efe3-a0c5-4d04-b942-68d3fce22837,carbs_g_100g,0.65
df607bfa-3921-4ac6-be34-119b349e9588,carbs_g_100g,0.75
d281ed75-f3cd-4916-bd9d-7fc4fc48942b,carbs_g_100g,0.24
04382c90-f07b-4268-b358-f4936f5b8c78,carbs_g_100g,4.3
8c68a448-5cf5-4ba4-834a-d6dd13f55496,carbs_g_100g,0.0
533c1962-b367-47ca-9d82-5910931fab39,carbs_g_100g,3.4
e99c3905-a22c-45b7-b99d-5d45edec89b1,carbs_g_100g,0.68
2b51cbcc-360d-4b29-aa3d-bc4c1a017f6c,carbs_g_100g,2.63
fec29009-a951-4587-9265-27e240e03112,carbs_g_100g,4.04
deb22a25-4fde-4ac9-a6c7-e17be1a3ba00,carbs_g_100g,81.7
e1688763-0981-4614-a70c-b18893bcd53b,carbs_g_100g,99.8
36c30c73-3777-46ee-bfe2-87df2cde70d9,carbs_g_100g,67.1
834d0ee9-e18e-454d-affb-bb0096078817,carbs_g_100g,26.9
46abb1a9-f4c1-4dc1-8799-ac50ee190ee5,carbs_g_100g,61.6
352d9c01-c3ee-411e-9813-9ce3eae4c698,carbs_g_100g,30.1
1db8868c-7aea-4358-8e8e-f2f33f427798,carbs_g_100g,3.6
e3fbdb74-16a8-4680-9cd0-16044b435725,carbs_g_100g,0.0
e4f9dca3-4573-4d6e-8fec-6e0d8a7bb48f,carbs_g_100g,7.5
ac82c478-aeb7-4b4d-abf6-8c5ff6207732,carbs_g_100g,0.0
274e083e-46d2-4cce-b79a-a3a711d81248,carbs_g_100g,2.63
862f5667-0461-4212-9246-2a8104ee3288,carbs_g_100g,39.5
5e615f07-5e6b-403b-b1f7-47d4df6c9ed7,carbs_g_100g,27.5
9a652d31-eda3-4fe7-8e83-7ead894ca0e2,carbs_g_100g,28.5
663312e9-6d02-4cfe-aaf7-8616a2b41629,carbs_g_100g,3.4
1fb6ee8a-65e8-4da5-891f-9b1f64a1179a,carbs_g_100g,2.1
85b41f4f-b07a-4a17-9044-d09b8d16ee60,carbs_g_100g,3.48
c9ce1563-cea5-4ab9-b51b-c3951098bd35,carbs_g_100g,5.3
0d565da3-5008-4699-a3a2-c13575d82d8a,carbs_g_100g,23.8
940d778a-3303-4e51-83d5-dfdd64192939,carbs_g_100g,23.0
e0dadf12-938f-45d9-a885-3e8df7ec3fe0,fat_g_100g,20.6
bd8d6fd3-2406-435d-9a92-c1546127e8e5,fat_g_100g,0.5
b05db49a-9212-44d3-9187-1da7870c1c9f,fat_g_100g,0.2
69da9d55-f3f4-4db3-8618-1fa505555874,fat_g_100g,0.26
e951267c-50f9-4470-b1c5-18656e75e013,fat_g_100g,0.5
970da6dd-6580-4081-8d47-0a1d30d16b6c,fat_g_100g,0.78
fcfdcc0b-9a9c-4e6c-a749-6de288235780,fat_g_100g,0.1
c75c5ce4-d2df-4f60-b94c-e97454df8e0d,fat_g_100g,0.36
94557fa4-d2b4-4a78-a3d3-5d0ba730d6bc,fat_g_100g,0.16
06462060-5201-41ec-a968-03c01edd23bc,fat_g_100g,0.2
b13e98d9-aaaf-4554-8177-8981f2ef0076,fat_g_100g,1.5
7e156dd4-2857-43bb-9aa2-e8273f5d4544,fat_g_100g,1.68
39ce4bb8-b5a4-42b5-96d9-fab0dac1a0dd,fat_g_100g,0.3
0261cb12-1fd6-46e1-9e3a-8064f63e6b45,fat_g_100g,0.22
2d0b224f-0e8c-469e-99e3-093f678fbbb9,fat_g_100g,0.11
f4621eaf-aab9-4967-a365-2dee2b2ec1d3,fat_g_100g,0.2
3316b6df-9f99-4571-ba2e-4e26112c269d,fat_g_100g,0.3
dfb9e001-42d6-45d1-adf9-1e1ef5b8b618,fat_g_100g,0.3
ac683f79-bc03-46e6-bf1a-0b224deab0f5,fat_g_100g,0.4
1e0718a6-48ba-4fd4-93c0-1ea52f162c9d,fat_g_100g,0.7
9448e2cd-16f6-448b-927f-d41bb963a4b5,fat_g_100g,0.15
23786e95-97bf-461b-8108-59f08f119dad,fat_g_100g,0.6
d8c6e29e-5eaa-401f-aa0a-dc74d777a907,fat_g_100g,2.68
3ffa59aa-e01d-4712-8f0d-d5f32d3e1ae1,fat_g_100g,0.5
f81df9f4-b6f1-4a5f-9091-9f483352c601,fat_g_100g,0.5
2d70d5a7-4248-41b0-b876-066c7cf60f44,fat_g_100g,0.5
952c1496-b636-4dd7-801a-f7ca9f204c7c,fat_g_100g,0.5
5d0e3e32-be42-46bf-94ad-13403cf6fa08,fat_g_100g,0.5
556c3a77-8cc1-4f91-8862-a1277fde9320,fat_g_100g,0.5
fcff9b94-2817-4101-af7a-d7fb3117c338,fat_g_100g,0.1
bcc613a8-72f2-455a-8126-953b1ec1685d,fat_g_100g,0.5
18a86eb1-0980-47d3-bf22-30b1cb43aa6a,fat_g_100g,0.5
d098a17d-e3b9-4c47-ab88-2a21e475e998,fat_g_100g,0.31
da378dc0-6e62-4923-aabb-126110ded991,fat_g_100g,52.5
99574f09-8377-49bd-a2c6-cf945ac2cc62,fat_g_100g,30.7
5cb37a41-7891-44a3-b90c-f6cdda409445,fat_g_100g,52.5
d1903e60-1cc6-4e1b-92d1-dfdc0dfc2da5,fat_g_100g,1.0
3d9f99f2-69c6-4e09-aaa5-d296d278f643,fat_g_100g,0.41
b6409eaf-e437-4b1d-a51b-540673e73a14,fat_g_100g,1.1
205b2afd-157e-4d0d-ba24-b08af3951198,fat_g_100g,0.55
91fc3f81-74fe-438a-aebe-56931dcec2c6,fat_g_100g,1.3
7351d18f-86e3-4c84-9de1-b79b89760af8,fat_g_100g,0.9
3fe9734c-c38f-42a6-85bf-f0281752e8ea,fat_g_100g,2.05
4c3d49b5-5471-432a-a259-b662b1f6b862,fat_g_100g,3.7
08226f84-c557-4eb0-b805-a7a4004d1fe3,fat_g_100g,1.8
0f29b08f-27ca-405b-ba3f-da4511d90c1f,fat_g_100g,6.51
29737eff-fbab-45b7-bdfe-51aba40f7b85,fat_g_100g,1.0
05eb140e-0246-47a8-b1d8-27f4957b3949,fat_g_100g,23.9
30e0ee8d-4cf7-46bd-a62a-66714d8cd521,fat_g_100g,4.05
7b887f04-1988-44dd-b74e-66938372902a,fat_g_100g,2.0
4e1b279a-4454-414c-9241-c329e03f1995,fat_g_100g,4.59
81e5a2f9-3e0c-42c9-a071-c4df692e7f31,fat_g_100g,4.28
01e424c9-6471-46b7-8244-16c9a59bcc58,fat_g_100g,22.1
28f898ab-dc19-4905-9ff6-62d5477600f7,fat_g_100g,13.6
a2e8f29f-07e2-490f-93c5-92134ac4d00b,fat_g_100g,13.0
a9c3a0c2-605a-4103-a495-201402935bc5,fat_g_100g,1.48
3f144310-58a7-4fe6-9bf2-0ce9d99ee5be,fat_g_100g,0.17
738bd788-fd21-4363-9de0-ddc35b6813fa,fat_g_100g,30.1
861b94d9-60da-4f46-804c-0756f4330661,fat_g_100g,8.62
b5bfad5a-4a04-4ab6-8c8b-788397734cb2,fat_g_100g,11.0
9c0738ab-d020-4a98-9b81-af71f7c0b878,fat_g_100g,9.83
4d4af9ab-dd8c-4b49-be81-dd79ff210485,fat_g_100g,26.7
2eb62878-3eb9-42ea-9a63-2691148a217c,fat_g_100g,1.25
cc5e0af0-473e-4268-9bf2-bac740f2fab1,fat_g_100g,1.55
ade5e763-3b9c-4947-af9d-7ff570546027,fat_g_100g,1.54
763a92df-6900-488d-a92a-eee913d830cb,fat_g_100g,1.5
323a942d-3817-4317-8a01-e1099026f744,fat_g_100g,9.22
0e04f7a5-230a-4ef6-bfc3-d803435d33bd,fat_g_100g,0.044
d62036e2-ba65-4a28-aad2-ee568cb4b498,fat_g_100g,34.6
6ff5f533-7197-4f48-b475-c16544a21db5,fat_g_100g,31.0
c1a9efe3-a0c5-4d04-b942-68d3fce22837,fat_g_100g,24.3
df607bfa-3921-4ac6-be34-119b349e9588,fat_g_100g,17.7
d281ed75-f3cd-4916-bd9d-7fc4fc48942b,fat_g_100g,22.3
04382c90-f07b-4268-b358-f4936f5b8c78,fat_g_100g,13.5
8c68a448-5cf5-4ba4-834a-d6dd13f55496,fat_g_100g,0.0
533c1962-b367-47ca-9d82-5910931fab39,fat_g_100g,18.4
e99c3905-a22c-45b7-b99d-5d45edec89b1,fat_g_100g,3.2
2b51cbcc-360d-4b29-aa3d-bc4c1a017f6c,fat_g_100g,0.0
fec29009-a951-4587-9265-27e240e03112,fat_g_100g,0.0
deb22a25-4fde-4ac9-a6c7-e17be1a3ba00,fat_g_100g,0.0
e1688763-0981-4614-a70c-b18893bcd53b,fat_g_100g,0.0
36c30c73-3777-46ee-bfe2-87df2cde70d9,fat_g_100g,0.06
834d0ee9-e18e-454d-affb-bb0096078817,fat_g_100g,46.3
46abb1a9-f4c1-4dc1-8799-ac50ee190ee5,fat_g_100g,11.0
352d9c01-c3ee-411e-9813-9ce3eae4c698,fat_g_100g,1.51
1db8868c-7aea-4358-8e8e-f2f33f427798,fat_g_100g,41.7
e3fbdb74-16a8-4680-9cd0-16044b435725,fat_g_100g,99.9
e4f9dca3-4573-4d6e-8fec-6e0d8a7bb48f,fat_g_100g,7.32
ac82c478-aeb7-4b4d-abf6-8c5ff6207732,fat_g_100g,0.0
274e083e-46d2-4cce-b79a-a3a711d81248,fat_g_100g,14.0
862f5667-0461-4212-9246-2a8104ee3288,fat_g_100g,7.5
5e615f07-5e6b-403b-b1f7-47d4df6c9ed7,fat_g_100g,1.22
9a652d31-eda3-4fe7-8e83-7ead894ca0e2,fat_g_100g,36.3
663312e9-6d02-4cfe-aaf7-8616a2b41629,fat_g_100g,1.1
1fb6ee8a-65e8-4da5-891f-9b1f64a1179a,fat_g_100g,0.52
85b41f4f-b07a-4a17-9044-d09b8d16ee60,fat_g_100g,0.63
c9ce1563-cea5-4ab9-b51b-c3951098bd35,fat_g_100g,0.84
0d565da3-5008-4699-a3a2-c13575d82d8a,fat_g_100g,0.5
940d778a-3303-4e51-83d5-dfdd64192939,fat_g_100g,7.2
e0dadf12-938f-45d9-a885-3e8df7ec3fe0,sugars_g_100g,0.4
bd8d6fd3-2406-435d-9a92-c1546127e8e5,sugars_g_100g,6.0
b05db49a-9212-44d3-9187-1da7870c1c9f,sugars_g_100g,0.73
69da9d55-f3f4-4db3-8618-1fa505555874,sugars_g_100g,2.48
e951267c-50f9-4470-b1c5-18656e75e013,sugars_g_100g,4.8
970da6dd-6580-4081-8d47-0a1d30d16b6c,sugars_g_100g,1.1
fcfdcc0b-9a9c-4e6c-a749-6de288235780,sugars_g_100g,1.3
c75c5ce4-d2df-4f60-b94c-e97454df8e0d,sugars_g_100g,1.39
94557fa4-d2b4-4a78-a3d3-5d0ba730d6bc,sugars_g_100g,1.2
06462060-5201-41ec-a968-03c01edd23bc,sugars_g_100g,4.0
b13e98d9-aaaf-4554-8177-8981f2ef0076,sugars_g_100g,4.54
7e156dd4-2857-43bb-9aa2-e8273f5d4544,sugars_g_100g,5.16
39ce4bb8-b5a4-42b5-96d9-fab0dac1a0dd,sugars_g_100g,6.0
0261cb12-1fd6-46e1-9e3a-8064f63e6b45,sugars_g_100g,3.84
2d0b224f-0e8c-469e-99e3-093f678fbbb9,sugars_g_100g,2.49
f4621eaf-aab9-4967-a365-2dee2b2ec1d3,sugars_g_100g,5.5
3316b6df-9f99-4571-ba2e-4e26112c269d,sugars_g_100g,5.0
dfb9e001-42d6-45d1-adf9-1e1ef5b8b618,sugars_g_100g,2.8
ac683f79-bc03-46e6-bf1a-0b224deab0f5,sugars_g_100g,3.1
9448e2cd-16f6-448b-927f-d41bb963a4b5,sugars_g_100g,6.11
23786e95-97bf-461b-8108-59f08f119dad,sugars_g_100g,0.5
d8c6e29e-5eaa-401f-aa0a-dc74d777a907,sugars_g_100g,0.5
3ffa59aa-e01d-4712-8f0d-d5f32d3e1ae1,sugars_g_100g,0.26
f81df9f4-b6f1-4a5f-9091-9f483352c601,sugars_g_100g,15.6
2d70d5a7-4248-41b0-b876-066c7cf60f44,sugars_g_100g,12.9
952c1496-b636-4dd7-801a-f7ca9f204c7c,sugars_g_100g,7.6
5d0e3e32-be42-46bf-94ad-13403cf6fa08,sugars_g_100g,7.9
556c3a77-8cc1-4f91-8862-a1277fde9320,sugars_g_100g,6.6
fcff9b94-2817-4101-af7a-d7fb3117c338,sugars_g_100g,10.4
bcc613a8-72f2-455a-8126-953b1ec1685d,sugars_g_100g,11.1
18a86eb1-0980-47d3-bf22-30b1cb43aa6a,sugars_g_100g,7.8
d098a17d-e3b9-4c47-ab88-2a21e475e998,sugars_g_100g,7.4
da378dc0-6e62-4923-aabb-126110ded991,sugars_g_100g,4.63
5cb37a41-7891-44a3-b90c-f6cdda409445,sugars_g_100g,10.5
d1903e60-1cc6-4e1b-92d1-dfdc0dfc2da5,sugars_g_100g,0.2
3d9f99f2-69c6-4e09-aaa5-d296d278f643,sugars_g_100g,0.2
b6409eaf-e437-4b1d-a51b-540673e73a14,sugars_g_100g,0.87
205b2afd-157e-4d0d-ba24-b08af3951198,sugars_g_100g,0.6
7351d18f-86e3-4c84-9de1-b79b89760af8,sugars_g_100g,0.6
3fe9734c-c38f-42a6-85bf-f0281752e8ea,sugars_g_100g,1.1
4c3d49b5-5471-432a-a259-b662b1f6b862,sugars_g_100g,1.6
08226f84-c557-4eb0-b805-a7a4004d1fe3,sugars_g_100g,2.2
0f29b08f-27ca-405b-ba3f-da4511d90c1f,sugars_g_100g,0.97
29737eff-fbab-45b7-bdfe-51aba40f7b85,sugars_g_100g,1.5
05eb140e-0246-47a8-b1d8-27f4957b3949,sugars_g_100g,3.22
4e1b279a-4454-414c-9241-c329e03f1995,sugars_g_100g,0.0
81e5a2f9-3e0c-42c9-a071-c4df692e7f31,sugars_g_100g,0.77
01e424c9-6471-46b7-8244-16c9a59bcc58,sugars_g_100g,0.8
28f898ab-dc19-4905-9ff6-62d5477600f7,sugars_g_100g,0.57
a2e8f29f-07e2-490f-93c5-92134ac4d00b,sugars_g_100g,0.0
a9c3a0c2-605a-4103-a495-201402935bc5,sugars_g_100g,0.0
3f144310-58a7-4fe6-9bf2-0ce9d99ee5be,sugars_g_100g,0.7
738bd788-fd21-4363-9de0-ddc35b6813fa,sugars_g_100g,0.55
861b94d9-60da-4f46-804c-0756f4330661,sugars_g_100g,0.52
b5bfad5a-4a04-4ab6-8c8b-788397734cb2,sugars_g_100g,1.43
9c0738ab-d020-4a98-9b81-af71f7c0b878,sugars_g_100g,0.27
4d4af9ab-dd8c-4b49-be81-dd79ff210485,sugars_g_100g,0.56
2eb62878-3eb9-42ea-9a63-2691148a217c,sugars_g_100g,4.5
cc5e0af0-473e-4268-9bf2-bac740f2fab1,sugars_g_100g,4.66
ade5e763-3b9c-4947-af9d-7ff570546027,sugars_g_100g,4.81
763a92df-6900-488d-a92a-eee913d830cb,sugars_g_100g,2.65
323a942d-3817-4317-8a01-e1099026f744,sugars_g_100g,3.9
0e04f7a5-230a-4ef6-bfc3-d803435d33bd,sugars_g_100g,3.89
d62036e2-ba65-4a28-aad2-ee568cb4b498,sugars_g_100g,0.0
df607bfa-3921-4ac6-be34-119b349e9588,sugars_g_100g,0.7
04382c90-f07b-4268-b358-f4936f5b8c78,sugars_g_100g,4.2
8c68a448-5cf5-4ba4-834a-d6dd13f55496,sugars_g_100g,0.0
533c1962-b367-47ca-9d82-5910931fab39,sugars_g_100g,2.1
2b51cbcc-360d-4b29-aa3d-bc4c1a017f6c,sugars_g_100g,0.62
fec29009-a951-4587-9265-27e240e03112,sugars_g_100g,0.17
deb22a25-4fde-4ac9-a6c7-e17be1a3ba00,sugars_g_100g,79.8
e1688763-0981-4614-a70c-b18893bcd53b,sugars_g_100g,99.8
36c30c73-3777-46ee-bfe2-87df2cde70d9,sugars_g_100g,62.6
834d0ee9-e18e-454d-affb-bb0096078817,sugars_g_100g,17.9
46abb1a9-f4c1-4dc1-8799-ac50ee190ee5,sugars_g_100g,18.6
352d9c01-c3ee-411e-9813-9ce3eae4c698,sugars_g_100g,1.08
1db8868c-7aea-4358-8e8e-f2f33f427798,sugars_g_100g,1.26
e3fbdb74-16a8-4680-9cd0-16044b435725,sugars_g_100g,0.0
e4f9dca3-4573-4d6e-8fec-6e0d8a7bb48f,sugars_g_100g,3.68
ac82c478-aeb7-4b4d-abf6-8c5ff6207732,sugars_g_100g,0.0
274e083e-46d2-4cce-b79a-a3a711d81248,sugars_g_100g,2.63
862f5667-0461-4212-9246-2a8104ee3288,sugars_g_100g,0.64
5e615f07-5e6b-403b-b1f7-47d4df6c9ed7,sugars_g_100g,2.17
9a652d31-eda3-4fe7-8e83-7ead894ca0e2,sugars_g_100g,2.99
663312e9-6d02-4cfe-aaf7-8616a2b41629,sugars_g_100g,1.0
1fb6ee8a-65e8-4da5-891f-9b1f64a1179a,sugars_g_100g,1.75
85b41f4f-b07a-4a17-9044-d09b8d16ee60,sugars_g_100g,0.95
c9ce1563-cea5-4ab9-b51b-c3951098bd35,sugars_g_100g,5.3
0d565da3-5008-4699-a3a2-c13575d82d8a,sugars_g_100g,1.4
940d778a-3303-4e51-83d5-dfdd64192939,sugars_g_100g,18.5
e0dadf12-938f-45d9-a885-3e8df7ec3fe0,fructose_g_100g,0.16
bd8d6fd3-2406-435d-9a92-c1546127e8e5,fructose_g_100g,0.9
b05db49a-9212-44d3-9187-1da7870c1c9f,fructose_g_100g,0.4
69da9d55-f3f4-4db3-8618-1fa505555874,fructose_g_100g,1.4
e951267c-50f9-4470-b1c5-18656e75e013,fructose_g_100g,2.5
970da6dd-6580-4081-8d47-0a1d30d16b6c,fructose_g_100g,0.5
fcfdcc0b-9a9c-4e6c-a749-6de288235780,fructose_g_100g,0.5
c75c5ce4-d2df-4f60-b94c-e97454df8e0d,fructose_g_100g,0.5
94557fa4-d2b4-4a78-a3d3-5d0ba730d6bc,fructose_g_100g,0.52
06462060-5201-41ec-a968-03c01edd23bc,fructose_g_100g,1.5
b13e98d9-aaaf-4554-8177-8981f2ef0076,fructose_g_100g,0.79
7e156dd4-2857-43bb-9aa2-e8273f5d4544,fructose_g_100g,0.25
2d0b224f-0e8c-469e-99e3-093f678fbbb9,fructose_g_100g,1.31
f4621eaf-aab9-4967-a365-2dee2b2ec1d3,fructose_g_100g,2.6
3316b6df-9f99-4571-ba2e-4e26112c269d,fructose_g_100g,1.5
dfb9e001-42d6-45d1-adf9-1e1ef5b8b618,fructose_g_100g,1.6
ac683f79-bc03-46e6-bf1a-0b224deab0f5,fructose_g_100g,1.7
1e0718a6-48ba-4fd4-93c0-1ea52f162c9d,fructose_g_100g,0.2
9448e2cd-16f6-448b-927f-d41bb963a4b5,fructose_g_100g,0.47
23786e95-97bf-461b-8108-59f08f119dad,fructose_g_100g,0.2
3ffa59aa-e01d-4712-8f0d-d5f32d3e1ae1,fructose_g_100g,0.2
f81df9f4-b6f1-4a5f-9091-9f483352c601,fructose_g_100g,3.8
2d70d5a7-4248-41b0-b876-066c7cf60f44,fructose_g_100g,3.4
952c1496-b636-4dd7-801a-f7ca9f204c7c,fructose_g_100g,2.1
5d0e3e32-be42-46bf-94ad-13403cf6fa08,fructose_g_100g,3.6
556c3a77-8cc1-4f91-8862-a1277fde9320,fructose_g_100g,1.9
bcc613a8-72f2-455a-8126-953b1ec1685d,fructose_g_100g,6.3
18a86eb1-0980-47d3-bf22-30b1cb43aa6a,fructose_g_100g,0.8
d098a17d-e3b9-4c47-ab88-2a21e475e998,fructose_g_100g,3.92
da378dc0-6e62-4923-aabb-126110ded991,fructose_g_100g,0.0
5cb37a41-7891-44a3-b90c-f6cdda409445,fructose_g_100g,0.12
d1903e60-1cc6-4e1b-92d1-dfdc0dfc2da5,fructose_g_100g,0.2
3d9f99f2-69c6-4e09-aaa5-d296d278f643,fructose_g_100g,0.2
b6409eaf-e437-4b1d-a51b-540673e73a14,fructose_g_100g,0.1
205b2afd-157e-4d0d-ba24-b08af3951198,fructose_g_100g,0.2
91fc3f81-74fe-438a-aebe-56931dcec2c6,fructose_g_100g,0.5
7351d18f-86e3-4c84-9de1-b79b89760af8,fructose_g_100g,0.2
3fe9734c-c38f-42a6-85bf-f0281752e8ea,fructose_g_100g,0.2
08226f84-c557-4eb0-b805-a7a4004d1fe3,fructose_g_100g,0.3
0f29b08f-27ca-405b-ba3f-da4511d90c1f,fructose_g_100g,0.0
29737eff-fbab-45b7-bdfe-51aba40f7b85,fructose_g_100g,0.1
05eb140e-0246-47a8-b1d8-27f4957b3949,fructose_g_100g,0.72
7b887f04-1988-44dd-b74e-66938372902a,fructose_g_100g,0.2
4e1b279a-4454-414c-9241-c329e03f1995,fructose_g_100g,0.0
01e424c9-6471-46b7-8244-16c9a59bcc58,fructose_g_100g,0.2
28f898ab-dc19-4905-9ff6-62d5477600f7,fructose_g_100g,0.15
3f144310-58a7-4fe6-9bf2-0ce9d99ee5be,fructose_g_100g,0.07
738bd788-fd21-4363-9de0-ddc35b6813fa,fructose_g_100g,0.07
861b94d9-60da-4f46-804c-0756f4330661,fructose_g_100g,0.075
b5bfad5a-4a04-4ab6-8c8b-788397734cb2,fructose_g_100g,0.0
9c0738ab-d020-4a98-9b81-af71f7c0b878,fructose_g_100g,0.15
4d4af9ab-dd8c-4b49-be81-dd79ff210485,fructose_g_100g,0.07
2eb62878-3eb9-42ea-9a63-2691148a217c,fructose_g_100g,0.2
cc5e0af0-473e-4268-9bf2-bac740f2fab1,fructose_g_100g,0.1
ade5e763-3b9c-4947-af9d-7ff570546027,fructose_g_100g,0.1
763a92df-6900-488d-a92a-eee913d830cb,fructose_g_100g,0.1
0e04f7a5-230a-4ef6-bfc3-d803435d33bd,fructose_g_100g,0.0017
6ff5f533-7197-4f48-b475-c16544a21db5,fructose_g_100g,0.1
c1a9efe3-a0c5-4d04-b942-68d3fce22837,fructose_g_100g,0.2
df607bfa-3921-4ac6-be34-119b349e9588,fructose_g_100g,0.1
d281ed75-f3cd-4916-bd9d-7fc4fc48942b,fructose_g_100g,0.2
8c68a448-5cf5-4ba4-834a-d6dd13f55496,fructose_g_100g,0.0
533c1962-b367-47ca-9d82-5910931fab39,fructose_g_100g,0.3
e99c3905-a22c-45b7-b99d-5d45edec89b1,fructose_g_100g,0.1
fec29009-a951-4587-9265-27e240e03112,fructose_g_100g,0.08
deb22a25-4fde-4ac9-a6c7-e17be1a3ba00,fructose_g_100g,39.9
e1688763-0981-4614-a70c-b18893bcd53b,fructose_g_100g,0.0
36c30c73-3777-46ee-bfe2-87df2cde70d9,fructose_g_100g,0.43
834d0ee9-e18e-454d-affb-bb0096078817,fructose_g_100g,0.2
46abb1a9-f4c1-4dc1-8799-ac50ee190ee5,fructose_g_100g,6.9
352d9c01-c3ee-411e-9813-9ce3eae4c698,fructose_g_100g,0.2
1db8868c-7aea-4358-8e8e-f2f33f427798,fructose_g_100g,0.1
e3fbdb74-16a8-4680-9cd0-16044b435725,fructose_g_100g,0.0
e4f9dca3-4573-4d6e-8fec-6e0d8a7bb48f,fructose_g_100g,1.64
274e083e-46d2-4cce-b79a-a3a711d81248,fructose_g_100g,0.75
862f5667-0461-4212-9246-2a8104ee3288,fructose_g_100g,0.23
5e615f07-5e6b-403b-b1f7-47d4df6c9ed7,fructose_g_100g,1.11
663312e9-6d02-4cfe-aaf7-8616a2b41629,fructose_g_100g,0.64
85b41f4f-b07a-4a17-9044-d09b8d16ee60,fructose_g_100g,0.3
0d565da3-5008-4699-a3a2-c13575d82d8a,fructose_g_100g,0.2
e0dadf12-938f-45d9-a885-3e8df7ec3fe0,galactose_g_100g,0.073
bd8d6fd3-2406-435d-9a92-c1546127e8e5,galactose_g_100g,0.0
b05db49a-9212-44d3-9187-1da7870c1c9f,galactose_g_100g,0.0
69da9d55-f3f4-4db3-8618-1fa505555874,galactose_g_100g,0.0
970da6dd-6580-4081-8d47-0a1d30d16b6c,galactose_g_100g,0.0
fcfdcc0b-9a9c-4e6c-a749-6de288235780,galactose_g_100g,0.0
06462060-5201-41ec-a968-03c01edd23bc,galactose_g_100g,0.0
b13e98d9-aaaf-4554-8177-8981f2ef0076,galactose_g_100g,0.0
7e156dd4-2857-43bb-9aa2-e8273f5d4544,galactose_g_100g,0.28
2d0b224f-0e8c-469e-99e3-093f678fbbb9,galactose_g_100g,0.0
3316b6df-9f99-4571-ba2e-4e26112c269d,galactose_g_100g,0.2
9448e2cd-16f6-448b-927f-d41bb963a4b5,galactose_g_100g,0.0
f81df9f4-b6f1-4a5f-9091-9f483352c601,galactose_g_100g,0.0
2d70d5a7-4248-41b0-b876-066c7cf60f44,galactose_g_100g,0.0
5d0e3e32-be42-46bf-94ad-13403cf6fa08,galactose_g_100g,0.0
da378dc0-6e62-4923-aabb-126110ded991,galactose_g_100g,0.0
5cb37a41-7891-44a3-b90c-f6cdda409445,galactose_g_100g,0.0
d1903e60-1cc6-4e1b-92d1-dfdc0dfc2da5,galactose_g_100g,0.0
b6409eaf-e437-4b1d-a51b-540673e73a14,galactose_g_100g,0.1
205b2afd-157e-4d0d-ba24-b08af3951198,galactose_g_100g,0.0
0f29b08f-27ca-405b-ba3f-da4511d90c1f,galactose_g_100g,0.0
05eb140e-0246-47a8-b1d8-27f4957b3949,galactose_g_100g,0.1
3f144310-58a7-4fe6-9bf2-0ce9d99ee5be,galactose_g_100g,0.07
738bd788-fd21-4363-9de0-ddc35b6813fa,galactose_g_100g,0.07
861b94d9-60da-4f46-804c-0756f4330661,galactose_g_100g,0.075
b5bfad5a-4a04-4ab6-8c8b-788397734cb2,galactose_g_100g,0.0
9c0738ab-d020-4a98-9b81-af71f7c0b878,galactose_g_100g,0.0
4d4af9ab-dd8c-4b49-be81-dd79ff210485,galactose_g_100g,0.07
2eb62878-3eb9-42ea-9a63-2691148a217c,galactose_g_100g,0.3
cc5e0af0-473e-4268-9bf2-bac740f2fab1,galactose_g_100g,0.1
ade5e763-3b9c-4947-af9d-7ff570546027,galactose_g_100g,0.1
763a92df-6900-488d-a92a-eee913d830cb,galactose_g_100g,0.47
0e04f7a5-230a-4ef6-bfc3-d803435d33bd,galactose_g_100g,0.13
6ff5f533-7197-4f48-b475-c16544a21db5,galactose_g_100g,0.1
c1a9efe3-a0c5-4d04-b942-68d3fce22837,galactose_g_100g,0.2
df607bfa-3921-4ac6-be34-119b349e9588,galactose_g_100g,0.1
d281ed75-f3cd-4916-bd9d-7fc4fc48942b,galactose_g_100g,0.2
e99c3905-a22c-45b7-b99d-5d45edec89b1,galactose_g_100g,0.1
deb22a25-4fde-4ac9-a6c7-e17be1a3ba00,galactose_g_100g,3.1
e1688763-0981-4614-a70c-b18893bcd53b,galactose_g_100g,0.0
36c30c73-3777-46ee-bfe2-87df2cde70d9,galactose_g_100g,0.0
1db8868c-7aea-4358-8e8e-f2f33f427798,galactose_g_100g,0.1
e3fbdb74-16a8-4680-9cd0-16044b435725,galactose_g_100g,0.0
274e083e-46d2-4cce-b79a-a3a711d81248,galactose_g_100g,0.2
862f5667-0461-4212-9246-2a8104ee3288,galactose_g_100g,0.15
5e615f07-5e6b-403b-b1f7-47d4df6c9ed7,galactose_g_100g,0.0
e0dadf12-938f-45d9-a885-3e8df7ec3fe0,glucose_g_100g,0.16
bd8d6fd3-2406-435d-9a92-c1546127e8e5,glucose_g_100g,1.1
b05db49a-9212-44d3-9187-1da7870c1c9f,glucose_g_100g,0.33
69da9d55-f3f4-4db3-8618-1fa505555874,glucose_g_100g,1.08
e951267c-50f9-4470-b1c5-18656e75e013,glucose_g_100g,2.3
970da6dd-6580-4081-8d47-0a1d30d16b6c,glucose_g_100g,0.5
fcfdcc0b-9a9c-4e6c-a749-6de288235780,glucose_g_100g,0.5
c75c5ce4-d2df-4f60-b94c-e97454df8e0d,glucose_g_100g,0.5
94557fa4-d2b4-4a78-a3d3-5d0ba730d6bc,glucose_g_100g,0.56
06462060-5201-41ec-a968-03c01edd23bc,glucose_g_100g,1.3
b13e98d9-aaaf-4554-8177-8981f2ef0076,glucose_g_100g,0.84
7e156dd4-2857-43bb-9aa2-e8273f5d4544,glucose_g_100g,0.55
2d0b224f-0e8c-469e-99e3-093f678fbbb9,glucose_g_100g,1.18
f4621eaf-aab9-4967-a365-2dee2b2ec1d3,glucose_g_100g,2.6
3316b6df-9f99-4571-ba2e-4e26112c269d,glucose_g_100g,2.0
dfb9e001-42d6-45d1-adf9-1e1ef5b8b618,glucose_g_100g,0.9
ac683f79-bc03-46e6-bf1a-0b224deab0f5,glucose_g_100g,1.4
1e0718a6-48ba-4fd4-93c0-1ea52f162c9d,glucose_g_100g,0.2
9448e2cd-16f6-448b-927f-d41bb963a4b5,glucose_g_100g,0.56
23786e95-97bf-461b-8108-59f08f119dad,glucose_g_100g,0.2
3ffa59aa-e01d-4712-8f0d-d5f32d3e1ae1,glucose_g_100g,0.2
f81df9f4-b6f1-4a5f-9091-9f483352c601,glucose_g_100g,3.9
2d70d5a7-4248-41b0-b876-066c7cf60f44,glucose_g_100g,1.0
952c1496-b636-4dd7-801a-f7ca9f204c7c,glucose_g_100g,2.0
5d0e3e32-be42-46bf-94ad-13403cf6fa08,glucose_g_100g,1.8
556c3a77-8cc1-4f91-8862-a1277fde9320,glucose_g_100g,1.9
bcc613a8-72f2-455a-8126-953b1ec1685d,glucose_g_100g,1.1
18a86eb1-0980-47d3-bf22-30b1cb43aa6a,glucose_g_100g,0.7
d098a17d-e3b9-4c47-ab88-2a21e475e998,glucose_g_100g,3.48
da378dc0-6e62-4923-aabb-126110ded991,glucose_g_100g,0.03
5cb37a41-7891-44a3-b90c-f6cdda409445,glucose_g_100g,0.13
d1903e60-1cc6-4e1b-92d1-dfdc0dfc2da5,glucose_g_100g,0.2
3d9f99f2-69c6-4e09-aaa5-d296d278f643,glucose_g_100g,0.2
b6409eaf-e437-4b1d-a51b-540673e73a14,glucose_g_100g,0.1
205b2afd-157e-4d0d-ba24-b08af3951198,glucose_g_100g,0.2
91fc3f81-74fe-438a-aebe-56931dcec2c6,glucose_g_100g,0.5
7351d18f-86e3-4c84-9de1-b79b89760af8,glucose_g_100g,0.2
3fe9734c-c38f-42a6-85bf-f0281752e8ea,glucose_g_100g,0.2
08226f84-c557-4eb0-b805-a7a4004d1fe3,glucose_g_100g,0.2
0f29b08f-27ca-405b-ba3f-da4511d90c1f,glucose_g_100g,0.0
29737eff-fbab-45b7-bdfe-51aba40f7b85,glucose_g_100g,0.073
05eb140e-0246-47a8-b1d8-27f4957b3949,glucose_g_100g,0.62
7b887f04-1988-44dd-b74e-66938372902a,glucose_g_100g,0.2
4e1b279a-4454-414c-9241-c329e03f1995,glucose_g_100g,0.0
01e424c9-6471-46b7-8244-16c9a59bcc58,glucose_g_100g,0.27
28f898ab-dc19-4905-9ff6-62d5477600f7,glucose_g_100g,0.13
3f144310-58a7-4fe6-9bf2-0ce9d99ee5be,glucose_g_100g,0.34
738bd788-fd21-4363-9de0-ddc35b6813fa,glucose_g_100g,0.18
861b94d9-60da-4f46-804c-0756f4330661,glucose_g_100g,0.14
b5bfad5a-4a04-4ab6-8c8b-788397734cb2,glucose_g_100g,0.28
9c0738ab-d020-4a98-9b81-af71f7c0b878,glucose_g_100g,0.27
4d4af9ab-dd8c-4b49-be81-dd79ff210485,glucose_g_100g,0.18
2eb62878-3eb9-42ea-9a63-2691148a217c,glucose_g_100g,0.2
cc5e0af0-473e-4268-9bf2-bac740f2fab1,glucose_g_100g,0.1
ade5e763-3b9c-4947-af9d-7ff570546027,glucose_g_100g,0.1
763a92df-6900-488d-a92a-eee913d830cb,glucose_g_100g,0.064
0e04f7a5-230a-4ef6-bfc3-d803435d33bd,glucose_g_100g,0.025
6ff5f533-7197-4f48-b475-c16544a21db5,glucose_g_100g,0.1
c1a9efe3-a0c5-4d04-b942-68d3fce22837,glucose_g_100g,0.2
df607bfa-3921-4ac6-be34-119b349e9588,glucose_g_100g,0.1
d281ed75-f3cd-4916-bd9d-7fc4fc48942b,glucose_g_100g,0.2
8c68a448-5cf5-4ba4-834a-d6dd13f55496,glucose_g_100g,0.0
533c1962-b367-47ca-9d82-5910931fab39,glucose_g_100g,0.3
e99c3905-a22c-45b7-b99d-5d45edec89b1,glucose_g_100g,0.1
2b51cbcc-360d-4b29-aa3d-bc4c1a017f6c,glucose_g_100g,0.1
fec29009-a951-4587-9265-27e240e03112,glucose_g_100g,0.09
deb22a25-4fde-4ac9-a6c7-e17be1a3ba00,glucose_g_100g,33.5
e1688763-0981-4614-a70c-b18893bcd53b,glucose_g_100g,0.0
36c30c73-3777-46ee-bfe2-87df2cde70d9,glucose_g_100g,0.71
834d0ee9-e18e-454d-affb-bb0096078817,glucose_g_100g,0.2
46abb1a9-f4c1-4dc1-8799-ac50ee190ee5,glucose_g_100g,6.0
352d9c01-c3ee-411e-9813-9ce3eae4c698,glucose_g_100g,0.3
1db8868c-7aea-4358-8e8e-f2f33f427798,glucose_g_100g,0.1
e3fbdb74-16a8-4680-9cd0-16044b435725,glucose_g_100g,0.0
e4f9dca3-4573-4d6e-8fec-6e0d8a7bb48f,glucose_g_100g,1.47
274e083e-46d2-4cce-b79a-a3a711d81248,glucose_g_100g,1.09
862f5667-0461-4212-9246-2a8104ee3288,glucose_g_100g,0.24
5e615f07-5e6b-403b-b1f7-47d4df6c9ed7,glucose_g_100g,1.04
663312e9-6d02-4cfe-aaf7-8616a2b41629,glucose_g_100g,0.36
85b41f4f-b07a-4a17-9044-d09b8d16ee60,glucose_g_100g,0.5
0d565da3-5008-4699-a3a2-c13575d82d8a,glucose_g_100g,0.2
e0dadf12-938f-45d9-a885-3e8df7ec3fe0,lactose_g_100g,0.2
bd8d6fd3-2406-435d-9a92-c1546127e8e5,lactose_g_100g,0.2
b05db49a-9212-44d3-9187-1da7870c1c9f,lactose_g_100g,0.0
69da9d55-f3f4-4db3-8618-1fa505555874,lactose_g_100g,0.0
e951267c-50f9-4470-b1c5-18656e75e013,lactose_g_100g,0.2
970da6dd-6580-4081-8d47-0a1d30d16b6c,lactose_g_100g,0.5
fcfdcc0b-9a9c-4e6c-a749-6de288235780,lactose_g_100g,0.5
c75c5ce4-d2df-4f60-b94c-e97454df8e0d,lactose_g_100g,0.5
94557fa4-d2b4-4a78-a3d3-5d0ba730d6bc,lactose_g_100g,0.0
06462060-5201-41ec-a968-03c01edd23bc,lactose_g_100g,0.5
b13e98d9-aaaf-4554-8177-8981f2ef0076,lactose_g_100g,0.0
7e156dd4-2857-43bb-9aa2-e8273f5d4544,lactose_g_100g,0.0
2d0b224f-0e8c-469e-99e3-093f678fbbb9,lactose_g_100g,0.0
f4621eaf-aab9-4967-a365-2dee2b2ec1d3,lactose_g_100g,0.1
3316b6df-9f99-4571-ba2e-4e26112c269d,lactose_g_100g,0.2
dfb9e001-42d6-45d1-adf9-1e1ef5b8b618,lactose_g_100g,0.2
ac683f79-bc03-46e6-bf1a-0b224deab0f5,lactose_g_100g,0.2
1e0718a6-48ba-4fd4-93c0-1ea52f162c9d,lactose_g_100g,0.2
9448e2cd-16f6-448b-927f-d41bb963a4b5,lactose_g_100g,0.0
23786e95-97bf-461b-8108-59f08f119dad,lactose_g_100g,0.2
3ffa59aa-e01d-4712-8f0d-d5f32d3e1ae1,lactose_g_100g,0.2
f81df9f4-b6f1-4a5f-9091-9f483352c601,lactose_g_100g,0.2
2d70d5a7-4248-41b0-b876-066c7cf60f44,lactose_g_100g,0.2
952c1496-b636-4dd7-801a-f7ca9f204c7c,lactose_g_100g,0.2
5d0e3e32-be42-46bf-94ad-13403cf6fa08,lactose_g_100g,0.2
556c3a77-8cc1-4f91-8862-a1277fde9320,lactose_g_100g,0.2
bcc613a8-72f2-455a-8126-953b1ec1685d,lactose_g_100g,0.2
18a86eb1-0980-47d3-bf22-30b1cb43aa6a,lactose_g_100g,0.2
da378dc0-6e62-4923-aabb-126110ded991,lactose_g_100g,0.0
5cb37a41-7891-44a3-b90c-f6cdda409445,lactose_g_100g,0.0
d1903e60-1cc6-4e1b-92d1-dfdc0dfc2da5,lactose_g_100g,0.2
3d9f99f2-69c6-4e09-aaa5-d296d278f643,lactose_g_100g,0.2
b6409eaf-e437-4b1d-a51b-540673e73a14,lactose_g_100g,0.1
205b2afd-157e-4d0d-ba24-b08af3951198,lactose_g_100g,0.2
91fc3f81-74fe-438a-aebe-56931dcec2c6,lactose_g_100g,0.5
7351d18f-86e3-4c84-9de1-b79b89760af8,lactose_g_100g,0.2
3fe9734c-c38f-42a6-85bf-f0281752e8ea,lactose_g_100g,0.2
08226f84-c557-4eb0-b805-a7a4004d1fe3,lactose_g_100g,0.2
0f29b08f-27ca-405b-ba3f-da4511d90c1f,lactose_g_100g,0.0
29737eff-fbab-45b7-bdfe-51aba40f7b85,lactose_g_100g,0.1
05eb140e-0246-47a8-b1d8-27f4957b3949,lactose_g_100g,0.1
7b887f04-1988-44dd-b74e-66938372902a,lactose_g_100g,0.2
4e1b279a-4454-414c-9241-c329e03f1995,lactose_g_100g,0.0
01e424c9-6471-46b7-8244-16c9a59bcc58,lactose_g_100g,0.2
3f144310-58a7-4fe6-9bf2-0ce9d99ee5be,lactose_g_100g,0.07
738bd788-fd21-4363-9de0-ddc35b6813fa,lactose_g_100g,0.07
861b94d9-60da-4f46-804c-0756f4330661,lactose_g_100g,0.075
9c0738ab-d020-4a98-9b81-af71f7c0b878,lactose_g_100g,0.0
4d4af9ab-dd8c-4b49-be81-dd79ff210485,lactose_g_100g,0.07
2eb62878-3eb9-42ea-9a63-2691148a217c,lactose_g_100g,4.0
cc5e0af0-473e-4268-9bf2-bac740f2fab1,lactose_g_100g,4.66
ade5e763-3b9c-4947-af9d-7ff570546027,lactose_g_100g,4.81
763a92df-6900-488d-a92a-eee913d830cb,lactose_g_100g,2.11
0e04f7a5-230a-4ef6-bfc3-d803435d33bd,lactose_g_100g,3.73
6ff5f533-7197-4f48-b475-c16544a21db5,lactose_g_100g,0.1
c1a9efe3-a0c5-4d04-b942-68d3fce22837,lactose_g_100g,0.2
df607bfa-3921-4ac6-be34-119b349e9588,lactose_g_100g,0.7
d281ed75-f3cd-4916-bd9d-7fc4fc48942b,lactose_g_100g,0.2
8c68a448-5cf5-4ba4-834a-d6dd13f55496,lactose_g_100g,0.0
e99c3905-a22c-45b7-b99d-5d45edec89b1,lactose_g_100g,0.1
fec29009-a951-4587-9265-27e240e03112,lactose_g_100g,0.1
e1688763-0981-4614-a70c-b18893bcd53b,lactose_g_100g,0.0
36c30c73-3777-46ee-bfe2-87df2cde70d9,lactose_g_100g,0.0
834d0ee9-e18e-454d-affb-bb0096078817,lactose_g_100g,0.2
46abb1a9-f4c1-4dc1-8799-ac50ee190ee5,lactose_g_100g,0.2
352d9c01-c3ee-411e-9813-9ce3eae4c698,lactose_g_100g,0.2
1db8868c-7aea-4358-8e8e-f2f33f427798,lactose_g_100g,1.26
e3fbdb74-16a8-4680-9cd0-16044b435725,lactose_g_100g,0.0
e4f9dca3-4573-4d6e-8fec-6e0d8a7bb48f,lactose_g_100g,0.2
274e083e-46d2-4cce-b79a-a3a711d81248,lactose_g_100g,0.0
862f5667-0461-4212-9246-2a8104ee3288,lactose_g_100g,0.0
5e615f07-5e6b-403b-b1f7-47d4df6c9ed7,lactose_g_100g,0.0
9a652d31-eda3-4fe7-8e83-7ead894ca0e2,lactose_g_100g,0.0
663312e9-6d02-4cfe-aaf7-8616a2b41629,lactose_g_100g,0.2
85b41f4f-b07a-4a17-9044-d09b8d16ee60,lactose_g_100g,0.0
0d565da3-5008-4699-a3a2-c13575d82d8a,lactose_g_100g,0.2
e0dadf12-938f-45d9-a885-3e8df7ec3fe0,maltose_g_100g,0.2
bd8d6fd3-2406-435d-9a92-c1546127e8e5,maltose_g_100g,0.2
b05db49a-9212-44d3-9187-1da7870c1c9f,maltose_g_100g,0.0
69da9d55-f3f4-4db3-8618-1fa505555874,maltose_g_100g,0.0
e951267c-50f9-4470-b1c5-18656e75e013,maltose_g_100g,0.2
970da6dd-6580-4081-8d47-0a1d30d16b6c,maltose_g_100g,0.5
fcfdcc0b-9a9c-4e6c-a749-6de288235780,maltose_g_100g,0.5
c75c5ce4-d2df-4f60-b94c-e97454df8e0d,maltose_g_100g,0.5
94557fa4-d2b4-4a78-a3d3-5d0ba730d6bc,maltose_g_100g,0.0
06462060-5201-41ec-a968-03c01edd23bc,maltose_g_100g,0.5
b13e98d9-aaaf-4554-8177-8981f2ef0076,maltose_g_100g,0.17
7e156dd4-2857-43bb-9aa2-e8273f5d4544,maltose_g_100g,0.17
2d0b224f-0e8c-469e-99e3-093f678fbbb9,maltose_g_100g,0.0
f4621eaf-aab9-4967-a365-2dee2b2ec1d3,maltose_g_100g,0.15
3316b6df-9f99-4571-ba2e-4e26112c269d,maltose_g_100g,0.2
dfb9e001-42d6-45d1-adf9-1e1ef5b8b618,maltose_g_100g,0.2
ac683f79-bc03-46e6-bf1a-0b224deab0f5,maltose_g_100g,0.2
1e0718a6-48ba-4fd4-93c0-1ea52f162c9d,maltose_g_100g,0.2
9448e2cd-16f6-448b-927f-d41bb963a4b5,maltose_g_100g,3.23
23786e95-97bf-461b-8108-59f08f119dad,maltose_g_100g,0.2
3ffa59aa-e01d-4712-8f0d-d5f32d3e1ae1,maltose_g_100g,0.2
f81df9f4-b6f1-4a5f-9091-9f483352c601,maltose_g_100g,0.2
2d70d5a7-4248-41b0-b876-066c7cf60f44,maltose_g_100g,0.2
952c1496-b636-4dd7-801a-f7ca9f204c7c,maltose_g_100g,0.2
5d0e3e32-be42-46bf-94ad-13403cf6fa08,maltose_g_100g,0.2
556c3a77-8cc1-4f91-8862-a1277fde9320,maltose_g_100g,0.2
bcc613a8-72f2-455a-8126-953b1ec1685d,maltose_g_100g,0.2
18a86eb1-0980-47d3-bf22-30b1cb43aa6a,maltose_g_100g,0.2
d098a17d-e3b9-4c47-ab88-2a21e475e998,maltose_g_100g,0.3
da378dc0-6e62-4923-aabb-126110ded991,maltose_g_100g,0.14
5cb37a41-7891-44a3-b90c-f6cdda409445,maltose_g_100g,0.0
d1903e60-1cc6-4e1b-92d1-dfdc0dfc2da5,maltose_g_100g,0.2
3d9f99f2-69c6-4e09-aaa5-d296d278f643,maltose_g_100g,0.2
b6409eaf-e437-4b1d-a51b-540673e73a14,maltose_g_100g,0.1
205b2afd-157e-4d0d-ba24-b08af3951198,maltose_g_100g,0.6
91fc3f81-74fe-438a-aebe-56931dcec2c6,maltose_g_100g,0.5
7351d18f-86e3-4c84-9de1-b79b89760af8,maltose_g_100g,0.6
3fe9734c-c38f-42a6-85bf-f0281752e8ea,maltose_g_100g,1.0
08226f84-c557-4eb0-b805-a7a4004d1fe3,maltose_g_100g,1.9
0f29b08f-27ca-405b-ba3f-da4511d90c1f,maltose_g_100g,0.0
29737eff-fbab-45b7-bdfe-51aba40f7b85,maltose_g_100g,1.2
05eb140e-0246-47a8-b1d8-27f4957b3949,maltose_g_100g,1.71
7b887f04-1988-44dd-b74e-66938372902a,maltose_g_100g,0.2
4e1b279a-4454-414c-9241-c329e03f1995,maltose_g_100g,0.0
01e424c9-6471-46b7-8244-16c9a59bcc58,maltose_g_100g,0.53
28f898ab-dc19-4905-9ff6-62d5477600f7,maltose_g_100g,0.3
3f144310-58a7-4fe6-9bf2-0ce9d99ee5be,maltose_g_100g,0.07
738bd788-fd21-4363-9de0-ddc35b6813fa,maltose_g_100g,0.07
861b94d9-60da-4f46-804c-0756f4330661,maltose_g_100g,0.075
b5bfad5a-4a04-4ab6-8c8b-788397734cb2,maltose_g_100g,0.0
9c0738ab-d020-4a98-9b81-af71f7c0b878,maltose_g_100g,0.15
4d4af9ab-dd8c-4b49-be81-dd79ff210485,maltose_g_100g,0.07
2eb62878-3eb9-42ea-9a63-2691148a217c,maltose_g_100g,0.2
cc5e0af0-473e-4268-9bf2-bac740f2fab1,maltose_g_100g,0.1
ade5e763-3b9c-4947-af9d-7ff570546027,maltose_g_100g,0.1
763a92df-6900-488d-a92a-eee913d830cb,maltose_g_100g,0.1
0e04f7a5-230a-4ef6-bfc3-d803435d33bd,maltose_g_100g,0.0017
6ff5f533-7197-4f48-b475-c16544a21db5,maltose_g_100g,0.1
c1a9efe3-a0c5-4d04-b942-68d3fce22837,maltose_g_100g,0.2
df607bfa-3921-4ac6-be34-119b349e9588,maltose_g_100g,0.1
d281ed75-f3cd-4916-bd9d-7fc4fc48942b,maltose_g_100g,0.2
8c68a448-5cf5-4ba4-834a-d6dd13f55496,maltose_g_100g,0.0
533c1962-b367-47ca-9d82-5910931fab39,maltose_g_100g,0.3
e99c3905-a22c-45b7-b99d-5d45edec89b1,maltose_g_100g,0.1
fec29009-a951-4587-9265-27e240e03112,maltose_g_100g,0.1
deb22a25-4fde-4ac9-a6c7-e17be1a3ba00,maltose_g_100g,1.49
e1688763-0981-4614-a70c-b18893bcd53b,maltose_g_100g,0.0
36c30c73-3777-46ee-bfe2-87df2cde70d9,maltose_g_100g,0.0
834d0ee9-e18e-454d-affb-bb0096078817,maltose_g_100g,0.2
46abb1a9-f4c1-4dc1-8799-ac50ee190ee5,maltose_g_100g,0.2
352d9c01-c3ee-411e-9813-9ce3eae4c698,maltose_g_100g,0.2
1db8868c-7aea-4358-8e8e-f2f33f427798,maltose_g_100g,0.1
e3fbdb74-16a8-4680-9cd0-16044b435725,maltose_g_100g,0.0
e4f9dca3-4573-4d6e-8fec-6e0d8a7bb48f,maltose_g_100g,0.2
274e083e-46d2-4cce-b79a-a3a711d81248,maltose_g_100g,0.0
862f5667-0461-4212-9246-2a8104ee3288,maltose_g_100g,0.0
5e615f07-5e6b-403b-b1f7-47d4df6c9ed7,maltose_g_100g,0.0
663312e9-6d02-4cfe-aaf7-8616a2b41629,maltose_g_100g,0.2
85b41f4f-b07a-4a17-9044-d09b8d16ee60,maltose_g_100g,0.0
0d565da3-5008-4699-a3a2-c13575d82d8a,maltose_g_100g,0.2
e0dadf12-938f-45d9-a885-3e8df7ec3fe0,saccharose_g_100g,0.2
bd8d6fd3-2406-435d-9a92-c1546127e8e5,saccharose_g_100g,4.0
b05db49a-9212-44d3-9187-1da7870c1c9f,saccharose_g_100g,0.0
69da9d55-f3f4-4db3-8618-1fa505555874,saccharose_g_100g,0.0
e951267c-50f9-4470-b1c5-18656e75e013,saccharose_g_100g,0.2
970da6dd-6580-4081-8d47-0a1d30d16b6c,saccharose_g_100g,0.5
fcfdcc0b-9a9c-4e6c-a749-6de288235780,saccharose_g_100g,1.3
c75c5ce4-d2df-4f60-b94c-e97454df8e0d,saccharose_g_100g,0.5
94557fa4-d2b4-4a78-a3d3-5d0ba730d6bc,saccharose_g_100g,0.11
06462060-5201-41ec-a968-03c01edd23bc,saccharose_g_100g,1.2
b13e98d9-aaaf-4554-8177-8981f2ef0076,saccharose_g_100g,2.74
7e156dd4-2857-43bb-9aa2-e8273f5d4544,saccharose_g_100g,3.91
2d0b224f-0e8c-469e-99e3-093f678fbbb9,saccharose_g_100g,0.0
f4621eaf-aab9-4967-a365-2dee2b2ec1d3,saccharose_g_100g,0.25
3316b6df-9f99-4571-ba2e-4e26112c269d,saccharose_g_100g,1.5
dfb9e001-42d6-45d1-adf9-1e1ef5b8b618,saccharose_g_100g,0.3
ac683f79-bc03-46e6-bf1a-0b224deab0f5,saccharose_g_100g,0.2
1e0718a6-48ba-4fd4-93c0-1ea52f162c9d,saccharose_g_100g,0.2
9448e2cd-16f6-448b-927f-d41bb963a4b5,saccharose_g_100g,1.86
23786e95-97bf-461b-8108-59f08f119dad,saccharose_g_100g,0.5
d8c6e29e-5eaa-401f-aa0a-dc74d777a907,saccharose_g_100g,0.44
3ffa59aa-e01d-4712-8f0d-d5f32d3e1ae1,saccharose_g_100g,0.26
f81df9f4-b6f1-4a5f-9091-9f483352c601,saccharose_g_100g,7.9
2d70d5a7-4248-41b0-b876-066c7cf60f44,saccharose_g_100g,8.5
952c1496-b636-4dd7-801a-f7ca9f204c7c,saccharose_g_100g,3.5
5d0e3e32-be42-46bf-94ad-13403cf6fa08,saccharose_g_100g,2.5
556c3a77-8cc1-4f91-8862-a1277fde9320,saccharose_g_100g,2.8
bcc613a8-72f2-455a-8126-953b1ec1685d,saccharose_g_100g,3.7
18a86eb1-0980-47d3-bf22-30b1cb43aa6a,saccharose_g_100g,6.3
d098a17d-e3b9-4c47-ab88-2a21e475e998,saccharose_g_100g,0.3
da378dc0-6e62-4923-aabb-126110ded991,saccharose_g_100g,4.46
5cb37a41-7891-44a3-b90c-f6cdda409445,saccharose_g_100g,10.2
d1903e60-1cc6-4e1b-92d1-dfdc0dfc2da5,saccharose_g_100g,0.2
3d9f99f2-69c6-4e09-aaa5-d296d278f643,saccharose_g_100g,0.2
b6409eaf-e437-4b1d-a51b-540673e73a14,saccharose_g_100g,0.87
205b2afd-157e-4d0d-ba24-b08af3951198,saccharose_g_100g,0.2
91fc3f81-74fe-438a-aebe-56931dcec2c6,saccharose_g_100g,0.5
7351d18f-86e3-4c84-9de1-b79b89760af8,saccharose_g_100g,0.2
3fe9734c-c38f-42a6-85bf-f0281752e8ea,saccharose_g_100g,0.2
08226f84-c557-4eb0-b805-a7a4004d1fe3,saccharose_g_100g,0.2
0f29b08f-27ca-405b-ba3f-da4511d90c1f,saccharose_g_100g,0.97
29737eff-fbab-45b7-bdfe-51aba40f7b85,saccharose_g_100g,0.23
05eb140e-0246-47a8-b1d8-27f4957b3949,saccharose_g_100g,0.17
7b887f04-1988-44dd-b74e-66938372902a,saccharose_g_100g,0.2
4e1b279a-4454-414c-9241-c329e03f1995,saccharose_g_100g,0.0
01e424c9-6471-46b7-8244-16c9a59bcc58,saccharose_g_100g,0.2
28f898ab-dc19-4905-9ff6-62d5477600f7,saccharose_g_100g,0.29
3f144310-58a7-4fe6-9bf2-0ce9d99ee5be,saccharose_g_100g,0.07
738bd788-fd21-4363-9de0-ddc35b6813fa,saccharose_g_100g,0.07
861b94d9-60da-4f46-804c-0756f4330661,saccharose_g_100g,0.075
b5bfad5a-4a04-4ab6-8c8b-788397734cb2,saccharose_g_100g,0.0
9c0738ab-d020-4a98-9b81-af71f7c0b878,saccharose_g_100g,0.15
4d4af9ab-dd8c-4b49-be81-dd79ff210485,saccharose_g_100g,0.07
2eb62878-3eb9-42ea-9a63-2691148a217c,saccharose_g_100g,0.2
cc5e0af0-473e-4268-9bf2-bac740f2fab1,saccharose_g_100g,0.1
ade5e763-3b9c-4947-af9d-7ff570546027,saccharose_g_100g,0.1
763a92df-6900-488d-a92a-eee913d830cb,saccharose_g_100g,0.1
0e04f7a5-230a-4ef6-bfc3-d803435d33bd,saccharose_g_100g,0.0017
6ff5f533-7197-4f48-b475-c16544a21db5,saccharose_g_100g,0.1
c1a9efe3-a0c5-4d04-b942-68d3fce22837,saccharose_g_100g,0.2
df607bfa-3921-4ac6-be34-119b349e9588,saccharose_g_100g,0.1
d281ed75-f3cd-4916-bd9d-7fc4fc48942b,saccharose_g_100g,0.2
8c68a448-5cf5-4ba4-834a-d6dd13f55496,saccharose_g_100g,0.0
533c1962-b367-47ca-9d82-5910931fab39,saccharose_g_100g,2.0
e99c3905-a22c-45b7-b99d-5d45edec89b1,saccharose_g_100g,0.1
fec29009-a951-4587-9265-27e240e03112,saccharose_g_100g,0.05
deb22a25-4fde-4ac9-a6c7-e17be1a3ba00,saccharose_g_100g,1.24
e1688763-0981-4614-a70c-b18893bcd53b,saccharose_g_100g,99.8
36c30c73-3777-46ee-bfe2-87df2cde70d9,saccharose_g_100g,61.5
834d0ee9-e18e-454d-affb-bb0096078817,saccharose_g_100g,17.9
46abb1a9-f4c1-4dc1-8799-ac50ee190ee5,saccharose_g_100g,2.8
352d9c01-c3ee-411e-9813-9ce3eae4c698,saccharose_g_100g,0.2
1db8868c-7aea-4358-8e8e-f2f33f427798,saccharose_g_100g,0.1
e3fbdb74-16a8-4680-9cd0-16044b435725,saccharose_g_100g,0.0
e4f9dca3-4573-4d6e-8fec-6e0d8a7bb48f,saccharose_g_100g,0.57
274e083e-46d2-4cce-b79a-a3a711d81248,saccharose_g_100g,0.59
862f5667-0461-4212-9246-2a8104ee3288,saccharose_g_100g,0.02
5e615f07-5e6b-403b-b1f7-47d4df6c9ed7,saccharose_g_100g,0.02
663312e9-6d02-4cfe-aaf7-8616a2b41629,saccharose_g_100g,0.2
85b41f4f-b07a-4a17-9044-d09b8d16ee60,saccharose_g_100g,0.0
0d565da3-5008-4699-a3a2-c13575d82d8a,saccharose_g_100g,1.2
e0dadf12-938f-45d9-a885-3e8df7ec3fe0,starch_g_100g,0.35
bd8d6fd3-2406-435d-9a92-c1546127e8e5,starch_g_100g,0.4
b05db49a-9212-44d3-9187-1da7870c1c9f,starch_g_100g,0.0
69da9d55-f3f4-4db3-8618-1fa505555874,starch_g_100g,0.0
e951267c-50f9-4470-b1c5-18656e75e013,starch_g_100g,0.35
970da6dd-6580-4081-8d47-0a1d30d16b6c,starch_g_100g,0.5
fcfdcc0b-9a9c-4e6c-a749-6de288235780,starch_g_100g,0.5
c75c5ce4-d2df-4f60-b94c-e97454df8e0d,starch_g_100g,0.5
06462060-5201-41ec-a968-03c01edd23bc,starch_g_100g,0.5
7e156dd4-2857-43bb-9aa2-e8273f5d4544,starch_g_100g,13.1
2d0b224f-0e8c-469e-99e3-093f678fbbb9,starch_g_100g,0.0
3316b6df-9f99-4571-ba2e-4e26112c269d,starch_g_100g,0.35
dfb9e001-42d6-45d1-adf9-1e1ef5b8b618,starch_g_100g,0.35
ac683f79-bc03-46e6-bf1a-0b224deab0f5,starch_g_100g,0.35
1e0718a6-48ba-4fd4-93c0-1ea52f162c9d,starch_g_100g,0.35
9448e2cd-16f6-448b-927f-d41bb963a4b5,starch_g_100g,6.14
23786e95-97bf-461b-8108-59f08f119dad,starch_g_100g,11.5
3ffa59aa-e01d-4712-8f0d-d5f32d3e1ae1,starch_g_100g,14.7
f81df9f4-b6f1-4a5f-9091-9f483352c601,starch_g_100g,3.8
2d70d5a7-4248-41b0-b876-066c7cf60f44,starch_g_100g,1.1
952c1496-b636-4dd7-801a-f7ca9f204c7c,starch_g_100g,0.35
5d0e3e32-be42-46bf-94ad-13403cf6fa08,starch_g_100g,0.35
556c3a77-8cc1-4f91-8862-a1277fde9320,starch_g_100g,0.35
fcff9b94-2817-4101-af7a-d7fb3117c338,starch_g_100g,0.0
bcc613a8-72f2-455a-8126-953b1ec1685d,starch_g_100g,0.35
18a86eb1-0980-47d3-bf22-30b1cb43aa6a,starch_g_100g,0.6
d098a17d-e3b9-4c47-ab88-2a21e475e998,starch_g_100g,0.013
da378dc0-6e62-4923-aabb-126110ded991,starch_g_100g,1.0
5cb37a41-7891-44a3-b90c-f6cdda409445,starch_g_100g,3.56
d1903e60-1cc6-4e1b-92d1-dfdc0dfc2da5,starch_g_100g,30.4
3d9f99f2-69c6-4e09-aaa5-d296d278f643,starch_g_100g,27.7
b6409eaf-e437-4b1d-a51b-540673e73a14,starch_g_100g,24.3
205b2afd-157e-4d0d-ba24-b08af3951198,starch_g_100g,21.7
91fc3f81-74fe-438a-aebe-56931dcec2c6,starch_g_100g,17.5
7351d18f-86e3-4c84-9de1-b79b89760af8,starch_g_100g,21.6
3fe9734c-c38f-42a6-85bf-f0281752e8ea,starch_g_100g,29.3
4c3d49b5-5471-432a-a259-b662b1f6b862,starch_g_100g,64.1
08226f84-c557-4eb0-b805-a7a4004d1fe3,starch_g_100g,35.1
0f29b08f-27ca-405b-ba3f-da4511d90c1f,starch_g_100g,56.9
05eb140e-0246-47a8-b1d8-27f4957b3949,starch_g_100g,50.5
81e5a2f9-3e0c-42c9-a071-c4df692e7f31,starch_g_100g,0.0
28f898ab-dc19-4905-9ff6-62d5477600f7,starch_g_100g,1.91
a2e8f29f-07e2-490f-93c5-92134ac4d00b,starch_g_100g,0.01
a9c3a0c2-605a-4103-a495-201402935bc5,starch_g_100g,0.0
3f144310-58a7-4fe6-9bf2-0ce9d99ee5be,starch_g_100g,0.0
738bd788-fd21-4363-9de0-ddc35b6813fa,starch_g_100g,0.0
861b94d9-60da-4f46-804c-0756f4330661,starch_g_100g,0.0
b5bfad5a-4a04-4ab6-8c8b-788397734cb2,starch_g_100g,0.0
9c0738ab-d020-4a98-9b81-af71f7c0b878,starch_g_100g,0.0
4d4af9ab-dd8c-4b49-be81-dd79ff210485,starch_g_100g,0.0
2eb62878-3eb9-42ea-9a63-2691148a217c,starch_g_100g,0.0
cc5e0af0-473e-4268-9bf2-bac740f2fab1,starch_g_100g,0.0
ade5e763-3b9c-4947-af9d-7ff570546027,starch_g_100g,0.0
763a92df-6900-488d-a92a-eee913d830cb,starch_g_100g,0.0
d62036e2-ba65-4a28-aad2-ee568cb4b498,starch_g_100g,0.0
6ff5f533-7197-4f48-b475-c16544a21db5,starch_g_100g,0.0
df607bfa-3921-4ac6-be34-119b349e9588,starch_g_100g,0.0
d281ed75-f3cd-4916-bd9d-7fc4fc48942b,starch_g_100g,0.0
04382c90-f07b-4268-b358-f4936f5b8c78,starch_g_100g,0.0
8c68a448-5cf5-4ba4-834a-d6dd13f55496,starch_g_100g,0.0
e99c3905-a22c-45b7-b99d-5d45edec89b1,starch_g_100g,0.3
2b51cbcc-360d-4b29-aa3d-bc4c1a017f6c,starch_g_100g,0.0
fec29009-a951-4587-9265-27e240e03112,starch_g_100g,0.0
deb22a25-4fde-4ac9-a6c7-e17be1a3ba00,starch_g_100g,0.0
e1688763-0981-4614-a70c-b18893bcd53b,starch_g_100g,0.0
834d0ee9-e18e-454d-affb-bb0096078817,starch_g_100g,4.4
46abb1a9-f4c1-4dc1-8799-ac50ee190ee5,starch_g_100g,43.0
352d9c01-c3ee-411e-9813-9ce3eae4c698,starch_g_100g,23.3
e3fbdb74-16a8-4680-9cd0-16044b435725,starch_g_100g,0.0
e4f9dca3-4573-4d6e-8fec-6e0d8a7bb48f,starch_g_100g,0.5
663312e9-6d02-4cfe-aaf7-8616a2b41629,starch_g_100g,2.0
1fb6ee8a-65e8-4da5-891f-9b1f64a1179a,starch_g_100g,0.0
85b41f4f-b07a-4a17-9044-d09b8d16ee60,starch_g_100g,0.36
c9ce1563-cea5-4ab9-b51b-c3951098bd35,starch_g_100g,0.0
0d565da3-5008-4699-a3a2-c13575d82d8a,starch_g_100g,0.35
940d778a-3303-4e51-83d5-dfdd64192939,starch_g_100g,2.0
e0dadf12-938f-45d9-a885-3e8df7ec3fe0,fiber_g_100g,3.6
bd8d6fd3-2406-435d-9a92-c1546127e8e5,fiber_g_100g,2.7
b05db49a-9212-44d3-9187-1da7870c1c9f,fiber_g_100g,1.2
69da9d55-f3f4-4db3-8618-1fa505555874,fiber_g_100g,1.2
e951267c-50f9-4470-b1c5-18656e75e013,fiber_g_100g,1.2
970da6dd-6580-4081-8d47-0a1d30d16b6c,fiber_g_100g,1.5
fcfdcc0b-9a9c-4e6c-a749-6de288235780,fiber_g_100g,2.8
c75c5ce4-d2df-4f60-b94c-e97454df8e0d,fiber_g_100g,1.5
94557fa4-d2b4-4a78-a3d3-5d0ba730d6bc,fiber_g_100g,1.6
06462060-5201-41ec-a968-03c01edd23bc,fiber_g_100g,1.4
b13e98d9-aaaf-4554-8177-8981f2ef0076,fiber_g_100g,2.4
7e156dd4-2857-43bb-9aa2-e8273f5d4544,fiber_g_100g,3.1
39ce4bb8-b5a4-42b5-96d9-fab0dac1a0dd,fiber_g_100g,2.2
0261cb12-1fd6-46e1-9e3a-8064f63e6b45,fiber_g_100g,2.1
2d0b224f-0e8c-469e-99e3-093f678fbbb9,fiber_g_100g,0.7
f4621eaf-aab9-4967-a365-2dee2b2ec1d3,fiber_g_100g,2.6
3316b6df-9f99-4571-ba2e-4e26112c269d,fiber_g_100g,2.8
dfb9e001-42d6-45d1-adf9-1e1ef5b8b618,fiber_g_100g,3.1
ac683f79-bc03-46e6-bf1a-0b224deab0f5,fiber_g_100g,1.9
1e0718a6-48ba-4fd4-93c0-1ea52f162c9d,fiber_g_100g,3.5
9448e2cd-16f6-448b-927f-d41bb963a4b5,fiber_g_100g,2.9
23786e95-97bf-461b-8108-59f08f119dad,fiber_g_100g,11.6
d8c6e29e-5eaa-401f-aa0a-dc74d777a907,fiber_g_100g,5.45
3ffa59aa-e01d-4712-8f0d-d5f32d3e1ae1,fiber_g_100g,8.2
f81df9f4-b6f1-4a5f-9091-9f483352c601,fiber_g_100g,2.7
2d70d5a7-4248-41b0-b876-066c7cf60f44,fiber_g_100g,1.6
952c1496-b636-4dd7-801a-f7ca9f204c7c,fiber_g_100g,2.7
5d0e3e32-be42-46bf-94ad-13403cf6fa08,fiber_g_100g,0.5
556c3a77-8cc1-4f91-8862-a1277fde9320,fiber_g_100g,0.8
fcff9b94-2817-4101-af7a-d7fb3117c338,fiber_g_100g,2.47
bcc613a8-72f2-455a-8126-953b1ec1685d,fiber_g_100g,1.9
18a86eb1-0980-47d3-bf22-30b1cb43aa6a,fiber_g_100g,1.1
d098a17d-e3b9-4c47-ab88-2a21e475e998,fiber_g_100g,5.3
da378dc0-6e62-4923-aabb-126110ded991,fiber_g_100g,9.9
99574f09-8377-49bd-a2c6-cf945ac2cc62,fiber_g_100g,34.4
5cb37a41-7891-44a3-b90c-f6cdda409445,fiber_g_100g,5.0
d1903e60-1cc6-4e1b-92d1-dfdc0dfc2da5,fiber_g_100g,2.3
3d9f99f2-69c6-4e09-aaa5-d296d278f643,fiber_g_100g,0.8
b6409eaf-e437-4b1d-a51b-540673e73a14,fiber_g_100g,3.8
205b2afd-157e-4d0d-ba24-b08af3951198,fiber_g_100g,1.9
91fc3f81-74fe-438a-aebe-56931dcec2c6,fiber_g_100g,1.5
7351d18f-86e3-4c84-9de1-b79b89760af8,fiber_g_100g,3.3
3fe9734c-c38f-42a6-85bf-f0281752e8ea,fiber_g_100g,2.0
4c3d49b5-5471-432a-a259-b662b1f6b862,fiber_g_100g,5.7
08226f84-c557-4eb0-b805-a7a4004d1fe3,fiber_g_100g,6.9
0f29b08f-27ca-405b-ba3f-da4511d90c1f,fiber_g_100g,10.2
29737eff-fbab-45b7-bdfe-51aba40f7b85,fiber_g_100g,3.5
05eb140e-0246-47a8-b1d8-27f4957b3949,fiber_g_100g,1.7
30e0ee8d-4cf7-46bd-a62a-66714d8cd521,fiber_g_100g,0.0
7b887f04-1988-44dd-b74e-66938372902a,fiber_g_100g,0.0
4e1b279a-4454-414c-9241-c329e03f1995,fiber_g_100g,0.0
81e5a2f9-3e0c-42c9-a071-c4df692e7f31,fiber_g_100g,0.15
01e424c9-6471-46b7-8244-16c9a59bcc58,fiber_g_100g,0.0
28f898ab-dc19-4905-9ff6-62d5477600f7,fiber_g_100g,1.55
a2e8f29f-07e2-490f-93c5-92134ac4d00b,fiber_g_100g,0.0
a9c3a0c2-605a-4103-a495-201402935bc5,fiber_g_100g,0.0
3f144310-58a7-4fe6-9bf2-0ce9d99ee5be,fiber_g_100g,0.0
738bd788-fd21-4363-9de0-ddc35b6813fa,fiber_g_100g,0.0
861b94d9-60da-4f46-804c-0756f4330661,fiber_g_100g,0.0
b5bfad5a-4a04-4ab6-8c8b-788397734cb2,fiber_g_100g,0.0
9c0738ab-d020-4a98-9b81-af71f7c0b878,fiber_g_100g,0.0
4d4af9ab-dd8c-4b49-be81-dd79ff210485,fiber_g_100g,0.0
2eb62878-3eb9-42ea-9a63-2691148a217c,fiber_g_100g,0.0
cc5e0af0-473e-4268-9bf2-bac740f2fab1,fiber_g_100g,0.0
ade5e763-3b9c-4947-af9d-7ff570546027,fiber_g_100g,0.0
763a92df-6900-488d-a92a-eee913d830cb,fiber_g_100g,3.0
323a942d-3817-4317-8a01-e1099026f744,fiber_g_100g,0.14
d62036e2-ba65-4a28-aad2-ee568cb4b498,fiber_g_100g,0.0
6ff5f533-7197-4f48-b475-c16544a21db5,fiber_g_100g,0.0
c1a9efe3-a0c5-4d04-b942-68d3fce22837,fiber_g_100g,0.0
df607bfa-3921-4ac6-be34-119b349e9588,fiber_g_100g,0.0
d281ed75-f3cd-4916-bd9d-7fc4fc48942b,fiber_g_100g,0.0
04382c90-f07b-4268-b358-f4936f5b8c78,fiber_g_100g,0.0
8c68a448-5cf5-4ba4-834a-d6dd13f55496,fiber_g_100g,0.0
533c1962-b367-47ca-9d82-5910931fab39,fiber_g_100g,0.57
e99c3905-a22c-45b7-b99d-5d45edec89b1,fiber_g_100g,0.5
2b51cbcc-360d-4b29-aa3d-bc4c1a017f6c,fiber_g_100g,0.0
fec29009-a951-4587-9265-27e240e03112,fiber_g_100g,0.0
deb22a25-4fde-4ac9-a6c7-e17be1a3ba00,fiber_g_100g,0.0
e1688763-0981-4614-a70c-b18893bcd53b,fiber_g_100g,0.0
36c30c73-3777-46ee-bfe2-87df2cde70d9,fiber_g_100g,0.0
834d0ee9-e18e-454d-affb-bb0096078817,fiber_g_100g,12.8
46abb1a9-f4c1-4dc1-8799-ac50ee190ee5,fiber_g_100g,5.7
352d9c01-c3ee-411e-9813-9ce3eae4c698,fiber_g_100g,3.08
1db8868c-7aea-4358-8e8e-f2f33f427798,fiber_g_100g,0.0
e3fbdb74-16a8-4680-9cd0-16044b435725,fiber_g_100g,0.0
e4f9dca3-4573-4d6e-8fec-6e0d8a7bb48f,fiber_g_100g,3.34
ac82c478-aeb7-4b4d-abf6-8c5ff6207732,fiber_g_100g,0.0
274e083e-46d2-4cce-b79a-a3a711d81248,fiber_g_100g,53.2
862f5667-0461-4212-9246-2a8104ee3288,fiber_g_100g,25.7
5e615f07-5e6b-403b-b1f7-47d4df6c9ed7,fiber_g_100g,53.1
9a652d31-eda3-4fe7-8e83-7ead894ca0e2,fiber_g_100g,20.8
663312e9-6d02-4cfe-aaf7-8616a2b41629,fiber_g_100g,2.7
1fb6ee8a-65e8-4da5-891f-9b1f64a1179a,fiber_g_100g,3.19
85b41f4f-b07a-4a17-9044-d09b8d16ee60,fiber_g_100g,4.3
c9ce1563-cea5-4ab9-b51b-c3951098bd35,fiber_g_100g,7.4
0d565da3-5008-4699-a3a2-c13575d82d8a,fiber_g_100g,2.7
940d778a-3303-4e51-83d5-dfdd64192939,fiber_g_100g,40.1
e0dadf12-938f-45d9-a885-3e8df7ec3fe0,polyols_g_100g,0.5
bd8d6fd3-2406-435d-9a92-c1546127e8e5,polyols_g_100g,0.5
69da9d55-f3f4-4db3-8618-1fa505555874,polyols_g_100g,0.013
e951267c-50f9-4470-b1c5-18656e75e013,polyols_g_100g,0.5
fcfdcc0b-9a9c-4e6c-a749-6de288235780,polyols_g_100g,0.13
c75c5ce4-d2df-4f60-b94c-e97454df8e0d,polyols_g_100g,0.0088
7e156dd4-2857-43bb-9aa2-e8273f5d4544,polyols_g_100g,0.13
0261cb12-1fd6-46e1-9e3a-8064f63e6b45,polyols_g_100g,0.4
3316b6df-9f99-4571-ba2e-4e26112c269d,polyols_g_100g,0.5
dfb9e001-42d6-45d1-adf9-1e1ef5b8b618,polyols_g_100g,0.5
ac683f79-bc03-46e6-bf1a-0b224deab0f5,polyols_g_100g,0.5
1e0718a6-48ba-4fd4-93c0-1ea52f162c9d,polyols_g_100g,0.5
9448e2cd-16f6-448b-927f-d41bb963a4b5,polyols_g_100g,0.0
23786e95-97bf-461b-8108-59f08f119dad,polyols_g_100g,0.5
f81df9f4-b6f1-4a5f-9091-9f483352c601,polyols_g_100g,0.5
2d70d5a7-4248-41b0-b876-066c7cf60f44,polyols_g_100g,0.5
952c1496-b636-4dd7-801a-f7ca9f204c7c,polyols_g_100g,0.5
5d0e3e32-be42-46bf-94ad-13403cf6fa08,polyols_g_100g,0.5
556c3a77-8cc1-4f91-8862-a1277fde9320,polyols_g_100g,0.5
bcc613a8-72f2-455a-8126-953b1ec1685d,polyols_g_100g,0.5
18a86eb1-0980-47d3-bf22-30b1cb43aa6a,polyols_g_100g,0.5
d1903e60-1cc6-4e1b-92d1-dfdc0dfc2da5,polyols_g_100g,0.0
3d9f99f2-69c6-4e09-aaa5-d296d278f643,polyols_g_100g,0.0
b6409eaf-e437-4b1d-a51b-540673e73a14,polyols_g_100g,0.0
205b2afd-157e-4d0d-ba24-b08af3951198,polyols_g_100g,0.0
91fc3f81-74fe-438a-aebe-56931dcec2c6,polyols_g_100g,0.0
7351d18f-86e3-4c84-9de1-b79b89760af8,polyols_g_100g,0.0
3fe9734c-c38f-42a6-85bf-f0281752e8ea,polyols_g_100g,0.0
4c3d49b5-5471-432a-a259-b662b1f6b862,polyols_g_100g,0.0
08226f84-c557-4eb0-b805-a7a4004d1fe3,polyols_g_100g,0.0
0f29b08f-27ca-405b-ba3f-da4511d90c1f,polyols_g_100g,0.0
29737eff-fbab-45b7-bdfe-51aba40f7b85,polyols_g_100g,0.0
05eb140e-0246-47a8-b1d8-27f4957b3949,polyols_g_100g,0.0
30e0ee8d-4cf7-46bd-a62a-66714d8cd521,polyols_g_100g,0.0
7b887f04-1988-44dd-b74e-66938372902a,polyols_g_100g,0.0
4e1b279a-4454-414c-9241-c329e03f1995,polyols_g_100g,0.0
81e5a2f9-3e0c-42c9-a071-c4df692e7f31,polyols_g_100g,0.0
01e424c9-6471-46b7-8244-16c9a59bcc58,polyols_g_100g,0.0
a2e8f29f-07e2-490f-93c5-92134ac4d00b,polyols_g_100g,0.0
a9c3a0c2-605a-4103-a495-201402935bc5,polyols_g_100g,0.0
3f144310-58a7-4fe6-9bf2-0ce9d99ee5be,polyols_g_100g,0.0
738bd788-fd21-4363-9de0-ddc35b6813fa,polyols_g_100g,0.0
861b94d9-60da-4f46-804c-0756f4330661,polyols_g_100g,0.0
b5bfad5a-4a04-4ab6-8c8b-788397734cb2,polyols_g_100g,0.0
9c0738ab-d020-4a98-9b81-af71f7c0b878,polyols_g_100g,0.0
4d4af9ab-dd8c-4b49-be81-dd79ff210485,polyols_g_100g,0.0
2eb62878-3eb9-42ea-9a63-2691148a217c,polyols_g_100g,0.0
cc5e0af0-473e-4268-9bf2-bac740f2fab1,polyols_g_100g,0.0
ade5e763-3b9c-4947-af9d-7ff570546027,polyols_g_100g,0.0
763a92df-6900-488d-a92a-eee913d830cb,polyols_g_100g,0.0
323a942d-3817-4317-8a01-e1099026f744,polyols_g_100g,0.0
0e04f7a5-230a-4ef6-bfc3-d803435d33bd,polyols_g_100g,0.0
d62036e2-ba65-4a28-aad2-ee568cb4b498,polyols_g_100g,0.0
6ff5f533-7197-4f48-b475-c16544a21db5,polyols_g_100g,0.0
c1a9efe3-a0c5-4d04-b942-68d3fce22837,polyols_g_100g,0.0
df607bfa-3921-4ac6-be34-119b349e9588,polyols_g_100g,0.0
d281ed75-f3cd-4916-bd9d-7fc4fc48942b,polyols_g_100g,0.0
04382c90-f07b-4268-b358-f4936f5b8c78,polyols_g_100g,0.0
8c68a448-5cf5-4ba4-834a-d6dd13f55496,polyols_g_100g,0.0
533c1962-b367-47ca-9d82-5910931fab39,polyols_g_100g,0.0
2b51cbcc-360d-4b29-aa3d-bc4c1a017f6c,polyols_g_100g,0.017
834d0ee9-e18e-454d-affb-bb0096078817,polyols_g_100g,0.5
46abb1a9-f4c1-4dc1-8799-ac50ee190ee5,polyols_g_100g,0.0
1db8868c-7aea-4358-8e8e-f2f33f427798,polyols_g_100g,0.0
e3fbdb74-16a8-4680-9cd0-16044b435725,polyols_g_100g,0.0
ac82c478-aeb7-4b4d-abf6-8c5ff6207732,polyols_g_100g,0.0
274e083e-46d2-4cce-b79a-a3a711d81248,polyols_g_100g,0.0
862f5667-0461-4212-9246-2a8104ee3288,polyols_g_100g,0.0
5e615f07-5e6b-403b-b1f7-47d4df6c9ed7,polyols_g_100g,0.0
9a652d31-eda3-4fe7-8e83-7ead894ca0e2,polyols_g_100g,0.0
b7a54211-5e50-42ad-adcd-d45ecde57255,polyols_g_100g,0.0
663312e9-6d02-4cfe-aaf7-8616a2b41629,polyols_g_100g,0.5
1fb6ee8a-65e8-4da5-891f-9b1f64a1179a,polyols_g_100g,0.0
85b41f4f-b07a-4a17-9044-d09b8d16ee60,polyols_g_100g,0.0
c9ce1563-cea5-4ab9-b51b-c3951098bd35,polyols_g_100g,0.0
0d565da3-5008-4699-a3a2-c13575d82d8a,polyols_g_100g,0.5
940d778a-3303-4e51-83d5-dfdd64192939,polyols_g_100g,0.0
e0dadf12-938f-45d9-a885-3e8df7ec3fe0,ash_g_100g,3.29
bd8d6fd3-2406-435d-9a92-c1546127e8e5,ash_g_100g,0.72
b05db49a-9212-44d3-9187-1da7870c1c9f,ash_g_100g,0.59
69da9d55-f3f4-4db3-8618-1fa505555874,ash_g_100g,0.97
e951267c-50f9-4470-b1c5-18656e75e013,ash_g_100g,0.96
970da6dd-6580-4081-8d47-0a1d30d16b6c,ash_g_100g,0.46
fcfdcc0b-9a9c-4e6c-a749-6de288235780,ash_g_100g,0.85
c75c5ce4-d2df-4f60-b94c-e97454df8e0d,ash_g_100g,0.7
94557fa4-d2b4-4a78-a3d3-5d0ba730d6bc,ash_g_100g,0.9
06462060-5201-41ec-a968-03c01edd23bc,ash_g_100g,0.5
b13e98d9-aaaf-4554-8177-8981f2ef0076,ash_g_100g,0.71
7e156dd4-2857-43bb-9aa2-e8273f5d4544,ash_g_100g,0.98
39ce4bb8-b5a4-42b5-96d9-fab0dac1a0dd,ash_g_100g,0.24
0261cb12-1fd6-46e1-9e3a-8064f63e6b45,ash_g_100g,0.35
2d0b224f-0e8c-469e-99e3-093f678fbbb9,ash_g_100g,0.6
f4621eaf-aab9-4967-a365-2dee2b2ec1d3,ash_g_100g,1.46
3316b6df-9f99-4571-ba2e-4e26112c269d,ash_g_100g,0.5
dfb9e001-42d6-45d1-adf9-1e1ef5b8b618,ash_g_100g,0.59
ac683f79-bc03-46e6-bf1a-0b224deab0f5,ash_g_100g,0.77
1e0718a6-48ba-4fd4-93c0-1ea52f162c9d,ash_g_100g,1.03
9448e2cd-16f6-448b-927f-d41bb963a4b5,ash_g_100g,0.99
23786e95-97bf-461b-8108-59f08f119dad,ash_g_100g,0.95
d8c6e29e-5eaa-401f-aa0a-dc74d777a907,ash_g_100g,1.0
3ffa59aa-e01d-4712-8f0d-d5f32d3e1ae1,ash_g_100g,0.62
f81df9f4-b6f1-4a5f-9091-9f483352c601,ash_g_100g,0.79
2d70d5a7-4248-41b0-b876-066c7cf60f44,ash_g_100g,0.3
952c1496-b636-4dd7-801a-f7ca9f204c7c,ash_g_100g,0.38
5d0e3e32-be42-46bf-94ad-13403cf6fa08,ash_g_100g,0.29
556c3a77-8cc1-4f91-8862-a1277fde9320,ash_g_100g,0.28
fcff9b94-2817-4101-af7a-d7fb3117c338,ash_g_100g,0.19
bcc613a8-72f2-455a-8126-953b1ec1685d,ash_g_100g,0.25
18a86eb1-0980-47d3-bf22-30b1cb43aa6a,ash_g_100g,0.44
d098a17d-e3b9-4c47-ab88-2a21e475e998,ash_g_100g,0.37
da378dc0-6e62-4923-aabb-126110ded991,ash_g_100g,2.91
99574f09-8377-49bd-a2c6-cf945ac2cc62,ash_g_100g,4.8
5cb37a41-7891-44a3-b90c-f6cdda409445,ash_g_100g,2.89
d1903e60-1cc6-4e1b-92d1-dfdc0dfc2da5,ash_g_100g,0.44
3d9f99f2-69c6-4e09-aaa5-d296d278f643,ash_g_100g,0.13
b6409eaf-e437-4b1d-a51b-540673e73a14,ash_g_100g,0.93
205b2afd-157e-4d0d-ba24-b08af3951198,ash_g_100g,0.23
91fc3f81-74fe-438a-aebe-56931dcec2c6,ash_g_100g,0.33
7351d18f-86e3-4c84-9de1-b79b89760af8,ash_g_100g,0.34
3fe9734c-c38f-42a6-85bf-f0281752e8ea,ash_g_100g,1.58
4c3d49b5-5471-432a-a259-b662b1f6b862,ash_g_100g,1.7
08226f84-c557-4eb0-b805-a7a4004d1fe3,ash_g_100g,1.98
0f29b08f-27ca-405b-ba3f-da4511d90c1f,ash_g_100g,2.04
29737eff-fbab-45b7-bdfe-51aba40f7b85,ash_g_100g,1.06
05eb140e-0246-47a8-b1d8-27f4957b3949,ash_g_100g,1.58
30e0ee8d-4cf7-46bd-a62a-66714d8cd521,ash_g_100g,0.78
7b887f04-1988-44dd-b74e-66938372902a,ash_g_100g,1.46
4e1b279a-4454-414c-9241-c329e03f1995,ash_g_100g,1.01
81e5a2f9-3e0c-42c9-a071-c4df692e7f31,ash_g_100g,2.78
01e424c9-6471-46b7-8244-16c9a59bcc58,ash_g_100g,3.78
28f898ab-dc19-4905-9ff6-62d5477600f7,ash_g_100g,1.6
a2e8f29f-07e2-490f-93c5-92134ac4d00b,ash_g_100g,1.6
a9c3a0c2-605a-4103-a495-201402935bc5,ash_g_100g,2.97
3f144310-58a7-4fe6-9bf2-0ce9d99ee5be,ash_g_100g,0.6
738bd788-fd21-4363-9de0-ddc35b6813fa,ash_g_100g,2.24
861b94d9-60da-4f46-804c-0756f4330661,ash_g_100g,0.88
b5bfad5a-4a04-4ab6-8c8b-788397734cb2,ash_g_100g,1.01
9c0738ab-d020-4a98-9b81-af71f7c0b878,ash_g_100g,0.96
4d4af9ab-dd8c-4b49-be81-dd79ff210485,ash_g_100g,1.68
2eb62878-3eb9-42ea-9a63-2691148a217c,ash_g_100g,0.74
cc5e0af0-473e-4268-9bf2-bac740f2fab1,ash_g_100g,0.69
ade5e763-3b9c-4947-af9d-7ff570546027,ash_g_100g,0.77
763a92df-6900-488d-a92a-eee913d830cb,ash_g_100g,0.83
323a942d-3817-4317-8a01-e1099026f744,ash_g_100g,1.7
0e04f7a5-230a-4ef6-bfc3-d803435d33bd,ash_g_100g,0.87
d62036e2-ba65-4a28-aad2-ee568cb4b498,ash_g_100g,3.75
6ff5f533-7197-4f48-b475-c16544a21db5,ash_g_100g,4.47
c1a9efe3-a0c5-4d04-b942-68d3fce22837,ash_g_100g,3.38
df607bfa-3921-4ac6-be34-119b349e9588,ash_g_100g,2.23
d281ed75-f3cd-4916-bd9d-7fc4fc48942b,ash_g_100g,1.22
04382c90-f07b-4268-b358-f4936f5b8c78,ash_g_100g,0.46
8c68a448-5cf5-4ba4-834a-d6dd13f55496,ash_g_100g,0.1
533c1962-b367-47ca-9d82-5910931fab39,ash_g_100g,0.69
e99c3905-a22c-45b7-b99d-5d45edec89b1,ash_g_100g,0.19
2b51cbcc-360d-4b29-aa3d-bc4c1a017f6c,ash_g_100g,0.29
fec29009-a951-4587-9265-27e240e03112,ash_g_100g,0.19
deb22a25-4fde-4ac9-a6c7-e17be1a3ba00,ash_g_100g,0.19
e1688763-0981-4614-a70c-b18893bcd53b,ash_g_100g,0.024
36c30c73-3777-46ee-bfe2-87df2cde70d9,ash_g_100g,0.55
834d0ee9-e18e-454d-affb-bb0096078817,ash_g_100g,2.74
46abb1a9-f4c1-4dc1-8799-ac50ee190ee5,ash_g_100g,1.8
352d9c01-c3ee-411e-9813-9ce3eae4c698,ash_g_100g,2.27
1db8868c-7aea-4358-8e8e-f2f33f427798,ash_g_100g,0.52
e3fbdb74-16a8-4680-9cd0-16044b435725,ash_g_100g,0.25
e4f9dca3-4573-4d6e-8fec-6e0d8a7bb48f,ash_g_100g,2.06
ac82c478-aeb7-4b4d-abf6-8c5ff6207732,ash_g_100g,97.1
274e083e-46d2-4cce-b79a-a3a711d81248,ash_g_100g,7.07
862f5667-0461-4212-9246-2a8104ee3288,ash_g_100g,4.99
5e615f07-5e6b-403b-b1f7-47d4df6c9ed7,ash_g_100g,3.6
9a652d31-eda3-4fe7-8e83-7ead894ca0e2,ash_g_100g,2.32
b7a54211-5e50-42ad-adcd-d45ecde57255,ash_g_100g,0.0
663312e9-6d02-4cfe-aaf7-8616a2b41629,ash_g_100g,0.78
1fb6ee8a-65e8-4da5-891f-9b1f64a1179a,ash_g_100g,0.85
85b41f4f-b07a-4a17-9044-d09b8d16ee60,ash_g_100g,2.35
c9ce1563-cea5-4ab9-b51b-c3951098bd35,ash_g_100g,1.9
0d565da3-5008-4699-a3a2-c13575d82d8a,ash_g_100g,1.57
940d778a-3303-4e51-83d5-dfdd64192939,ash_g_100g,11.0
e0dadf12-938f-45d9-a885-3e8df7ec3fe0,alcohol_g_100g,0.0
bd8d6fd3-2406-435d-9a92-c1546127e8e5,alcohol_g_100g,0.0
b05db49a-9212-44d3-9187-1da7870c1c9f,alcohol_g_100g,0.0
69da9d55-f3f4-4db3-8618-1fa505555874,alcohol_g_100g,0.0
e951267c-50f9-4470-b1c5-18656e75e013,alcohol_g_100g,0.0
970da6dd-6580-4081-8d47-0a1d30d16b6c,alcohol_g_100g,0.0
fcfdcc0b-9a9c-4e6c-a749-6de288235780,alcohol_g_100g,0.0
c75c5ce4-d2df-4f60-b94c-e97454df8e0d,alcohol_g_100g,0.0
94557fa4-d2b4-4a78-a3d3-5d0ba730d6bc,alcohol_g_100g,0.0
06462060-5201-41ec-a968-03c01edd23bc,alcohol_g_100g,0.0
b13e98d9-aaaf-4554-8177-8981f2ef0076,alcohol_g_100g,0.0
7e156dd4-2857-43bb-9aa2-e8273f5d4544,alcohol_g_100g,0.0
39ce4bb8-b5a4-42b5-96d9-fab0dac1a0dd,alcohol_g_100g,0.0
0261cb12-1fd6-46e1-9e3a-8064f63e6b45,alcohol_g_100g,0.0
2d0b224f-0e8c-469e-99e3-093f678fbbb9,alcohol_g_100g,0.0
f4621eaf-aab9-4967-a365-2dee2b2ec1d3,alcohol_g_100g,0.0
3316b6df-9f99-4571-ba2e-4e26112c269d,alcohol_g_100g,0.0
dfb9e001-42d6-45d1-adf9-1e1ef5b8b618,alcohol_g_100g,0.0
ac683f79-bc03-46e6-bf1a-0b224deab0f5,alcohol_g_100g,0.0
1e0718a6-48ba-4fd4-93c0-1ea52f162c9d,alcohol_g_100g,0.0
9448e2cd-16f6-448b-927f-d41bb963a4b5,alcohol_g_100g,0.0
23786e95-97bf-461b-8108-59f08f119dad,alcohol_g_100g,0.0
d8c6e29e-5eaa-401f-aa0a-dc74d777a907,alcohol_g_100g,0.0
3ffa59aa-e01d-4712-8f0d-d5f32d3e1ae1,alcohol_g_100g,0.0
f81df9f4-b6f1-4a5f-9091-9f483352c601,alcohol_g_100g,0.0
2d70d5a7-4248-41b0-b876-066c7cf60f44,alcohol_g_100g,0.0
952c1496-b636-4dd7-801a-f7ca9f204c7c,alcohol_g_100g,0.0
5d0e3e32-be42-46bf-94ad-13403cf6fa08,alcohol_g_100g,0.0
556c3a77-8cc1-4f91-8862-a1277fde9320,alcohol_g_100g,0.0
fcff9b94-2817-4101-af7a-d7fb3117c338,alcohol_g_100g,0.0
bcc613a8-72f2-455a-8126-953b1ec1685d,alcohol_g_100g,0.0
18a86eb1-0980-47d3-bf22-30b1cb43aa6a,alcohol_g_100g,0.0
d098a17d-e3b9-4c47-ab88-2a21e475e998,alcohol_g_100g,0.0
da378dc0-6e62-4923-aabb-126110ded991,alcohol_g_100g,0.0
99574f09-8377-49bd-a2c6-cf945ac2cc62,alcohol_g_100g,0.0
5cb37a41-7891-44a3-b90c-f6cdda409445,alcohol_g_100g,0.0
d1903e60-1cc6-4e1b-92d1-dfdc0dfc2da5,alcohol_g_100g,0.0
3d9f99f2-69c6-4e09-aaa5-d296d278f643,alcohol_g_100g,0.0
b6409eaf-e437-4b1d-a51b-540673e73a14,alcohol_g_100g,0.0
205b2afd-157e-4d0d-ba24-b08af3951198,alcohol_g_100g,0.0
91fc3f81-74fe-438a-aebe-56931dcec2c6,alcohol_g_100g,0.0
7351d18f-86e3-4c84-9de1-b79b89760af8,alcohol_g_100g,0.0
3fe9734c-c38f-42a6-85bf-f0281752e8ea,alcohol_g_100g,0.0
4c3d49b5-5471-432a-a259-b662b1f6b862,alcohol_g_100g,0.0
08226f84-c557-4eb0-b805-a7a4004d1fe3,alcohol_g_100g,0.0
0f29b08f-27ca-405b-ba3f-da4511d90c1f,alcohol_g_100g,0.0
29737eff-fbab-45b7-bdfe-51aba40f7b85,alcohol_g_100g,0.0
05eb140e-0246-47a8-b1d8-27f4957b3949,alcohol_g_100g,0.0
30e0ee8d-4cf7-46bd-a62a-66714d8cd521,alcohol_g_100g,0.0
7b887f04-1988-44dd-b74e-66938372902a,alcohol_g_100g,0.0
4e1b279a-4454-414c-9241-c329e03f1995,alcohol_g_100g,0.0
81e5a2f9-3e0c-42c9-a071-c4df692e7f31,alcohol_g_100g,0.0
01e424c9-6471-46b7-8244-16c9a59bcc58,alcohol_g_100g,0.0
28f898ab-dc19-4905-9ff6-62d5477600f7,alcohol_g_100g,0.0
a2e8f29f-07e2-490f-93c5-92134ac4d00b,alcohol_g_100g,0.0
a9c3a0c2-605a-4103-a495-201402935bc5,alcohol_g_100g,0.0
3f144310-58a7-4fe6-9bf2-0ce9d99ee5be,alcohol_g_100g,0.0
738bd788-fd21-4363-9de0-ddc35b6813fa,alcohol_g_100g,0.0
861b94d9-60da-4f46-804c-0756f4330661,alcohol_g_100g,0.0
b5bfad5a-4a04-4ab6-8c8b-788397734cb2,alcohol_g_100g,0.0
9c0738ab-d020-4a98-9b81-af71f7c0b878,alcohol_g_100g,0.0
4d4af9ab-dd8c-4b49-be81-dd79ff210485,alcohol_g_100g,0.0
2eb62878-3eb9-42ea-9a63-2691148a217c,alcohol_g_100g,0.0
cc5e0af0-473e-4268-9bf2-bac740f2fab1,alcohol_g_100g,0.0
ade5e763-3b9c-4947-af9d-7ff570546027,alcohol_g_100g,0.0
763a92df-6900-488d-a92a-eee913d830cb,alcohol_g_100g,0.0
323a942d-3817-4317-8a01-e1099026f744,alcohol_g_100g,0.0
0e04f7a5-230a-4ef6-bfc3-d803435d33bd,alcohol_g_100g,0.0
d62036e2-ba65-4a28-aad2-ee568cb4b498,alcohol_g_100g,0.0
6ff5f533-7197-4f48-b475-c16544a21db5,alcohol_g_100g,0.0
c1a9efe3-a0c5-4d04-b942-68d3fce22837,alcohol_g_100g,0.0
df607bfa-3921-4ac6-be34-119b349e9588,alcohol_g_100g,0.0
d281ed75-f3cd-4916-bd9d-7fc4fc48942b,alcohol_g_100g,0.0
04382c90-f07b-4268-b358-f4936f5b8c78,alcohol_g_100g,0.0
8c68a448-5cf5-4ba4-834a-d6dd13f55496,alcohol_g_100g,0.0
533c1962-b367-47ca-9d82-5910931fab39,alcohol_g_100g,0.0
e99c3905-a22c-45b7-b99d-5d45edec89b1,alcohol_g_100g,0.0
2b51cbcc-360d-4b29-aa3d-bc4c1a017f6c,alcohol_g_100g,10.2
fec29009-a951-4587-9265-27e240e03112,alcohol_g_100g,7.75
deb22a25-4fde-4ac9-a6c7-e17be1a3ba00,alcohol_g_100g,0.0
e1688763-0981-4614-a70c-b18893bcd53b,alcohol_g_100g,0.0
36c30c73-3777-46ee-bfe2-87df2cde70d9,alcohol_g_100g,0.0
834d0ee9-e18e-454d-affb-bb0096078817,alcohol_g_100g,0.0
46abb1a9-f4c1-4dc1-8799-ac50ee190ee5,alcohol_g_100g,0.0
352d9c01-c3ee-411e-9813-9ce3eae4c698,alcohol_g_100g,0.0
1db8868c-7aea-4358-8e8e-f2f33f427798,alcohol_g_100g,0.0
e3fbdb74-16a8-4680-9cd0-16044b435725,alcohol_g_100g,0.0
e4f9dca3-4573-4d6e-8fec-6e0d8a7bb48f,alcohol_g_100g,0.0
ac82c478-aeb7-4b4d-abf6-8c5ff6207732,alcohol_g_100g,0.0
274e083e-46d2-4cce-b79a-a3a711d81248,alcohol_g_100g,0.0
862f5667-0461-4212-9246-2a8104ee3288,alcohol_g_100g,0.0
5e615f07-5e6b-403b-b1f7-47d4df6c9ed7,alcohol_g_100g,0.0
9a652d31-eda3-4fe7-8e83-7ead894ca0e2,alcohol_g_100g,0.0
b7a54211-5e50-42ad-adcd-d45ecde57255,alcohol_g_100g,0.0
663312e9-6d02-4cfe-aaf7-8616a2b41629,alcohol_g_100g,0.0
1fb6ee8a-65e8-4da5-891f-9b1f64a1179a,alcohol_g_100g,0.0
85b41f4f-b07a-4a17-9044-d09b8d16ee60,alcohol_g_100g,0.0
c9ce1563-cea5-4ab9-b51b-c3951098bd35,alcohol_g_100g,0.0
0d565da3-5008-4699-a3a2-c13575d82d8a,alcohol_g_100g,0.0
940d778a-3303-4e51-83d5-dfdd64192939,alcohol_g_100g,0.0
e0dadf12-938f-45d9-a885-3e8df7ec3fe0,organic_acids_g_100g,1.02
bd8d6fd3-2406-435d-9a92-c1546127e8e5,organic_acids_g_100g,0.014
b05db49a-9212-44d3-9187-1da7870c1c9f,organic_acids_g_100g,0.13
69da9d55-f3f4-4db3-8618-1fa505555874,organic_acids_g_100g,0.39
e951267c-50f9-4470-b1c5-18656e75e013,organic_acids_g_100g,0.56
3316b6df-9f99-4571-ba2e-4e26112c269d,organic_acids_g_100g,0.16
dfb9e001-42d6-45d1-adf9-1e1ef5b8b618,organic_acids_g_100g,0.13
ac683f79-bc03-46e6-bf1a-0b224deab0f5,organic_acids_g_100g,0.069
1e0718a6-48ba-4fd4-93c0-1ea52f162c9d,organic_acids_g_100g,0.0065
23786e95-97bf-461b-8108-59f08f119dad,organic_acids_g_100g,0.17
3ffa59aa-e01d-4712-8f0d-d5f32d3e1ae1,organic_acids_g_100g,0.0
f81df9f4-b6f1-4a5f-9091-9f483352c601,organic_acids_g_100g,0.13
2d70d5a7-4248-41b0-b876-066c7cf60f44,organic_acids_g_100g,3.13
952c1496-b636-4dd7-801a-f7ca9f204c7c,organic_acids_g_100g,1.05
5d0e3e32-be42-46bf-94ad-13403cf6fa08,organic_acids_g_100g,0.016
556c3a77-8cc1-4f91-8862-a1277fde9320,organic_acids_g_100g,1.1
bcc613a8-72f2-455a-8126-953b1ec1685d,organic_acids_g_100g,0.093
18a86eb1-0980-47d3-bf22-30b1cb43aa6a,organic_acids_g_100g,0.36
da378dc0-6e62-4923-aabb-126110ded991,organic_acids_g_100g,0.0
99574f09-8377-49bd-a2c6-cf945ac2cc62,organic_acids_g_100g,0.0
5cb37a41-7891-44a3-b90c-f6cdda409445,organic_acids_g_100g,0.0
d1903e60-1cc6-4e1b-92d1-dfdc0dfc2da5,organic_acids_g_100g,0.0
3d9f99f2-69c6-4e09-aaa5-d296d278f643,organic_acids_g_100g,0.0
b6409eaf-e437-4b1d-a51b-540673e73a14,organic_acids_g_100g,0.0
205b2afd-157e-4d0d-ba24-b08af3951198,organic_acids_g_100g,0.0
91fc3f81-74fe-438a-aebe-56931dcec2c6,organic_acids_g_100g,0.0
7351d18f-86e3-4c84-9de1-b79b89760af8,organic_acids_g_100g,0.0
4c3d49b5-5471-432a-a259-b662b1f6b862,organic_acids_g_100g,0.0
08226f84-c557-4eb0-b805-a7a4004d1fe3,organic_acids_g_100g,0.0
0f29b08f-27ca-405b-ba3f-da4511d90c1f,organic_acids_g_100g,0.0
29737eff-fbab-45b7-bdfe-51aba40f7b85,organic_acids_g_100g,0.0
05eb140e-0246-47a8-b1d8-27f4957b3949,organic_acids_g_100g,0.25
30e0ee8d-4cf7-46bd-a62a-66714d8cd521,organic_acids_g_100g,0.0
7b887f04-1988-44dd-b74e-66938372902a,organic_acids_g_100g,0.92
4e1b279a-4454-414c-9241-c329e03f1995,organic_acids_g_100g,0.0
28f898ab-dc19-4905-9ff6-62d5477600f7,organic_acids_g_100g,0.0
a9c3a0c2-605a-4103-a495-201402935bc5,organic_acids_g_100g,0.0
3f144310-58a7-4fe6-9bf2-0ce9d99ee5be,organic_acids_g_100g,0.0
738bd788-fd21-4363-9de0-ddc35b6813fa,organic_acids_g_100g,0.0
861b94d9-60da-4f46-804c-0756f4330661,organic_acids_g_100g,0.0
b5bfad5a-4a04-4ab6-8c8b-788397734cb2,organic_acids_g_100g,0.0
9c0738ab-d020-4a98-9b81-af71f7c0b878,organic_acids_g_100g,0.0
4d4af9ab-dd8c-4b49-be81-dd79ff210485,organic_acids_g_100g,0.0
2eb62878-3eb9-42ea-9a63-2691148a217c,organic_acids_g_100g,0.16
cc5e0af0-473e-4268-9bf2-bac740f2fab1,organic_acids_g_100g,0.17
ade5e763-3b9c-4947-af9d-7ff570546027,organic_acids_g_100g,0.16
763a92df-6900-488d-a92a-eee913d830cb,organic_acids_g_100g,0.98
0e04f7a5-230a-4ef6-bfc3-d803435d33bd,organic_acids_g_100g,0.77
6ff5f533-7197-4f48-b475-c16544a21db5,organic_acids_g_100g,1.88
c1a9efe3-a0c5-4d04-b942-68d3fce22837,organic_acids_g_100g,1.45
df607bfa-3921-4ac6-be34-119b349e9588,organic_acids_g_100g,0.12
d281ed75-f3cd-4916-bd9d-7fc4fc48942b,organic_acids_g_100g,0.37
8c68a448-5cf5-4ba4-834a-d6dd13f55496,organic_acids_g_100g,0.0
533c1962-b367-47ca-9d82-5910931fab39,organic_acids_g_100g,0.0
e99c3905-a22c-45b7-b99d-5d45edec89b1,organic_acids_g_100g,0.019
2b51cbcc-360d-4b29-aa3d-bc4c1a017f6c,organic_acids_g_100g,0.0
fec29009-a951-4587-9265-27e240e03112,organic_acids_g_100g,0.0
deb22a25-4fde-4ac9-a6c7-e17be1a3ba00,organic_acids_g_100g,0.0
e1688763-0981-4614-a70c-b18893bcd53b,organic_acids_g_100g,0.0
36c30c73-3777-46ee-bfe2-87df2cde70d9,organic_acids_g_100g,0.0
46abb1a9-f4c1-4dc1-8799-ac50ee190ee5,organic_acids_g_100g,0.0
1db8868c-7aea-4358-8e8e-f2f33f427798,organic_acids_g_100g,0.1
ac82c478-aeb7-4b4d-abf6-8c5ff6207732,organic_acids_g_100g,0.0
0d565da3-5008-4699-a3a2-c13575d82d8a,organic_acids_g_100g,0.73
e0dadf12-938f-45d9-a885-3e8df7ec3fe0,sfa_g_100g,4.51
bd8d6fd3-2406-435d-9a92-c1546127e8e5,sfa_g_100g,0.01
b05db49a-9212-44d3-9187-1da7870c1c9f,sfa_g_100g,0.021
69da9d55-f3f4-4db3-8618-1fa505555874,sfa_g_100g,0.056
e951267c-50f9-4470-b1c5-18656e75e013,sfa_g_100g,0.01
970da6dd-6580-4081-8d47-0a1d30d16b6c,sfa_g_100g,0.2
fcfdcc0b-9a9c-4e6c-a749-6de288235780,sfa_g_100g,0.019
c75c5ce4-d2df-4f60-b94c-e97454df8e0d,sfa_g_100g,0.1
94557fa4-d2b4-4a78-a3d3-5d0ba730d6bc,sfa_g_100g,0.04
06462060-5201-41ec-a968-03c01edd23bc,sfa_g_100g,0.024
b13e98d9-aaaf-4554-8177-8981f2ef0076,sfa_g_100g,0.2
7e156dd4-2857-43bb-9aa2-e8273f5d4544,sfa_g_100g,0.26
39ce4bb8-b5a4-42b5-96d9-fab0dac1a0dd,sfa_g_100g,0.1
0261cb12-1fd6-46e1-9e3a-8064f63e6b45,sfa_g_100g,0.05
2d0b224f-0e8c-469e-99e3-093f678fbbb9,sfa_g_100g,0.015
f4621eaf-aab9-4967-a365-2dee2b2ec1d3,sfa_g_100g,0.08
3316b6df-9f99-4571-ba2e-4e26112c269d,sfa_g_100g,0.01
dfb9e001-42d6-45d1-adf9-1e1ef5b8b618,sfa_g_100g,0.09
ac683f79-bc03-46e6-bf1a-0b224deab0f5,sfa_g_100g,0.11
1e0718a6-48ba-4fd4-93c0-1ea52f162c9d,sfa_g_100g,0.13
9448e2cd-16f6-448b-927f-d41bb963a4b5,sfa_g_100g,0.042
23786e95-97bf-461b-8108-59f08f119dad,sfa_g_100g,0.19
d8c6e29e-5eaa-401f-aa0a-dc74d777a907,sfa_g_100g,0.3
3ffa59aa-e01d-4712-8f0d-d5f32d3e1ae1,sfa_g_100g,0.09
f81df9f4-b6f1-4a5f-9091-9f483352c601,sfa_g_100g,0.01
2d70d5a7-4248-41b0-b876-066c7cf60f44,sfa_g_100g,0.01
952c1496-b636-4dd7-801a-f7ca9f204c7c,sfa_g_100g,0.01
5d0e3e32-be42-46bf-94ad-13403cf6fa08,sfa_g_100g,0.01
556c3a77-8cc1-4f91-8862-a1277fde9320,sfa_g_100g,0.01
bcc613a8-72f2-455a-8126-953b1ec1685d,sfa_g_100g,0.01
18a86eb1-0980-47d3-bf22-30b1cb43aa6a,sfa_g_100g,0.01
d098a17d-e3b9-4c47-ab88-2a21e475e998,sfa_g_100g,0.0
da378dc0-6e62-4923-aabb-126110ded991,sfa_g_100g,3.95
99574f09-8377-49bd-a2c6-cf945ac2cc62,sfa_g_100g,3.33
5cb37a41-7891-44a3-b90c-f6cdda409445,sfa_g_100g,10.4
d1903e60-1cc6-4e1b-92d1-dfdc0dfc2da5,sfa_g_100g,0.17
3d9f99f2-69c6-4e09-aaa5-d296d278f643,sfa_g_100g,0.076
b6409eaf-e437-4b1d-a51b-540673e73a14,sfa_g_100g,0.14
205b2afd-157e-4d0d-ba24-b08af3951198,sfa_g_100g,0.11
7351d18f-86e3-4c84-9de1-b79b89760af8,sfa_g_100g,0.099
3fe9734c-c38f-42a6-85bf-f0281752e8ea,sfa_g_100g,0.26
08226f84-c557-4eb0-b805-a7a4004d1fe3,sfa_g_100g,0.52
0f29b08f-27ca-405b-ba3f-da4511d90c1f,sfa_g_100g,1.13
05eb140e-0246-47a8-b1d8-27f4957b3949,sfa_g_100g,16.1
30e0ee8d-4cf7-46bd-a62a-66714d8cd521,sfa_g_100g,2.77
7b887f04-1988-44dd-b74e-66938372902a,sfa_g_100g,0.58
4e1b279a-4454-414c-9241-c329e03f1995,sfa_g_100g,1.64
81e5a2f9-3e0c-42c9-a071-c4df692e7f31,sfa_g_100g,1.58
01e424c9-6471-46b7-8244-16c9a59bcc58,sfa_g_100g,8.25
28f898ab-dc19-4905-9ff6-62d5477600f7,sfa_g_100g,4.45
a2e8f29f-07e2-490f-93c5-92134ac4d00b,sfa_g_100g,2.0
a9c3a0c2-605a-4103-a495-201402935bc5,sfa_g_100g,0.14
3f144310-58a7-4fe6-9bf2-0ce9d99ee5be,sfa_g_100g,0.0
738bd788-fd21-4363-9de0-ddc35b6813fa,sfa_g_100g,8.49
861b94d9-60da-4f46-804c-0756f4330661,sfa_g_100g,2.55
b5bfad5a-4a04-4ab6-8c8b-788397734cb2,sfa_g_100g,3.33
9c0738ab-d020-4a98-9b81-af71f7c0b878,sfa_g_100g,2.64
4d4af9ab-dd8c-4b49-be81-dd79ff210485,sfa_g_100g,8.47
2eb62878-3eb9-42ea-9a63-2691148a217c,sfa_g_100g,0.81
cc5e0af0-473e-4268-9bf2-bac740f2fab1,sfa_g_100g,1.04
ade5e763-3b9c-4947-af9d-7ff570546027,sfa_g_100g,1.06
763a92df-6900-488d-a92a-eee913d830cb,sfa_g_100g,1.0
323a942d-3817-4317-8a01-e1099026f744,sfa_g_100g,6.22
0e04f7a5-230a-4ef6-bfc3-d803435d33bd,sfa_g_100g,0.027
d62036e2-ba65-4a28-aad2-ee568cb4b498,sfa_g_100g,19.8
6ff5f533-7197-4f48-b475-c16544a21db5,sfa_g_100g,20.6
c1a9efe3-a0c5-4d04-b942-68d3fce22837,sfa_g_100g,16.8
df607bfa-3921-4ac6-be34-119b349e9588,sfa_g_100g,11.7
d281ed75-f3cd-4916-bd9d-7fc4fc48942b,sfa_g_100g,15.0
04382c90-f07b-4268-b358-f4936f5b8c78,sfa_g_100g,9.4
8c68a448-5cf5-4ba4-834a-d6dd13f55496,sfa_g_100g,0.0
533c1962-b367-47ca-9d82-5910931fab39,sfa_g_100g,16.5
e99c3905-a22c-45b7-b99d-5d45edec89b1,sfa_g_100g,0.31
2b51cbcc-360d-4b29-aa3d-bc4c1a017f6c,sfa_g_100g,0.0
fec29009-a951-4587-9265-27e240e03112,sfa_g_100g,0.0
deb22a25-4fde-4ac9-a6c7-e17be1a3ba00,sfa_g_100g,0.0
e1688763-0981-4614-a70c-b18893bcd53b,sfa_g_100g,0.0
36c30c73-3777-46ee-bfe2-87df2cde70d9,sfa_g_100g,0.007
834d0ee9-e18e-454d-affb-bb0096078817,sfa_g_100g,28.7
46abb1a9-f4c1-4dc1-8799-ac50ee190ee5,sfa_g_100g,1.0
352d9c01-c3ee-411e-9813-9ce3eae4c698,sfa_g_100g,0.33
1db8868c-7aea-4358-8e8e-f2f33f427798,sfa_g_100g,26.2
e3fbdb74-16a8-4680-9cd0-16044b435725,sfa_g_100g,15.2
e4f9dca3-4573-4d6e-8fec-6e0d8a7bb48f,sfa_g_100g,0.88
274e083e-46d2-4cce-b79a-a3a711d81248,sfa_g_100g,1.65
862f5667-0461-4212-9246-2a8104ee3288,sfa_g_100g,2.9
5e615f07-5e6b-403b-b1f7-47d4df6c9ed7,sfa_g_100g,0.44
9a652d31-eda3-4fe7-8e83-7ead894ca0e2,sfa_g_100g,25.9
663312e9-6d02-4cfe-aaf7-8616a2b41629,sfa_g_100g,0.09
1fb6ee8a-65e8-4da5-891f-9b1f64a1179a,sfa_g_100g,0.15
85b41f4f-b07a-4a17-9044-d09b8d16ee60,sfa_g_100g,0.1
c9ce1563-cea5-4ab9-b51b-c3951098bd35,sfa_g_100g,0.22
0d565da3-5008-4699-a3a2-c13575d82d8a,sfa_g_100g,0.01
940d778a-3303-4e51-83d5-dfdd64192939,sfa_g_100g,1.88
e0dadf12-938f-45d9-a885-3e8df7ec3fe0,mufa_g_100g,12.3
bd8d6fd3-2406-435d-9a92-c1546127e8e5,mufa_g_100g,0.01
b05db49a-9212-44d3-9187-1da7870c1c9f,mufa_g_100g,0.0067
69da9d55-f3f4-4db3-8618-1fa505555874,mufa_g_100g,0.035
e951267c-50f9-4470-b1c5-18656e75e013,mufa_g_100g,0.01
970da6dd-6580-4081-8d47-0a1d30d16b6c,mufa_g_100g,0.042
fcfdcc0b-9a9c-4e6c-a749-6de288235780,mufa_g_100g,0.0038
c75c5ce4-d2df-4f60-b94c-e97454df8e0d,mufa_g_100g,0.029
94557fa4-d2b4-4a78-a3d3-5d0ba730d6bc,mufa_g_100g,0.03
06462060-5201-41ec-a968-03c01edd23bc,mufa_g_100g,0.02
b13e98d9-aaaf-4554-8177-8981f2ef0076,mufa_g_100g,0.37
7e156dd4-2857-43bb-9aa2-e8273f5d4544,mufa_g_100g,0.27
0261cb12-1fd6-46e1-9e3a-8064f63e6b45,mufa_g_100g,0.07
2d0b224f-0e8c-469e-99e3-093f678fbbb9,mufa_g_100g,0.016
f4621eaf-aab9-4967-a365-2dee2b2ec1d3,mufa_g_100g,0.01
3316b6df-9f99-4571-ba2e-4e26112c269d,mufa_g_100g,0.01
dfb9e001-42d6-45d1-adf9-1e1ef5b8b618,mufa_g_100g,0.07
ac683f79-bc03-46e6-bf1a-0b224deab0f5,mufa_g_100g,0.08
1e0718a6-48ba-4fd4-93c0-1ea52f162c9d,mufa_g_100g,0.07
9448e2cd-16f6-448b-927f-d41bb963a4b5,mufa_g_100g,0.002
23786e95-97bf-461b-8108-59f08f119dad,mufa_g_100g,0.16
d8c6e29e-5eaa-401f-aa0a-dc74d777a907,mufa_g_100g,0.47
3ffa59aa-e01d-4712-8f0d-d5f32d3e1ae1,mufa_g_100g,0.13
f81df9f4-b6f1-4a5f-9091-9f483352c601,mufa_g_100g,0.01
2d70d5a7-4248-41b0-b876-066c7cf60f44,mufa_g_100g,0.01
952c1496-b636-4dd7-801a-f7ca9f204c7c,mufa_g_100g,0.01
5d0e3e32-be42-46bf-94ad-13403cf6fa08,mufa_g_100g,0.01
556c3a77-8cc1-4f91-8862-a1277fde9320,mufa_g_100g,0.01
bcc613a8-72f2-455a-8126-953b1ec1685d,mufa_g_100g,0.01
18a86eb1-0980-47d3-bf22-30b1cb43aa6a,mufa_g_100g,0.01
d098a17d-e3b9-4c47-ab88-2a21e475e998,mufa_g_100g,0.054
da378dc0-6e62-4923-aabb-126110ded991,mufa_g_100g,33.4
99574f09-8377-49bd-a2c6-cf945ac2cc62,mufa_g_100g,2.31
5cb37a41-7891-44a3-b90c-f6cdda409445,mufa_g_100g,26.4
d1903e60-1cc6-4e1b-92d1-dfdc0dfc2da5,mufa_g_100g,0.31
3d9f99f2-69c6-4e09-aaa5-d296d278f643,mufa_g_100g,0.08
b6409eaf-e437-4b1d-a51b-540673e73a14,mufa_g_100g,0.31
205b2afd-157e-4d0d-ba24-b08af3951198,mufa_g_100g,0.087
7351d18f-86e3-4c84-9de1-b79b89760af8,mufa_g_100g,0.075
3fe9734c-c38f-42a6-85bf-f0281752e8ea,mufa_g_100g,0.54
08226f84-c557-4eb0-b805-a7a4004d1fe3,mufa_g_100g,0.44
0f29b08f-27ca-405b-ba3f-da4511d90c1f,mufa_g_100g,2.08
05eb140e-0246-47a8-b1d8-27f4957b3949,mufa_g_100g,5.16
30e0ee8d-4cf7-46bd-a62a-66714d8cd521,mufa_g_100g,0.98
7b887f04-1988-44dd-b74e-66938372902a,mufa_g_100g,0.78
4e1b279a-4454-414c-9241-c329e03f1995,mufa_g_100g,1.86
81e5a2f9-3e0c-42c9-a071-c4df692e7f31,mufa_g_100g,1.12
01e424c9-6471-46b7-8244-16c9a59bcc58,mufa_g_100g,9.52
28f898ab-dc19-4905-9ff6-62d5477600f7,mufa_g_100g,6.68
a2e8f29f-07e2-490f-93c5-92134ac4d00b,mufa_g_100g,3.24
a9c3a0c2-605a-4103-a495-201402935bc5,mufa_g_100g,0.13
3f144310-58a7-4fe6-9bf2-0ce9d99ee5be,mufa_g_100g,0.0
738bd788-fd21-4363-9de0-ddc35b6813fa,mufa_g_100g,12.1
861b94d9-60da-4f46-804c-0756f4330661,mufa_g_100g,3.57
b5bfad5a-4a04-4ab6-8c8b-788397734cb2,mufa_g_100g,4.44
9c0738ab-d020-4a98-9b81-af71f7c0b878,mufa_g_100g,3.66
4d4af9ab-dd8c-4b49-be81-dd79ff210485,mufa_g_100g,11.9
2eb62878-3eb9-42ea-9a63-2691148a217c,mufa_g_100g,0.29
cc5e0af0-473e-4268-9bf2-bac740f2fab1,mufa_g_100g,0.34
ade5e763-3b9c-4947-af9d-7ff570546027,mufa_g_100g,0.32
763a92df-6900-488d-a92a-eee913d830cb,mufa_g_100g,0.34
323a942d-3817-4317-8a01-e1099026f744,mufa_g_100g,2.53
0e04f7a5-230a-4ef6-bfc3-d803435d33bd,mufa_g_100g,0.013
d62036e2-ba65-4a28-aad2-ee568cb4b498,mufa_g_100g,9.55
6ff5f533-7197-4f48-b475-c16544a21db5,mufa_g_100g,7.23
c1a9efe3-a0c5-4d04-b942-68d3fce22837,mufa_g_100g,4.93
df607bfa-3921-4ac6-be34-119b349e9588,mufa_g_100g,4.24
d281ed75-f3cd-4916-bd9d-7fc4fc48942b,mufa_g_100g,5.09
8c68a448-5cf5-4ba4-834a-d6dd13f55496,mufa_g_100g,0.0
533c1962-b367-47ca-9d82-5910931fab39,mufa_g_100g,0.88
e99c3905-a22c-45b7-b99d-5d45edec89b1,mufa_g_100g,2.05
2b51cbcc-360d-4b29-aa3d-bc4c1a017f6c,mufa_g_100g,0.0
fec29009-a951-4587-9265-27e240e03112,mufa_g_100g,0.0
deb22a25-4fde-4ac9-a6c7-e17be1a3ba00,mufa_g_100g,0.0
e1688763-0981-4614-a70c-b18893bcd53b,mufa_g_100g,0.0
36c30c73-3777-46ee-bfe2-87df2cde70d9,mufa_g_100g,0.011
834d0ee9-e18e-454d-affb-bb0096078817,mufa_g_100g,14.0
46abb1a9-f4c1-4dc1-8799-ac50ee190ee5,mufa_g_100g,5.2
352d9c01-c3ee-411e-9813-9ce3eae4c698,mufa_g_100g,0.34
1db8868c-7aea-4358-8e8e-f2f33f427798,mufa_g_100g,10.7
e3fbdb74-16a8-4680-9cd0-16044b435725,mufa_g_100g,73.1
e4f9dca3-4573-4d6e-8fec-6e0d8a7bb48f,mufa_g_100g,4.69
274e083e-46d2-4cce-b79a-a3a711d81248,mufa_g_100g,8.78
862f5667-0461-4212-9246-2a8104ee3288,mufa_g_100g,2.06
5e615f07-5e6b-403b-b1f7-47d4df6c9ed7,mufa_g_100g,0.31
9a652d31-eda3-4fe7-8e83-7ead894ca0e2,mufa_g_100g,3.22
663312e9-6d02-4cfe-aaf7-8616a2b41629,mufa_g_100g,0.8
1fb6ee8a-65e8-4da5-891f-9b1f64a1179a,mufa_g_100g,0.042
85b41f4f-b07a-4a17-9044-d09b8d16ee60,mufa_g_100g,0.11
c9ce1563-cea5-4ab9-b51b-c3951098bd35,mufa_g_100g,0.029
0d565da3-5008-4699-a3a2-c13575d82d8a,mufa_g_100g,0.01
940d778a-3303-4e51-83d5-dfdd64192939,mufa_g_100g,0.53
e0dadf12-938f-45d9-a885-3e8df7ec3fe0,pufa_g_100g,2.83
bd8d6fd3-2406-435d-9a92-c1546127e8e5,pufa_g_100g,0.01
b05db49a-9212-44d3-9187-1da7870c1c9f,pufa_g_100g,0.085
69da9d55-f3f4-4db3-8618-1fa505555874,pufa_g_100g,0.12
e951267c-50f9-4470-b1c5-18656e75e013,pufa_g_100g,0.01
970da6dd-6580-4081-8d47-0a1d30d16b6c,pufa_g_100g,0.18
fcfdcc0b-9a9c-4e6c-a749-6de288235780,pufa_g_100g,0.057
c75c5ce4-d2df-4f60-b94c-e97454df8e0d,pufa_g_100g,0.15
94557fa4-d2b4-4a78-a3d3-5d0ba730d6bc,pufa_g_100g,0.075
06462060-5201-41ec-a968-03c01edd23bc,pufa_g_100g,0.056
b13e98d9-aaaf-4554-8177-8981f2ef0076,pufa_g_100g,0.6
7e156dd4-2857-43bb-9aa2-e8273f5d4544,pufa_g_100g,0.47
0261cb12-1fd6-46e1-9e3a-8064f63e6b45,pufa_g_100g,0.034
2d0b224f-0e8c-469e-99e3-093f678fbbb9,pufa_g_100g,0.044
f4621eaf-aab9-4967-a365-2dee2b2ec1d3,pufa_g_100g,0.01
3316b6df-9f99-4571-ba2e-4e26112c269d,pufa_g_100g,0.01
dfb9e001-42d6-45d1-adf9-1e1ef5b8b618,pufa_g_100g,0.1
ac683f79-bc03-46e6-bf1a-0b224deab0f5,pufa_g_100g,0.17
1e0718a6-48ba-4fd4-93c0-1ea52f162c9d,pufa_g_100g,0.44
9448e2cd-16f6-448b-927f-d41bb963a4b5,pufa_g_100g,0.077
23786e95-97bf-461b-8108-59f08f119dad,pufa_g_100g,0.24
d8c6e29e-5eaa-401f-aa0a-dc74d777a907,pufa_g_100g,0.92
3ffa59aa-e01d-4712-8f0d-d5f32d3e1ae1,pufa_g_100g,0.28
f81df9f4-b6f1-4a5f-9091-9f483352c601,pufa_g_100g,0.01
2d70d5a7-4248-41b0-b876-066c7cf60f44,pufa_g_100g,0.01
952c1496-b636-4dd7-801a-f7ca9f204c7c,pufa_g_100g,0.01
5d0e3e32-be42-46bf-94ad-13403cf6fa08,pufa_g_100g,0.01
556c3a77-8cc1-4f91-8862-a1277fde9320,pufa_g_100g,0.01
bcc613a8-72f2-455a-8126-953b1ec1685d,pufa_g_100g,0.01
18a86eb1-0980-47d3-bf22-30b1cb43aa6a,pufa_g_100g,0.01
d098a17d-e3b9-4c47-ab88-2a21e475e998,pufa_g_100g,0.0
da378dc0-6e62-4923-aabb-126110ded991,pufa_g_100g,12.4
99574f09-8377-49bd-a2c6-cf945ac2cc62,pufa_g_100g,23.7
5cb37a41-7891-44a3-b90c-f6cdda409445,pufa_g_100g,12.9
d1903e60-1cc6-4e1b-92d1-dfdc0dfc2da5,pufa_g_100g,0.31
3d9f99f2-69c6-4e09-aaa5-d296d278f643,pufa_g_100g,0.069
b6409eaf-e437-4b1d-a51b-540673e73a14,pufa_g_100g,0.56
205b2afd-157e-4d0d-ba24-b08af3951198,pufa_g_100g,0.2
7351d18f-86e3-4c84-9de1-b79b89760af8,pufa_g_100g,0.21
3fe9734c-c38f-42a6-85bf-f0281752e8ea,pufa_g_100g,1.04
08226f84-c557-4eb0-b805-a7a4004d1fe3,pufa_g_100g,0.72
0f29b08f-27ca-405b-ba3f-da4511d90c1f,pufa_g_100g,2.5
05eb140e-0246-47a8-b1d8-27f4957b3949,pufa_g_100g,0.78
30e0ee8d-4cf7-46bd-a62a-66714d8cd521,pufa_g_100g,0.11
7b887f04-1988-44dd-b74e-66938372902a,pufa_g_100g,0.46
4e1b279a-4454-414c-9241-c329e03f1995,pufa_g_100g,0.3
81e5a2f9-3e0c-42c9-a071-c4df692e7f31,pufa_g_100g,0.34
01e424c9-6471-46b7-8244-16c9a59bcc58,pufa_g_100g,2.98
28f898ab-dc19-4905-9ff6-62d5477600f7,pufa_g_100g,0.3
a2e8f29f-07e2-490f-93c5-92134ac4d00b,pufa_g_100g,7.09
a9c3a0c2-605a-4103-a495-201402935bc5,pufa_g_100g,0.42
3f144310-58a7-4fe6-9bf2-0ce9d99ee5be,pufa_g_100g,0.0
738bd788-fd21-4363-9de0-ddc35b6813fa,pufa_g_100g,4.45
861b94d9-60da-4f46-804c-0756f4330661,pufa_g_100g,1.03
b5bfad5a-4a04-4ab6-8c8b-788397734cb2,pufa_g_100g,2.43
9c0738ab-d020-4a98-9b81-af71f7c0b878,pufa_g_100g,1.65
4d4af9ab-dd8c-4b49-be81-dd79ff210485,pufa_g_100g,4.07
2eb62878-3eb9-42ea-9a63-2691148a217c,pufa_g_100g,0.02
cc5e0af0-473e-4268-9bf2-bac740f2fab1,pufa_g_100g,0.02
ade5e763-3b9c-4947-af9d-7ff570546027,pufa_g_100g,0.02
763a92df-6900-488d-a92a-eee913d830cb,pufa_g_100g,0.02
323a942d-3817-4317-8a01-e1099026f744,pufa_g_100g,0.28
0e04f7a5-230a-4ef6-bfc3-d803435d33bd,pufa_g_100g,0.0017
d62036e2-ba65-4a28-aad2-ee568cb4b498,pufa_g_100g,1.47
6ff5f533-7197-4f48-b475-c16544a21db5,pufa_g_100g,0.96
c1a9efe3-a0c5-4d04-b942-68d3fce22837,pufa_g_100g,0.82
df607bfa-3921-4ac6-be34-119b349e9588,pufa_g_100g,0.45
d281ed75-f3cd-4916-bd9d-7fc4fc48942b,pufa_g_100g,0.55
8c68a448-5cf5-4ba4-834a-d6dd13f55496,pufa_g_100g,0.0
533c1962-b367-47ca-9d82-5910931fab39,pufa_g_100g,0.2
e99c3905-a22c-45b7-b99d-5d45edec89b1,pufa_g_100g,0.62
2b51cbcc-360d-4b29-aa3d-bc4c1a017f6c,pufa_g_100g,0.0
fec29009-a951-4587-9265-27e240e03112,pufa_g_100g,0.0
deb22a25-4fde-4ac9-a6c7-e17be1a3ba00,pufa_g_100g,0.0
e1688763-0981-4614-a70c-b18893bcd53b,pufa_g_100g,0.0
36c30c73-3777-46ee-bfe2-87df2cde70d9,pufa_g_100g,0.017
834d0ee9-e18e-454d-affb-bb0096078817,pufa_g_100g,1.46
46abb1a9-f4c1-4dc1-8799-ac50ee190ee5,pufa_g_100g,4.32
352d9c01-c3ee-411e-9813-9ce3eae4c698,pufa_g_100g,0.42
1db8868c-7aea-4358-8e8e-f2f33f427798,pufa_g_100g,1.04
e3fbdb74-16a8-4680-9cd0-16044b435725,pufa_g_100g,7.17
e4f9dca3-4573-4d6e-8fec-6e0d8a7bb48f,pufa_g_100g,1.67
274e083e-46d2-4cce-b79a-a3a711d81248,pufa_g_100g,3.06
862f5667-0461-4212-9246-2a8104ee3288,pufa_g_100g,2.17
5e615f07-5e6b-403b-b1f7-47d4df6c9ed7,pufa_g_100g,0.077
9a652d31-eda3-4fe7-8e83-7ead894ca0e2,pufa_g_100g,0.35
663312e9-6d02-4cfe-aaf7-8616a2b41629,pufa_g_100g,0.13
1fb6ee8a-65e8-4da5-891f-9b1f64a1179a,pufa_g_100g,0.2
85b41f4f-b07a-4a17-9044-d09b8d16ee60,pufa_g_100g,0.29
c9ce1563-cea5-4ab9-b51b-c3951098bd35,pufa_g_100g,0.45
0d565da3-5008-4699-a3a2-c13575d82d8a,pufa_g_100g,0.01
940d778a-3303-4e51-83d5-dfdd64192939,pufa_g_100g,2.86
e0dadf12-938f-45d9-a885-3e8df7ec3fe0,ag_4_0_butyric_g_100g,0.01
bd8d6fd3-2406-435d-9a92-c1546127e8e5,ag_4_0_butyric_g_100g,0.01
b05db49a-9212-44d3-9187-1da7870c1c9f,ag_4_0_butyric_g_100g,0.0
69da9d55-f3f4-4db3-8618-1fa505555874,ag_4_0_butyric_g_100g,0.0
e951267c-50f9-4470-b1c5-18656e75e013,ag_4_0_butyric_g_100g,0.01
970da6dd-6580-4081-8d47-0a1d30d16b6c,ag_4_0_butyric_g_100g,0.0
fcfdcc0b-9a9c-4e6c-a749-6de288235780,ag_4_0_butyric_g_100g,0.0
c75c5ce4-d2df-4f60-b94c-e97454df8e0d,ag_4_0_butyric_g_100g,0.0
94557fa4-d2b4-4a78-a3d3-5d0ba730d6bc,ag_4_0_butyric_g_100g,0.0
06462060-5201-41ec-a968-03c01edd23bc,ag_4_0_butyric_g_100g,0.0
b13e98d9-aaaf-4554-8177-8981f2ef0076,ag_4_0_butyric_g_100g,0.0
7e156dd4-2857-43bb-9aa2-e8273f5d4544,ag_4_0_butyric_g_100g,0.0
0261cb12-1fd6-46e1-9e3a-8064f63e6b45,ag_4_0_butyric_g_100g,0.0
2d0b224f-0e8c-469e-99e3-093f678fbbb9,ag_4_0_butyric_g_100g,0.0
f4621eaf-aab9-4967-a365-2dee2b2ec1d3,ag_4_0_butyric_g_100g,0.01
3316b6df-9f99-4571-ba2e-4e26112c269d,ag_4_0_butyric_g_100g,0.01
dfb9e001-42d6-45d1-adf9-1e1ef5b8b618,ag_4_0_butyric_g_100g,0.01
ac683f79-bc03-46e6-bf1a-0b224deab0f5,ag_4_0_butyric_g_100g,0.01
1e0718a6-48ba-4fd4-93c0-1ea52f162c9d,ag_4_0_butyric_g_100g,0.01
9448e2cd-16f6-448b-927f-d41bb963a4b5,ag_4_0_butyric_g_100g,0.0
23786e95-97bf-461b-8108-59f08f119dad,ag_4_0_butyric_g_100g,0.01
d8c6e29e-5eaa-401f-aa0a-dc74d777a907,ag_4_0_butyric_g_100g,0.0
3ffa59aa-e01d-4712-8f0d-d5f32d3e1ae1,ag_4_0_butyric_g_100g,0.01
f81df9f4-b6f1-4a5f-9091-9f483352c601,ag_4_0_butyric_g_100g,0.01
2d70d5a7-4248-41b0-b876-066c7cf60f44,ag_4_0_butyric_g_100g,0.01
952c1496-b636-4dd7-801a-f7ca9f204c7c,ag_4_0_butyric_g_100g,0.01
5d0e3e32-be42-46bf-94ad-13403cf6fa08,ag_4_0_butyric_g_100g,0.01
556c3a77-8cc1-4f91-8862-a1277fde9320,ag_4_0_butyric_g_100g,0.01
bcc613a8-72f2-455a-8126-953b1ec1685d,ag_4_0_butyric_g_100g,0.01
18a86eb1-0980-47d3-bf22-30b1cb43aa6a,ag_4_0_butyric_g_100g,0.01
da378dc0-6e62-4923-aabb-126110ded991,ag_4_0_butyric_g_100g,0.0
5cb37a41-7891-44a3-b90c-f6cdda409445,ag_4_0_butyric_g_100g,0.0
d1903e60-1cc6-4e1b-92d1-dfdc0dfc2da5,ag_4_0_butyric_g_100g,0.01
3d9f99f2-69c6-4e09-aaa5-d296d278f643,ag_4_0_butyric_g_100g,0.01
b6409eaf-e437-4b1d-a51b-540673e73a14,ag_4_0_butyric_g_100g,0.01
205b2afd-157e-4d0d-ba24-b08af3951198,ag_4_0_butyric_g_100g,0.01
7351d18f-86e3-4c84-9de1-b79b89760af8,ag_4_0_butyric_g_100g,0.01
3fe9734c-c38f-42a6-85bf-f0281752e8ea,ag_4_0_butyric_g_100g,0.0011
08226f84-c557-4eb0-b805-a7a4004d1fe3,ag_4_0_butyric_g_100g,0.01
0f29b08f-27ca-405b-ba3f-da4511d90c1f,ag_4_0_butyric_g_100g,0.0
05eb140e-0246-47a8-b1d8-27f4957b3949,ag_4_0_butyric_g_100g,0.75
7b887f04-1988-44dd-b74e-66938372902a,ag_4_0_butyric_g_100g,0.01
4e1b279a-4454-414c-9241-c329e03f1995,ag_4_0_butyric_g_100g,0.0
81e5a2f9-3e0c-42c9-a071-c4df692e7f31,ag_4_0_butyric_g_100g,0.0
861b94d9-60da-4f46-804c-0756f4330661,ag_4_0_butyric_g_100g,0.0
b5bfad5a-4a04-4ab6-8c8b-788397734cb2,ag_4_0_butyric_g_100g,0.019
9c0738ab-d020-4a98-9b81-af71f7c0b878,ag_4_0_butyric_g_100g,0.05
4d4af9ab-dd8c-4b49-be81-dd79ff210485,ag_4_0_butyric_g_100g,0.0
2eb62878-3eb9-42ea-9a63-2691148a217c,ag_4_0_butyric_g_100g,0.05
cc5e0af0-473e-4268-9bf2-bac740f2fab1,ag_4_0_butyric_g_100g,0.05
ade5e763-3b9c-4947-af9d-7ff570546027,ag_4_0_butyric_g_100g,0.05
763a92df-6900-488d-a92a-eee913d830cb,ag_4_0_butyric_g_100g,0.05
323a942d-3817-4317-8a01-e1099026f744,ag_4_0_butyric_g_100g,0.32
d62036e2-ba65-4a28-aad2-ee568cb4b498,ag_4_0_butyric_g_100g,1.03
6ff5f533-7197-4f48-b475-c16544a21db5,ag_4_0_butyric_g_100g,1.05
c1a9efe3-a0c5-4d04-b942-68d3fce22837,ag_4_0_butyric_g_100g,0.8
df607bfa-3921-4ac6-be34-119b349e9588,ag_4_0_butyric_g_100g,0.62
d281ed75-f3cd-4916-bd9d-7fc4fc48942b,ag_4_0_butyric_g_100g,0.89
8c68a448-5cf5-4ba4-834a-d6dd13f55496,ag_4_0_butyric_g_100g,0.0
e99c3905-a22c-45b7-b99d-5d45edec89b1,ag_4_0_butyric_g_100g,0.01
2b51cbcc-360d-4b29-aa3d-bc4c1a017f6c,ag_4_0_butyric_g_100g,0.0
fec29009-a951-4587-9265-27e240e03112,ag_4_0_butyric_g_100g,0.0
deb22a25-4fde-4ac9-a6c7-e17be1a3ba00,ag_4_0_butyric_g_100g,0.0
e1688763-0981-4614-a70c-b18893bcd53b,ag_4_0_butyric_g_100g,0.0
36c30c73-3777-46ee-bfe2-87df2cde70d9,ag_4_0_butyric_g_100g,0.0
834d0ee9-e18e-454d-affb-bb0096078817,ag_4_0_butyric_g_100g,0.01
46abb1a9-f4c1-4dc1-8799-ac50ee190ee5,ag_4_0_butyric_g_100g,0.05
352d9c01-c3ee-411e-9813-9ce3eae4c698,ag_4_0_butyric_g_100g,0.0001
1db8868c-7aea-4358-8e8e-f2f33f427798,ag_4_0_butyric_g_100g,1.51
e3fbdb74-16a8-4680-9cd0-16044b435725,ag_4_0_butyric_g_100g,0.01
e4f9dca3-4573-4d6e-8fec-6e0d8a7bb48f,ag_4_0_butyric_g_100g,0.008
274e083e-46d2-4cce-b79a-a3a711d81248,ag_4_0_butyric_g_100g,0.012
862f5667-0461-4212-9246-2a8104ee3288,ag_4_0_butyric_g_100g,0.01
5e615f07-5e6b-403b-b1f7-47d4df6c9ed7,ag_4_0_butyric_g_100g,0.0
9a652d31-eda3-4fe7-8e83-7ead894ca0e2,ag_4_0_butyric_g_100g,0.0
663312e9-6d02-4cfe-aaf7-8616a2b41629,ag_4_0_butyric_g_100g,0.01
1fb6ee8a-65e8-4da5-891f-9b1f64a1179a,ag_4_0_butyric_g_100g,0.0
85b41f4f-b07a-4a17-9044-d09b8d16ee60,ag_4_0_butyric_g_100g,0.0
0d565da3-5008-4699-a3a2-c13575d82d8a,ag_4_0_butyric_g_100g,0.01
e0dadf12-938f-45d9-a885-3e8df7ec3fe0,ag_6_0_caproic_g_100g,0.01
bd8d6fd3-2406-435d-9a92-c1546127e8e5,ag_6_0_caproic_g_100g,0.01
b05db49a-9212-44d3-9187-1da7870c1c9f,ag_6_0_caproic_g_100g,0.0
69da9d55-f3f4-4db3-8618-1fa505555874,ag_6_0_caproic_g_100g,0.0
e951267c-50f9-4470-b1c5-18656e75e013,ag_6_0_caproic_g_100g,0.01
970da6dd-6580-4081-8d47-0a1d30d16b6c,ag_6_0_caproic_g_100g,0.0
fcfdcc0b-9a9c-4e6c-a749-6de288235780,ag_6_0_caproic_g_100g,0.0
c75c5ce4-d2df-4f60-b94c-e97454df8e0d,ag_6_0_caproic_g_100g,0.0
94557fa4-d2b4-4a78-a3d3-5d0ba730d6bc,ag_6_0_caproic_g_100g,0.0
06462060-5201-41ec-a968-03c01edd23bc,ag_6_0_caproic_g_100g,0.0
b13e98d9-aaaf-4554-8177-8981f2ef0076,ag_6_0_caproic_g_100g,0.0
7e156dd4-2857-43bb-9aa2-e8273f5d4544,ag_6_0_caproic_g_100g,0.0
0261cb12-1fd6-46e1-9e3a-8064f63e6b45,ag_6_0_caproic_g_100g,0.0
2d0b224f-0e8c-469e-99e3-093f678fbbb9,ag_6_0_caproic_g_100g,0.0
f4621eaf-aab9-4967-a365-2dee2b2ec1d3,ag_6_0_caproic_g_100g,0.01
3316b6df-9f99-4571-ba2e-4e26112c269d,ag_6_0_caproic_g_100g,0.01
dfb9e001-42d6-45d1-adf9-1e1ef5b8b618,ag_6_0_caproic_g_100g,0.01
ac683f79-bc03-46e6-bf1a-0b224deab0f5,ag_6_0_caproic_g_100g,0.01
1e0718a6-48ba-4fd4-93c0-1ea52f162c9d,ag_6_0_caproic_g_100g,0.01
9448e2cd-16f6-448b-927f-d41bb963a4b5,ag_6_0_caproic_g_100g,0.0
23786e95-97bf-461b-8108-59f08f119dad,ag_6_0_caproic_g_100g,0.01
d8c6e29e-5eaa-401f-aa0a-dc74d777a907,ag_6_0_caproic_g_100g,0.0
3ffa59aa-e01d-4712-8f0d-d5f32d3e1ae1,ag_6_0_caproic_g_100g,0.01
f81df9f4-b6f1-4a5f-9091-9f483352c601,ag_6_0_caproic_g_100g,0.01
2d70d5a7-4248-41b0-b876-066c7cf60f44,ag_6_0_caproic_g_100g,0.01
952c1496-b636-4dd7-801a-f7ca9f204c7c,ag_6_0_caproic_g_100g,0.01
5d0e3e32-be42-46bf-94ad-13403cf6fa08,ag_6_0_caproic_g_100g,0.01
556c3a77-8cc1-4f91-8862-a1277fde9320,ag_6_0_caproic_g_100g,0.01
bcc613a8-72f2-455a-8126-953b1ec1685d,ag_6_0_caproic_g_100g,0.01
18a86eb1-0980-47d3-bf22-30b1cb43aa6a,ag_6_0_caproic_g_100g,0.01
da378dc0-6e62-4923-aabb-126110ded991,ag_6_0_caproic_g_100g,0.0
5cb37a41-7891-44a3-b90c-f6cdda409445,ag_6_0_caproic_g_100g,0.0
d1903e60-1cc6-4e1b-92d1-dfdc0dfc2da5,ag_6_0_caproic_g_100g,0.01
3d9f99f2-69c6-4e09-aaa5-d296d278f643,ag_6_0_caproic_g_100g,0.01
b6409eaf-e437-4b1d-a51b-540673e73a14,ag_6_0_caproic_g_100g,0.01
205b2afd-157e-4d0d-ba24-b08af3951198,ag_6_0_caproic_g_100g,0.01
7351d18f-86e3-4c84-9de1-b79b89760af8,ag_6_0_caproic_g_100g,0.01
3fe9734c-c38f-42a6-85bf-f0281752e8ea,ag_6_0_caproic_g_100g,0.0011
08226f84-c557-4eb0-b805-a7a4004d1fe3,ag_6_0_caproic_g_100g,0.01
0f29b08f-27ca-405b-ba3f-da4511d90c1f,ag_6_0_caproic_g_100g,0.0
05eb140e-0246-47a8-b1d8-27f4957b3949,ag_6_0_caproic_g_100g,0.49
7b887f04-1988-44dd-b74e-66938372902a,ag_6_0_caproic_g_100g,0.01
4e1b279a-4454-414c-9241-c329e03f1995,ag_6_0_caproic_g_100g,0.0
81e5a2f9-3e0c-42c9-a071-c4df692e7f31,ag_6_0_caproic_g_100g,0.0
861b94d9-60da-4f46-804c-0756f4330661,ag_6_0_caproic_g_100g,0.0
b5bfad5a-4a04-4ab6-8c8b-788397734cb2,ag_6_0_caproic_g_100g,0.016
9c0738ab-d020-4a98-9b81-af71f7c0b878,ag_6_0_caproic_g_100g,0.05
4d4af9ab-dd8c-4b49-be81-dd79ff210485,ag_6_0_caproic_g_100g,0.0
2eb62878-3eb9-42ea-9a63-2691148a217c,ag_6_0_caproic_g_100g,0.03
cc5e0af0-473e-4268-9bf2-bac740f2fab1,ag_6_0_caproic_g_100g,0.03
ade5e763-3b9c-4947-af9d-7ff570546027,ag_6_0_caproic_g_100g,0.04
763a92df-6900-488d-a92a-eee913d830cb,ag_6_0_caproic_g_100g,0.04
323a942d-3817-4317-8a01-e1099026f744,ag_6_0_caproic_g_100g,0.19
d62036e2-ba65-4a28-aad2-ee568cb4b498,ag_6_0_caproic_g_100g,0.57
6ff5f533-7197-4f48-b475-c16544a21db5,ag_6_0_caproic_g_100g,0.7
c1a9efe3-a0c5-4d04-b942-68d3fce22837,ag_6_0_caproic_g_100g,0.63
df607bfa-3921-4ac6-be34-119b349e9588,ag_6_0_caproic_g_100g,0.41
d281ed75-f3cd-4916-bd9d-7fc4fc48942b,ag_6_0_caproic_g_100g,0.49
8c68a448-5cf5-4ba4-834a-d6dd13f55496,ag_6_0_caproic_g_100g,0.0
533c1962-b367-47ca-9d82-5910931fab39,ag_6_0_caproic_g_100g,0.11
e99c3905-a22c-45b7-b99d-5d45edec89b1,ag_6_0_caproic_g_100g,0.01
2b51cbcc-360d-4b29-aa3d-bc4c1a017f6c,ag_6_0_caproic_g_100g,0.0
fec29009-a951-4587-9265-27e240e03112,ag_6_0_caproic_g_100g,0.0
deb22a25-4fde-4ac9-a6c7-e17be1a3ba00,ag_6_0_caproic_g_100g,0.0
e1688763-0981-4614-a70c-b18893bcd53b,ag_6_0_caproic_g_100g,0.0
36c30c73-3777-46ee-bfe2-87df2cde70d9,ag_6_0_caproic_g_100g,0.0
834d0ee9-e18e-454d-affb-bb0096078817,ag_6_0_caproic_g_100g,0.01
46abb1a9-f4c1-4dc1-8799-ac50ee190ee5,ag_6_0_caproic_g_100g,0.0035
352d9c01-c3ee-411e-9813-9ce3eae4c698,ag_6_0_caproic_g_100g,0.0001
1db8868c-7aea-4358-8e8e-f2f33f427798,ag_6_0_caproic_g_100g,0.99
e3fbdb74-16a8-4680-9cd0-16044b435725,ag_6_0_caproic_g_100g,0.01
e4f9dca3-4573-4d6e-8fec-6e0d8a7bb48f,ag_6_0_caproic_g_100g,0.01
274e083e-46d2-4cce-b79a-a3a711d81248,ag_6_0_caproic_g_100g,0.038
862f5667-0461-4212-9246-2a8104ee3288,ag_6_0_caproic_g_100g,0.01
5e615f07-5e6b-403b-b1f7-47d4df6c9ed7,ag_6_0_caproic_g_100g,0.0
9a652d31-eda3-4fe7-8e83-7ead894ca0e2,ag_6_0_caproic_g_100g,0.0
663312e9-6d02-4cfe-aaf7-8616a2b41629,ag_6_0_caproic_g_100g,0.01
1fb6ee8a-65e8-4da5-891f-9b1f64a1179a,ag_6_0_caproic_g_100g,0.0
85b41f4f-b07a-4a17-9044-d09b8d16ee60,ag_6_0_caproic_g_100g,0.0
0d565da3-5008-4699-a3a2-c13575d82d8a,ag_6_0_caproic_g_100g,0.01
e0dadf12-938f-45d9-a885-3e8df7ec3fe0,ag_8_0_caprylic_g_100g,0.01
bd8d6fd3-2406-435d-9a92-c1546127e8e5,ag_8_0_caprylic_g_100g,0.01
b05db49a-9212-44d3-9187-1da7870c1c9f,ag_8_0_caprylic_g_100g,0.0
69da9d55-f3f4-4db3-8618-1fa505555874,ag_8_0_caprylic_g_100g,0.0
e951267c-50f9-4470-b1c5-18656e75e013,ag_8_0_caprylic_g_100g,0.01
970da6dd-6580-4081-8d47-0a1d30d16b6c,ag_8_0_caprylic_g_100g,0.0
fcfdcc0b-9a9c-4e6c-a749-6de288235780,ag_8_0_caprylic_g_100g,0.0
c75c5ce4-d2df-4f60-b94c-e97454df8e0d,ag_8_0_caprylic_g_100g,0.0
94557fa4-d2b4-4a78-a3d3-5d0ba730d6bc,ag_8_0_caprylic_g_100g,0.0
06462060-5201-41ec-a968-03c01edd23bc,ag_8_0_caprylic_g_100g,0.0
b13e98d9-aaaf-4554-8177-8981f2ef0076,ag_8_0_caprylic_g_100g,0.0
7e156dd4-2857-43bb-9aa2-e8273f5d4544,ag_8_0_caprylic_g_100g,0.0
0261cb12-1fd6-46e1-9e3a-8064f63e6b45,ag_8_0_caprylic_g_100g,0.0
2d0b224f-0e8c-469e-99e3-093f678fbbb9,ag_8_0_caprylic_g_100g,0.0
f4621eaf-aab9-4967-a365-2dee2b2ec1d3,ag_8_0_caprylic_g_100g,0.01
3316b6df-9f99-4571-ba2e-4e26112c269d,ag_8_0_caprylic_g_100g,0.01
dfb9e001-42d6-45d1-adf9-1e1ef5b8b618,ag_8_0_caprylic_g_100g,0.01
ac683f79-bc03-46e6-bf1a-0b224deab0f5,ag_8_0_caprylic_g_100g,0.01
1e0718a6-48ba-4fd4-93c0-1ea52f162c9d,ag_8_0_caprylic_g_100g,0.01
9448e2cd-16f6-448b-927f-d41bb963a4b5,ag_8_0_caprylic_g_100g,0.0
23786e95-97bf-461b-8108-59f08f119dad,ag_8_0_caprylic_g_100g,0.01
d8c6e29e-5eaa-401f-aa0a-dc74d777a907,ag_8_0_caprylic_g_100g,0.0
3ffa59aa-e01d-4712-8f0d-d5f32d3e1ae1,ag_8_0_caprylic_g_100g,0.01
f81df9f4-b6f1-4a5f-9091-9f483352c601,ag_8_0_caprylic_g_100g,0.01
2d70d5a7-4248-41b0-b876-066c7cf60f44,ag_8_0_caprylic_g_100g,0.01
952c1496-b636-4dd7-801a-f7ca9f204c7c,ag_8_0_caprylic_g_100g,0.01
5d0e3e32-be42-46bf-94ad-13403cf6fa08,ag_8_0_caprylic_g_100g,0.01
556c3a77-8cc1-4f91-8862-a1277fde9320,ag_8_0_caprylic_g_100g,0.01
bcc613a8-72f2-455a-8126-953b1ec1685d,ag_8_0_caprylic_g_100g,0.01
18a86eb1-0980-47d3-bf22-30b1cb43aa6a,ag_8_0_caprylic_g_100g,0.01
da378dc0-6e62-4923-aabb-126110ded991,ag_8_0_caprylic_g_100g,0.0
5cb37a41-7891-44a3-b90c-f6cdda409445,ag_8_0_caprylic_g_100g,0.0
d1903e60-1cc6-4e1b-92d1-dfdc0dfc2da5,ag_8_0_caprylic_g_100g,0.01
3d9f99f2-69c6-4e09-aaa5-d296d278f643,ag_8_0_caprylic_g_100g,0.01
b6409eaf-e437-4b1d-a51b-540673e73a14,ag_8_0_caprylic_g_100g,0.01
205b2afd-157e-4d0d-ba24-b08af3951198,ag_8_0_caprylic_g_100g,0.01
7351d18f-86e3-4c84-9de1-b79b89760af8,ag_8_0_caprylic_g_100g,0.01
3fe9734c-c38f-42a6-85bf-f0281752e8ea,ag_8_0_caprylic_g_100g,0.0011
08226f84-c557-4eb0-b805-a7a4004d1fe3,ag_8_0_caprylic_g_100g,0.01
0f29b08f-27ca-405b-ba3f-da4511d90c1f,ag_8_0_caprylic_g_100g,0.0
05eb140e-0246-47a8-b1d8-27f4957b3949,ag_8_0_caprylic_g_100g,0.31
7b887f04-1988-44dd-b74e-66938372902a,ag_8_0_caprylic_g_100g,0.01
4e1b279a-4454-414c-9241-c329e03f1995,ag_8_0_caprylic_g_100g,0.0
81e5a2f9-3e0c-42c9-a071-c4df692e7f31,ag_8_0_caprylic_g_100g,0.0
861b94d9-60da-4f46-804c-0756f4330661,ag_8_0_caprylic_g_100g,0.0026
b5bfad5a-4a04-4ab6-8c8b-788397734cb2,ag_8_0_caprylic_g_100g,0.019
9c0738ab-d020-4a98-9b81-af71f7c0b878,ag_8_0_caprylic_g_100g,0.05
4d4af9ab-dd8c-4b49-be81-dd79ff210485,ag_8_0_caprylic_g_100g,0.009
2eb62878-3eb9-42ea-9a63-2691148a217c,ag_8_0_caprylic_g_100g,0.02
cc5e0af0-473e-4268-9bf2-bac740f2fab1,ag_8_0_caprylic_g_100g,0.02
ade5e763-3b9c-4947-af9d-7ff570546027,ag_8_0_caprylic_g_100g,0.02
763a92df-6900-488d-a92a-eee913d830cb,ag_8_0_caprylic_g_100g,0.02
323a942d-3817-4317-8a01-e1099026f744,ag_8_0_caprylic_g_100g,0.11
d62036e2-ba65-4a28-aad2-ee568cb4b498,ag_8_0_caprylic_g_100g,0.37
6ff5f533-7197-4f48-b475-c16544a21db5,ag_8_0_caprylic_g_100g,0.44
c1a9efe3-a0c5-4d04-b942-68d3fce22837,ag_8_0_caprylic_g_100g,0.62
df607bfa-3921-4ac6-be34-119b349e9588,ag_8_0_caprylic_g_100g,0.26
d281ed75-f3cd-4916-bd9d-7fc4fc48942b,ag_8_0_caprylic_g_100g,0.27
8c68a448-5cf5-4ba4-834a-d6dd13f55496,ag_8_0_caprylic_g_100g,0.0
533c1962-b367-47ca-9d82-5910931fab39,ag_8_0_caprylic_g_100g,1.31
e99c3905-a22c-45b7-b99d-5d45edec89b1,ag_8_0_caprylic_g_100g,0.01
2b51cbcc-360d-4b29-aa3d-bc4c1a017f6c,ag_8_0_caprylic_g_100g,0.0
fec29009-a951-4587-9265-27e240e03112,ag_8_0_caprylic_g_100g,0.0
deb22a25-4fde-4ac9-a6c7-e17be1a3ba00,ag_8_0_caprylic_g_100g,0.0
e1688763-0981-4614-a70c-b18893bcd53b,ag_8_0_caprylic_g_100g,0.0
36c30c73-3777-46ee-bfe2-87df2cde70d9,ag_8_0_caprylic_g_100g,0.0
834d0ee9-e18e-454d-affb-bb0096078817,ag_8_0_caprylic_g_100g,0.02
46abb1a9-f4c1-4dc1-8799-ac50ee190ee5,ag_8_0_caprylic_g_100g,0.039
352d9c01-c3ee-411e-9813-9ce3eae4c698,ag_8_0_caprylic_g_100g,0.0001
1db8868c-7aea-4358-8e8e-f2f33f427798,ag_8_0_caprylic_g_100g,0.62
e3fbdb74-16a8-4680-9cd0-16044b435725,ag_8_0_caprylic_g_100g,0.01
e4f9dca3-4573-4d6e-8fec-6e0d8a7bb48f,ag_8_0_caprylic_g_100g,0.01
274e083e-46d2-4cce-b79a-a3a711d81248,ag_8_0_caprylic_g_100g,0.013
862f5667-0461-4212-9246-2a8104ee3288,ag_8_0_caprylic_g_100g,0.01
5e615f07-5e6b-403b-b1f7-47d4df6c9ed7,ag_8_0_caprylic_g_100g,0.0
9a652d31-eda3-4fe7-8e83-7ead894ca0e2,ag_8_0_caprylic_g_100g,0.0
663312e9-6d02-4cfe-aaf7-8616a2b41629,ag_8_0_caprylic_g_100g,0.01
1fb6ee8a-65e8-4da5-891f-9b1f64a1179a,ag_8_0_caprylic_g_100g,0.0
85b41f4f-b07a-4a17-9044-d09b8d16ee60,ag_8_0_caprylic_g_100g,0.0
0d565da3-5008-4699-a3a2-c13575d82d8a,ag_8_0_caprylic_g_100g,0.01
e0dadf12-938f-45d9-a885-3e8df7ec3fe0,ag_10_0_capric_g_100g,0.01
bd8d6fd3-2406-435d-9a92-c1546127e8e5,ag_10_0_capric_g_100g,0.01
b05db49a-9212-44d3-9187-1da7870c1c9f,ag_10_0_capric_g_100g,0.0
69da9d55-f3f4-4db3-8618-1fa505555874,ag_10_0_capric_g_100g,0.0
e951267c-50f9-4470-b1c5-18656e75e013,ag_10_0_capric_g_100g,0.01
970da6dd-6580-4081-8d47-0a1d30d16b6c,ag_10_0_capric_g_100g,0.0
fcfdcc0b-9a9c-4e6c-a749-6de288235780,ag_10_0_capric_g_100g,0.0
c75c5ce4-d2df-4f60-b94c-e97454df8e0d,ag_10_0_capric_g_100g,0.0
94557fa4-d2b4-4a78-a3d3-5d0ba730d6bc,ag_10_0_capric_g_100g,0.0
06462060-5201-41ec-a968-03c01edd23bc,ag_10_0_capric_g_100g,0.0
b13e98d9-aaaf-4554-8177-8981f2ef0076,ag_10_0_capric_g_100g,0.0
7e156dd4-2857-43bb-9aa2-e8273f5d4544,ag_10_0_capric_g_100g,0.0
0261cb12-1fd6-46e1-9e3a-8064f63e6b45,ag_10_0_capric_g_100g,0.004
2d0b224f-0e8c-469e-99e3-093f678fbbb9,ag_10_0_capric_g_100g,0.0
f4621eaf-aab9-4967-a365-2dee2b2ec1d3,ag_10_0_capric_g_100g,0.01
3316b6df-9f99-4571-ba2e-4e26112c269d,ag_10_0_capric_g_100g,0.01
dfb9e001-42d6-45d1-adf9-1e1ef5b8b618,ag_10_0_capric_g_100g,0.01
ac683f79-bc03-46e6-bf1a-0b224deab0f5,ag_10_0_capric_g_100g,0.01
1e0718a6-48ba-4fd4-93c0-1ea52f162c9d,ag_10_0_capric_g_100g,0.01
9448e2cd-16f6-448b-927f-d41bb963a4b5,ag_10_0_capric_g_100g,0.0
23786e95-97bf-461b-8108-59f08f119dad,ag_10_0_capric_g_100g,0.01
d8c6e29e-5eaa-401f-aa0a-dc74d777a907,ag_10_0_capric_g_100g,0.0
3ffa59aa-e01d-4712-8f0d-d5f32d3e1ae1,ag_10_0_capric_g_100g,0.01
f81df9f4-b6f1-4a5f-9091-9f483352c601,ag_10_0_capric_g_100g,0.01
2d70d5a7-4248-41b0-b876-066c7cf60f44,ag_10_0_capric_g_100g,0.01
952c1496-b636-4dd7-801a-f7ca9f204c7c,ag_10_0_capric_g_100g,0.01
5d0e3e32-be42-46bf-94ad-13403cf6fa08,ag_10_0_capric_g_100g,0.01
556c3a77-8cc1-4f91-8862-a1277fde9320,ag_10_0_capric_g_100g,0.01
bcc613a8-72f2-455a-8126-953b1ec1685d,ag_10_0_capric_g_100g,0.01
18a86eb1-0980-47d3-bf22-30b1cb43aa6a,ag_10_0_capric_g_100g,0.01
da378dc0-6e62-4923-aabb-126110ded991,ag_10_0_capric_g_100g,0.0
5cb37a41-7891-44a3-b90c-f6cdda409445,ag_10_0_capric_g_100g,0.0
d1903e60-1cc6-4e1b-92d1-dfdc0dfc2da5,ag_10_0_capric_g_100g,0.01
3d9f99f2-69c6-4e09-aaa5-d296d278f643,ag_10_0_capric_g_100g,0.01
b6409eaf-e437-4b1d-a51b-540673e73a14,ag_10_0_capric_g_100g,0.01
205b2afd-157e-4d0d-ba24-b08af3951198,ag_10_0_capric_g_100g,0.01
7351d18f-86e3-4c84-9de1-b79b89760af8,ag_10_0_capric_g_100g,0.01
3fe9734c-c38f-42a6-85bf-f0281752e8ea,ag_10_0_capric_g_100g,0.0011
08226f84-c557-4eb0-b805-a7a4004d1fe3,ag_10_0_capric_g_100g,0.01
0f29b08f-27ca-405b-ba3f-da4511d90c1f,ag_10_0_capric_g_100g,0.0
05eb140e-0246-47a8-b1d8-27f4957b3949,ag_10_0_capric_g_100g,0.7
7b887f04-1988-44dd-b74e-66938372902a,ag_10_0_capric_g_100g,0.01
4e1b279a-4454-414c-9241-c329e03f1995,ag_10_0_capric_g_100g,0.0
81e5a2f9-3e0c-42c9-a071-c4df692e7f31,ag_10_0_capric_g_100g,0.0021
01e424c9-6471-46b7-8244-16c9a59bcc58,ag_10_0_capric_g_100g,0.021
861b94d9-60da-4f46-804c-0756f4330661,ag_10_0_capric_g_100g,0.0026
9c0738ab-d020-4a98-9b81-af71f7c0b878,ag_10_0_capric_g_100g,0.05
4d4af9ab-dd8c-4b49-be81-dd79ff210485,ag_10_0_capric_g_100g,0.009
2eb62878-3eb9-42ea-9a63-2691148a217c,ag_10_0_capric_g_100g,0.03
cc5e0af0-473e-4268-9bf2-bac740f2fab1,ag_10_0_capric_g_100g,0.05
ade5e763-3b9c-4947-af9d-7ff570546027,ag_10_0_capric_g_100g,0.04
763a92df-6900-488d-a92a-eee913d830cb,ag_10_0_capric_g_100g,0.04
323a942d-3817-4317-8a01-e1099026f744,ag_10_0_capric_g_100g,0.25
d62036e2-ba65-4a28-aad2-ee568cb4b498,ag_10_0_capric_g_100g,0.85
6ff5f533-7197-4f48-b475-c16544a21db5,ag_10_0_capric_g_100g,0.8
c1a9efe3-a0c5-4d04-b942-68d3fce22837,ag_10_0_capric_g_100g,1.85
df607bfa-3921-4ac6-be34-119b349e9588,ag_10_0_capric_g_100g,0.48
d281ed75-f3cd-4916-bd9d-7fc4fc48942b,ag_10_0_capric_g_100g,0.45
8c68a448-5cf5-4ba4-834a-d6dd13f55496,ag_10_0_capric_g_100g,0.0
533c1962-b367-47ca-9d82-5910931fab39,ag_10_0_capric_g_100g,1.04
e99c3905-a22c-45b7-b99d-5d45edec89b1,ag_10_0_capric_g_100g,0.01
2b51cbcc-360d-4b29-aa3d-bc4c1a017f6c,ag_10_0_capric_g_100g,0.0
fec29009-a951-4587-9265-27e240e03112,ag_10_0_capric_g_100g,0.0
deb22a25-4fde-4ac9-a6c7-e17be1a3ba00,ag_10_0_capric_g_100g,0.0
e1688763-0981-4614-a70c-b18893bcd53b,ag_10_0_capric_g_100g,0.0
36c30c73-3777-46ee-bfe2-87df2cde70d9,ag_10_0_capric_g_100g,0.0
834d0ee9-e18e-454d-affb-bb0096078817,ag_10_0_capric_g_100g,0.01
46abb1a9-f4c1-4dc1-8799-ac50ee190ee5,ag_10_0_capric_g_100g,0.033
352d9c01-c3ee-411e-9813-9ce3eae4c698,ag_10_0_capric_g_100g,0.0001
1db8868c-7aea-4358-8e8e-f2f33f427798,ag_10_0_capric_g_100g,1.2
e3fbdb74-16a8-4680-9cd0-16044b435725,ag_10_0_capric_g_100g,0.01
e4f9dca3-4573-4d6e-8fec-6e0d8a7bb48f,ag_10_0_capric_g_100g,0.01
274e083e-46d2-4cce-b79a-a3a711d81248,ag_10_0_capric_g_100g,0.013
862f5667-0461-4212-9246-2a8104ee3288,ag_10_0_capric_g_100g,0.01
5e615f07-5e6b-403b-b1f7-47d4df6c9ed7,ag_10_0_capric_g_100g,0.004
9a652d31-eda3-4fe7-8e83-7ead894ca0e2,ag_10_0_capric_g_100g,0.0
663312e9-6d02-4cfe-aaf7-8616a2b41629,ag_10_0_capric_g_100g,0.01
1fb6ee8a-65e8-4da5-891f-9b1f64a1179a,ag_10_0_capric_g_100g,0.0
85b41f4f-b07a-4a17-9044-d09b8d16ee60,ag_10_0_capric_g_100g,0.0
0d565da3-5008-4699-a3a2-c13575d82d8a,ag_10_0_capric_g_100g,0.01
e0dadf12-938f-45d9-a885-3e8df7ec3fe0,ag_12_0_lauric_g_100g,0.01
bd8d6fd3-2406-435d-9a92-c1546127e8e5,ag_12_0_lauric_g_100g,0.01
b05db49a-9212-44d3-9187-1da7870c1c9f,ag_12_0_lauric_g_100g,0.0
69da9d55-f3f4-4db3-8618-1fa505555874,ag_12_0_lauric_g_100g,0.00016
e951267c-50f9-4470-b1c5-18656e75e013,ag_12_0_lauric_g_100g,0.01
970da6dd-6580-4081-8d47-0a1d30d16b6c,ag_12_0_lauric_g_100g,0.002
fcfdcc0b-9a9c-4e6c-a749-6de288235780,ag_12_0_lauric_g_100g,0.0
c75c5ce4-d2df-4f60-b94c-e97454df8e0d,ag_12_0_lauric_g_100g,0.0
94557fa4-d2b4-4a78-a3d3-5d0ba730d6bc,ag_12_0_lauric_g_100g,0.0
06462060-5201-41ec-a968-03c01edd23bc,ag_12_0_lauric_g_100g,0.0
b13e98d9-aaaf-4554-8177-8981f2ef0076,ag_12_0_lauric_g_100g,0.0
7e156dd4-2857-43bb-9aa2-e8273f5d4544,ag_12_0_lauric_g_100g,0.001
0261cb12-1fd6-46e1-9e3a-8064f63e6b45,ag_12_0_lauric_g_100g,0.002
2d0b224f-0e8c-469e-99e3-093f678fbbb9,ag_12_0_lauric_g_100g,0.0
f4621eaf-aab9-4967-a365-2dee2b2ec1d3,ag_12_0_lauric_g_100g,0.01
3316b6df-9f99-4571-ba2e-4e26112c269d,ag_12_0_lauric_g_100g,0.01
dfb9e001-42d6-45d1-adf9-1e1ef5b8b618,ag_12_0_lauric_g_100g,0.01
ac683f79-bc03-46e6-bf1a-0b224deab0f5,ag_12_0_lauric_g_100g,0.01
1e0718a6-48ba-4fd4-93c0-1ea52f162c9d,ag_12_0_lauric_g_100g,0.01
9448e2cd-16f6-448b-927f-d41bb963a4b5,ag_12_0_lauric_g_100g,0.0
23786e95-97bf-461b-8108-59f08f119dad,ag_12_0_lauric_g_100g,0.01
d8c6e29e-5eaa-401f-aa0a-dc74d777a907,ag_12_0_lauric_g_100g,0.0
3ffa59aa-e01d-4712-8f0d-d5f32d3e1ae1,ag_12_0_lauric_g_100g,0.01
f81df9f4-b6f1-4a5f-9091-9f483352c601,ag_12_0_lauric_g_100g,0.01
2d70d5a7-4248-41b0-b876-066c7cf60f44,ag_12_0_lauric_g_100g,0.01
952c1496-b636-4dd7-801a-f7ca9f204c7c,ag_12_0_lauric_g_100g,0.01
5d0e3e32-be42-46bf-94ad-13403cf6fa08,ag_12_0_lauric_g_100g,0.01
556c3a77-8cc1-4f91-8862-a1277fde9320,ag_12_0_lauric_g_100g,0.01
bcc613a8-72f2-455a-8126-953b1ec1685d,ag_12_0_lauric_g_100g,0.01
18a86eb1-0980-47d3-bf22-30b1cb43aa6a,ag_12_0_lauric_g_100g,0.01
da378dc0-6e62-4923-aabb-126110ded991,ag_12_0_lauric_g_100g,0.0
5cb37a41-7891-44a3-b90c-f6cdda409445,ag_12_0_lauric_g_100g,0.0
d1903e60-1cc6-4e1b-92d1-dfdc0dfc2da5,ag_12_0_lauric_g_100g,0.01
3d9f99f2-69c6-4e09-aaa5-d296d278f643,ag_12_0_lauric_g_100g,0.01
b6409eaf-e437-4b1d-a51b-540673e73a14,ag_12_0_lauric_g_100g,0.01
205b2afd-157e-4d0d-ba24-b08af3951198,ag_12_0_lauric_g_100g,0.01
7351d18f-86e3-4c84-9de1-b79b89760af8,ag_12_0_lauric_g_100g,0.01
3fe9734c-c38f-42a6-85bf-f0281752e8ea,ag_12_0_lauric_g_100g,0.0011
08226f84-c557-4eb0-b805-a7a4004d1fe3,ag_12_0_lauric_g_100g,0.01
0f29b08f-27ca-405b-ba3f-da4511d90c1f,ag_12_0_lauric_g_100g,0.02
05eb140e-0246-47a8-b1d8-27f4957b3949,ag_12_0_lauric_g_100g,0.89
30e0ee8d-4cf7-46bd-a62a-66714d8cd521,ag_12_0_lauric_g_100g,0.0078
7b887f04-1988-44dd-b74e-66938372902a,ag_12_0_lauric_g_100g,0.01
4e1b279a-4454-414c-9241-c329e03f1995,ag_12_0_lauric_g_100g,0.0026
81e5a2f9-3e0c-42c9-a071-c4df692e7f31,ag_12_0_lauric_g_100g,0.0
01e424c9-6471-46b7-8244-16c9a59bcc58,ag_12_0_lauric_g_100g,0.021
861b94d9-60da-4f46-804c-0756f4330661,ag_12_0_lauric_g_100g,0.0033
b5bfad5a-4a04-4ab6-8c8b-788397734cb2,ag_12_0_lauric_g_100g,0.017
9c0738ab-d020-4a98-9b81-af71f7c0b878,ag_12_0_lauric_g_100g,0.05
4d4af9ab-dd8c-4b49-be81-dd79ff210485,ag_12_0_lauric_g_100g,0.009
2eb62878-3eb9-42ea-9a63-2691148a217c,ag_12_0_lauric_g_100g,0.04
cc5e0af0-473e-4268-9bf2-bac740f2fab1,ag_12_0_lauric_g_100g,0.06
ade5e763-3b9c-4947-af9d-7ff570546027,ag_12_0_lauric_g_100g,0.05
763a92df-6900-488d-a92a-eee913d830cb,ag_12_0_lauric_g_100g,0.05
323a942d-3817-4317-8a01-e1099026f744,ag_12_0_lauric_g_100g,0.34
d62036e2-ba65-4a28-aad2-ee568cb4b498,ag_12_0_lauric_g_100g,0.99
6ff5f533-7197-4f48-b475-c16544a21db5,ag_12_0_lauric_g_100g,0.99
c1a9efe3-a0c5-4d04-b942-68d3fce22837,ag_12_0_lauric_g_100g,1.1
df607bfa-3921-4ac6-be34-119b349e9588,ag_12_0_lauric_g_100g,0.6
d281ed75-f3cd-4916-bd9d-7fc4fc48942b,ag_12_0_lauric_g_100g,0.58
8c68a448-5cf5-4ba4-834a-d6dd13f55496,ag_12_0_lauric_g_100g,0.0
533c1962-b367-47ca-9d82-5910931fab39,ag_12_0_lauric_g_100g,8.27
e99c3905-a22c-45b7-b99d-5d45edec89b1,ag_12_0_lauric_g_100g,0.01
2b51cbcc-360d-4b29-aa3d-bc4c1a017f6c,ag_12_0_lauric_g_100g,0.0
fec29009-a951-4587-9265-27e240e03112,ag_12_0_lauric_g_100g,0.0
deb22a25-4fde-4ac9-a6c7-e17be1a3ba00,ag_12_0_lauric_g_100g,0.0
e1688763-0981-4614-a70c-b18893bcd53b,ag_12_0_lauric_g_100g,0.0
36c30c73-3777-46ee-bfe2-87df2cde70d9,ag_12_0_lauric_g_100g,0.0
834d0ee9-e18e-454d-affb-bb0096078817,ag_12_0_lauric_g_100g,0.02
46abb1a9-f4c1-4dc1-8799-ac50ee190ee5,ag_12_0_lauric_g_100g,0.27
352d9c01-c3ee-411e-9813-9ce3eae4c698,ag_12_0_lauric_g_100g,0.0001
1db8868c-7aea-4358-8e8e-f2f33f427798,ag_12_0_lauric_g_100g,1.49
e3fbdb74-16a8-4680-9cd0-16044b435725,ag_12_0_lauric_g_100g,0.01
e4f9dca3-4573-4d6e-8fec-6e0d8a7bb48f,ag_12_0_lauric_g_100g,0.01
274e083e-46d2-4cce-b79a-a3a711d81248,ag_12_0_lauric_g_100g,0.0
862f5667-0461-4212-9246-2a8104ee3288,ag_12_0_lauric_g_100g,0.19
5e615f07-5e6b-403b-b1f7-47d4df6c9ed7,ag_12_0_lauric_g_100g,0.0075
9a652d31-eda3-4fe7-8e83-7ead894ca0e2,ag_12_0_lauric_g_100g,0.37
663312e9-6d02-4cfe-aaf7-8616a2b41629,ag_12_0_lauric_g_100g,0.01
1fb6ee8a-65e8-4da5-891f-9b1f64a1179a,ag_12_0_lauric_g_100g,0.0
85b41f4f-b07a-4a17-9044-d09b8d16ee60,ag_12_0_lauric_g_100g,0.0048
0d565da3-5008-4699-a3a2-c13575d82d8a,ag_12_0_lauric_g_100g,0.01
e0dadf12-938f-45d9-a885-3e8df7ec3fe0,ag_14_0_myristic_g_100g,0.01
bd8d6fd3-2406-435d-9a92-c1546127e8e5,ag_14_0_myristic_g_100g,0.01
b05db49a-9212-44d3-9187-1da7870c1c9f,ag_14_0_myristic_g_100g,0.0
69da9d55-f3f4-4db3-8618-1fa505555874,ag_14_0_myristic_g_100g,0.00073
e951267c-50f9-4470-b1c5-18656e75e013,ag_14_0_myristic_g_100g,0.01
970da6dd-6580-4081-8d47-0a1d30d16b6c,ag_14_0_myristic_g_100g,0.0025
fcfdcc0b-9a9c-4e6c-a749-6de288235780,ag_14_0_myristic_g_100g,0.0
c75c5ce4-d2df-4f60-b94c-e97454df8e0d,ag_14_0_myristic_g_100g,0.00086
94557fa4-d2b4-4a78-a3d3-5d0ba730d6bc,ag_14_0_myristic_g_100g,0.001
06462060-5201-41ec-a968-03c01edd23bc,ag_14_0_myristic_g_100g,0.001
b13e98d9-aaaf-4554-8177-8981f2ef0076,ag_14_0_myristic_g_100g,0.0
7e156dd4-2857-43bb-9aa2-e8273f5d4544,ag_14_0_myristic_g_100g,0.0013
0261cb12-1fd6-46e1-9e3a-8064f63e6b45,ag_14_0_myristic_g_100g,0.004
2d0b224f-0e8c-469e-99e3-093f678fbbb9,ag_14_0_myristic_g_100g,0.0
f4621eaf-aab9-4967-a365-2dee2b2ec1d3,ag_14_0_myristic_g_100g,0.01
3316b6df-9f99-4571-ba2e-4e26112c269d,ag_14_0_myristic_g_100g,0.01
dfb9e001-42d6-45d1-adf9-1e1ef5b8b618,ag_14_0_myristic_g_100g,0.01
ac683f79-bc03-46e6-bf1a-0b224deab0f5,ag_14_0_myristic_g_100g,0.01
1e0718a6-48ba-4fd4-93c0-1ea52f162c9d,ag_14_0_myristic_g_100g,0.01
9448e2cd-16f6-448b-927f-d41bb963a4b5,ag_14_0_myristic_g_100g,0.0
23786e95-97bf-461b-8108-59f08f119dad,ag_14_0_myristic_g_100g,0.01
d8c6e29e-5eaa-401f-aa0a-dc74d777a907,ag_14_0_myristic_g_100g,0.003
3ffa59aa-e01d-4712-8f0d-d5f32d3e1ae1,ag_14_0_myristic_g_100g,0.01
f81df9f4-b6f1-4a5f-9091-9f483352c601,ag_14_0_myristic_g_100g,0.01
2d70d5a7-4248-41b0-b876-066c7cf60f44,ag_14_0_myristic_g_100g,0.01
952c1496-b636-4dd7-801a-f7ca9f204c7c,ag_14_0_myristic_g_100g,0.01
5d0e3e32-be42-46bf-94ad-13403cf6fa08,ag_14_0_myristic_g_100g,0.01
556c3a77-8cc1-4f91-8862-a1277fde9320,ag_14_0_myristic_g_100g,0.01
bcc613a8-72f2-455a-8126-953b1ec1685d,ag_14_0_myristic_g_100g,0.01
18a86eb1-0980-47d3-bf22-30b1cb43aa6a,ag_14_0_myristic_g_100g,0.01
da378dc0-6e62-4923-aabb-126110ded991,ag_14_0_myristic_g_100g,0.0
99574f09-8377-49bd-a2c6-cf945ac2cc62,ag_14_0_myristic_g_100g,0.03
5cb37a41-7891-44a3-b90c-f6cdda409445,ag_14_0_myristic_g_100g,0.02
d1903e60-1cc6-4e1b-92d1-dfdc0dfc2da5,ag_14_0_myristic_g_100g,0.01
3d9f99f2-69c6-4e09-aaa5-d296d278f643,ag_14_0_myristic_g_100g,0.01
b6409eaf-e437-4b1d-a51b-540673e73a14,ag_14_0_myristic_g_100g,0.01
205b2afd-157e-4d0d-ba24-b08af3951198,ag_14_0_myristic_g_100g,0.01
7351d18f-86e3-4c84-9de1-b79b89760af8,ag_14_0_myristic_g_100g,0.01
3fe9734c-c38f-42a6-85bf-f0281752e8ea,ag_14_0_myristic_g_100g,0.0011
4c3d49b5-5471-432a-a259-b662b1f6b862,ag_14_0_myristic_g_100g,0.0032
08226f84-c557-4eb0-b805-a7a4004d1fe3,ag_14_0_myristic_g_100g,0.03
0f29b08f-27ca-405b-ba3f-da4511d90c1f,ag_14_0_myristic_g_100g,0.01
05eb140e-0246-47a8-b1d8-27f4957b3949,ag_14_0_myristic_g_100g,2.71
30e0ee8d-4cf7-46bd-a62a-66714d8cd521,ag_14_0_myristic_g_100g,0.13
7b887f04-1988-44dd-b74e-66938372902a,ag_14_0_myristic_g_100g,0.01
4e1b279a-4454-414c-9241-c329e03f1995,ag_14_0_myristic_g_100g,0.1
81e5a2f9-3e0c-42c9-a071-c4df692e7f31,ag_14_0_myristic_g_100g,0.03
01e424c9-6471-46b7-8244-16c9a59bcc58,ag_14_0_myristic_g_100g,0.28
a9c3a0c2-605a-4103-a495-201402935bc5,ag_14_0_myristic_g_100g,0.02
738bd788-fd21-4363-9de0-ddc35b6813fa,ag_14_0_myristic_g_100g,0.077
861b94d9-60da-4f46-804c-0756f4330661,ag_14_0_myristic_g_100g,0.029
b5bfad5a-4a04-4ab6-8c8b-788397734cb2,ag_14_0_myristic_g_100g,0.057
9c0738ab-d020-4a98-9b81-af71f7c0b878,ag_14_0_myristic_g_100g,0.024
4d4af9ab-dd8c-4b49-be81-dd79ff210485,ag_14_0_myristic_g_100g,0.091
2eb62878-3eb9-42ea-9a63-2691148a217c,ag_14_0_myristic_g_100g,0.14
cc5e0af0-473e-4268-9bf2-bac740f2fab1,ag_14_0_myristic_g_100g,0.19
ade5e763-3b9c-4947-af9d-7ff570546027,ag_14_0_myristic_g_100g,0.18
763a92df-6900-488d-a92a-eee913d830cb,ag_14_0_myristic_g_100g,0.17
323a942d-3817-4317-8a01-e1099026f744,ag_14_0_myristic_g_100g,1.07
d62036e2-ba65-4a28-aad2-ee568cb4b498,ag_14_0_myristic_g_100g,3.43
6ff5f533-7197-4f48-b475-c16544a21db5,ag_14_0_myristic_g_100g,3.38
c1a9efe3-a0c5-4d04-b942-68d3fce22837,ag_14_0_myristic_g_100g,2.72
df607bfa-3921-4ac6-be34-119b349e9588,ag_14_0_myristic_g_100g,1.95
d281ed75-f3cd-4916-bd9d-7fc4fc48942b,ag_14_0_myristic_g_100g,2.36
8c68a448-5cf5-4ba4-834a-d6dd13f55496,ag_14_0_myristic_g_100g,0.0
533c1962-b367-47ca-9d82-5910931fab39,ag_14_0_myristic_g_100g,3.27
e99c3905-a22c-45b7-b99d-5d45edec89b1,ag_14_0_myristic_g_100g,0.01
2b51cbcc-360d-4b29-aa3d-bc4c1a017f6c,ag_14_0_myristic_g_100g,0.0
fec29009-a951-4587-9265-27e240e03112,ag_14_0_myristic_g_100g,0.0
deb22a25-4fde-4ac9-a6c7-e17be1a3ba00,ag_14_0_myristic_g_100g,0.0
e1688763-0981-4614-a70c-b18893bcd53b,ag_14_0_myristic_g_100g,0.0
36c30c73-3777-46ee-bfe2-87df2cde70d9,ag_14_0_myristic_g_100g,0.0
834d0ee9-e18e-454d-affb-bb0096078817,ag_14_0_myristic_g_100g,0.11
46abb1a9-f4c1-4dc1-8799-ac50ee190ee5,ag_14_0_myristic_g_100g,0.11
352d9c01-c3ee-411e-9813-9ce3eae4c698,ag_14_0_myristic_g_100g,0.0001
1db8868c-7aea-4358-8e8e-f2f33f427798,ag_14_0_myristic_g_100g,4.55
e3fbdb74-16a8-4680-9cd0-16044b435725,ag_14_0_myristic_g_100g,0.01
e4f9dca3-4573-4d6e-8fec-6e0d8a7bb48f,ag_14_0_myristic_g_100g,0.01
274e083e-46d2-4cce-b79a-a3a711d81248,ag_14_0_myristic_g_100g,0.64
862f5667-0461-4212-9246-2a8104ee3288,ag_14_0_myristic_g_100g,0.22
5e615f07-5e6b-403b-b1f7-47d4df6c9ed7,ag_14_0_myristic_g_100g,0.012
9a652d31-eda3-4fe7-8e83-7ead894ca0e2,ag_14_0_myristic_g_100g,22.8
663312e9-6d02-4cfe-aaf7-8616a2b41629,ag_14_0_myristic_g_100g,0.01
1fb6ee8a-65e8-4da5-891f-9b1f64a1179a,ag_14_0_myristic_g_100g,0.0093
85b41f4f-b07a-4a17-9044-d09b8d16ee60,ag_14_0_myristic_g_100g,0.0023
c9ce1563-cea5-4ab9-b51b-c3951098bd35,ag_14_0_myristic_g_100g,0.005
0d565da3-5008-4699-a3a2-c13575d82d8a,ag_14_0_myristic_g_100g,0.01
e0dadf12-938f-45d9-a885-3e8df7ec3fe0,ag_16_0_palmitic_g_100g,4.37
bd8d6fd3-2406-435d-9a92-c1546127e8e5,ag_16_0_palmitic_g_100g,0.01
b05db49a-9212-44d3-9187-1da7870c1c9f,ag_16_0_palmitic_g_100g,0.018
69da9d55-f3f4-4db3-8618-1fa505555874,ag_16_0_palmitic_g_100g,0.041
e951267c-50f9-4470-b1c5-18656e75e013,ag_16_0_palmitic_g_100g,0.01
970da6dd-6580-4081-8d47-0a1d30d16b6c,ag_16_0_palmitic_g_100g,0.11
fcfdcc0b-9a9c-4e6c-a749-6de288235780,ag_16_0_palmitic_g_100g,0.019
c75c5ce4-d2df-4f60-b94c-e97454df8e0d,ag_16_0_palmitic_g_100g,0.083
94557fa4-d2b4-4a78-a3d3-5d0ba730d6bc,ag_16_0_palmitic_g_100g,0.035
06462060-5201-41ec-a968-03c01edd23bc,ag_16_0_palmitic_g_100g,0.021
b13e98d9-aaaf-4554-8177-8981f2ef0076,ag_16_0_palmitic_g_100g,0.19
7e156dd4-2857-43bb-9aa2-e8273f5d4544,ag_16_0_palmitic_g_100g,0.21
0261cb12-1fd6-46e1-9e3a-8064f63e6b45,ag_16_0_palmitic_g_100g,0.027
2d0b224f-0e8c-469e-99e3-093f678fbbb9,ag_16_0_palmitic_g_100g,0.011
f4621eaf-aab9-4967-a365-2dee2b2ec1d3,ag_16_0_palmitic_g_100g,0.11
3316b6df-9f99-4571-ba2e-4e26112c269d,ag_16_0_palmitic_g_100g,0.01
dfb9e001-42d6-45d1-adf9-1e1ef5b8b618,ag_16_0_palmitic_g_100g,0.07
ac683f79-bc03-46e6-bf1a-0b224deab0f5,ag_16_0_palmitic_g_100g,0.08
1e0718a6-48ba-4fd4-93c0-1ea52f162c9d,ag_16_0_palmitic_g_100g,0.11
9448e2cd-16f6-448b-927f-d41bb963a4b5,ag_16_0_palmitic_g_100g,0.04
23786e95-97bf-461b-8108-59f08f119dad,ag_16_0_palmitic_g_100g,0.15
d8c6e29e-5eaa-401f-aa0a-dc74d777a907,ag_16_0_palmitic_g_100g,0.17
3ffa59aa-e01d-4712-8f0d-d5f32d3e1ae1,ag_16_0_palmitic_g_100g,0.08
f81df9f4-b6f1-4a5f-9091-9f483352c601,ag_16_0_palmitic_g_100g,0.01
2d70d5a7-4248-41b0-b876-066c7cf60f44,ag_16_0_palmitic_g_100g,0.01
952c1496-b636-4dd7-801a-f7ca9f204c7c,ag_16_0_palmitic_g_100g,0.01
5d0e3e32-be42-46bf-94ad-13403cf6fa08,ag_16_0_palmitic_g_100g,0.01
556c3a77-8cc1-4f91-8862-a1277fde9320,ag_16_0_palmitic_g_100g,0.01
bcc613a8-72f2-455a-8126-953b1ec1685d,ag_16_0_palmitic_g_100g,0.01
18a86eb1-0980-47d3-bf22-30b1cb43aa6a,ag_16_0_palmitic_g_100g,0.01
da378dc0-6e62-4923-aabb-126110ded991,ag_16_0_palmitic_g_100g,3.27
99574f09-8377-49bd-a2c6-cf945ac2cc62,ag_16_0_palmitic_g_100g,2.17
5cb37a41-7891-44a3-b90c-f6cdda409445,ag_16_0_palmitic_g_100g,5.29
d1903e60-1cc6-4e1b-92d1-dfdc0dfc2da5,ag_16_0_palmitic_g_100g,0.15
3d9f99f2-69c6-4e09-aaa5-d296d278f643,ag_16_0_palmitic_g_100g,0.01
b6409eaf-e437-4b1d-a51b-540673e73a14,ag_16_0_palmitic_g_100g,0.12
205b2afd-157e-4d0d-ba24-b08af3951198,ag_16_0_palmitic_g_100g,0.01
7351d18f-86e3-4c84-9de1-b79b89760af8,ag_16_0_palmitic_g_100g,0.093
3fe9734c-c38f-42a6-85bf-f0281752e8ea,ag_16_0_palmitic_g_100g,0.18
4c3d49b5-5471-432a-a259-b662b1f6b862,ag_16_0_palmitic_g_100g,0.35
08226f84-c557-4eb0-b805-a7a4004d1fe3,ag_16_0_palmitic_g_100g,0.32
0f29b08f-27ca-405b-ba3f-da4511d90c1f,ag_16_0_palmitic_g_100g,0.94
05eb140e-0246-47a8-b1d8-27f4957b3949,ag_16_0_palmitic_g_100g,7.39
30e0ee8d-4cf7-46bd-a62a-66714d8cd521,ag_16_0_palmitic_g_100g,1.68
7b887f04-1988-44dd-b74e-66938372902a,ag_16_0_palmitic_g_100g,0.42
4e1b279a-4454-414c-9241-c329e03f1995,ag_16_0_palmitic_g_100g,0.93
81e5a2f9-3e0c-42c9-a071-c4df692e7f31,ag_16_0_palmitic_g_100g,0.55
01e424c9-6471-46b7-8244-16c9a59bcc58,ag_16_0_palmitic_g_100g,4.88
a9c3a0c2-605a-4103-a495-201402935bc5,ag_16_0_palmitic_g_100g,0.092
738bd788-fd21-4363-9de0-ddc35b6813fa,ag_16_0_palmitic_g_100g,6.23
861b94d9-60da-4f46-804c-0756f4330661,ag_16_0_palmitic_g_100g,2.01
b5bfad5a-4a04-4ab6-8c8b-788397734cb2,ag_16_0_palmitic_g_100g,2.17
9c0738ab-d020-4a98-9b81-af71f7c0b878,ag_16_0_palmitic_g_100g,1.96
4d4af9ab-dd8c-4b49-be81-dd79ff210485,ag_16_0_palmitic_g_100g,6.04
2eb62878-3eb9-42ea-9a63-2691148a217c,ag_16_0_palmitic_g_100g,0.36
cc5e0af0-473e-4268-9bf2-bac740f2fab1,ag_16_0_palmitic_g_100g,0.5
ade5e763-3b9c-4947-af9d-7ff570546027,ag_16_0_palmitic_g_100g,0.51
763a92df-6900-488d-a92a-eee913d830cb,ag_16_0_palmitic_g_100g,0.48
323a942d-3817-4317-8a01-e1099026f744,ag_16_0_palmitic_g_100g,2.99
d62036e2-ba65-4a28-aad2-ee568cb4b498,ag_16_0_palmitic_g_100g,8.5
6ff5f533-7197-4f48-b475-c16544a21db5,ag_16_0_palmitic_g_100g,9.28
c1a9efe3-a0c5-4d04-b942-68d3fce22837,ag_16_0_palmitic_g_100g,6.2
df607bfa-3921-4ac6-be34-119b349e9588,ag_16_0_palmitic_g_100g,5.43
d281ed75-f3cd-4916-bd9d-7fc4fc48942b,ag_16_0_palmitic_g_100g,7.03
8c68a448-5cf5-4ba4-834a-d6dd13f55496,ag_16_0_palmitic_g_100g,0.0
533c1962-b367-47ca-9d82-5910931fab39,ag_16_0_palmitic_g_100g,1.58
e99c3905-a22c-45b7-b99d-5d45edec89b1,ag_16_0_palmitic_g_100g,0.23
2b51cbcc-360d-4b29-aa3d-bc4c1a017f6c,ag_16_0_palmitic_g_100g,0.0
fec29009-a951-4587-9265-27e240e03112,ag_16_0_palmitic_g_100g,0.0
deb22a25-4fde-4ac9-a6c7-e17be1a3ba00,ag_16_0_palmitic_g_100g,0.0
e1688763-0981-4614-a70c-b18893bcd53b,ag_16_0_palmitic_g_100g,0.0
36c30c73-3777-46ee-bfe2-87df2cde70d9,ag_16_0_palmitic_g_100g,0.006
834d0ee9-e18e-454d-affb-bb0096078817,ag_16_0_palmitic_g_100g,12.0
46abb1a9-f4c1-4dc1-8799-ac50ee190ee5,ag_16_0_palmitic_g_100g,0.46
352d9c01-c3ee-411e-9813-9ce3eae4c698,ag_16_0_palmitic_g_100g,0.23
1db8868c-7aea-4358-8e8e-f2f33f427798,ag_16_0_palmitic_g_100g,11.3
e3fbdb74-16a8-4680-9cd0-16044b435725,ag_16_0_palmitic_g_100g,11.8
e4f9dca3-4573-4d6e-8fec-6e0d8a7bb48f,ag_16_0_palmitic_g_100g,0.69
274e083e-46d2-4cce-b79a-a3a711d81248,ag_16_0_palmitic_g_100g,0.68
862f5667-0461-4212-9246-2a8104ee3288,ag_16_0_palmitic_g_100g,1.65
5e615f07-5e6b-403b-b1f7-47d4df6c9ed7,ag_16_0_palmitic_g_100g,0.13
9a652d31-eda3-4fe7-8e83-7ead894ca0e2,ag_16_0_palmitic_g_100g,2.26
663312e9-6d02-4cfe-aaf7-8616a2b41629,ag_16_0_palmitic_g_100g,0.06
1fb6ee8a-65e8-4da5-891f-9b1f64a1179a,ag_16_0_palmitic_g_100g,0.059
85b41f4f-b07a-4a17-9044-d09b8d16ee60,ag_16_0_palmitic_g_100g,0.071
c9ce1563-cea5-4ab9-b51b-c3951098bd35,ag_16_0_palmitic_g_100g,0.16
0d565da3-5008-4699-a3a2-c13575d82d8a,ag_16_0_palmitic_g_100g,0.01
e0dadf12-938f-45d9-a885-3e8df7ec3fe0,ag_18_0_stearic_g_100g,0.11
bd8d6fd3-2406-435d-9a92-c1546127e8e5,ag_18_0_stearic_g_100g,0.01
b05db49a-9212-44d3-9187-1da7870c1c9f,ag_18_0_stearic_g_100g,0.0021
69da9d55-f3f4-4db3-8618-1fa505555874,ag_18_0_stearic_g_100g,0.011
e951267c-50f9-4470-b1c5-18656e75e013,ag_18_0_stearic_g_100g,0.01
970da6dd-6580-4081-8d47-0a1d30d16b6c,ag_18_0_stearic_g_100g,0.013
fcfdcc0b-9a9c-4e6c-a749-6de288235780,ag_18_0_stearic_g_100g,0.00064
c75c5ce4-d2df-4f60-b94c-e97454df8e0d,ag_18_0_stearic_g_100g,0.0059
94557fa4-d2b4-4a78-a3d3-5d0ba730d6bc,ag_18_0_stearic_g_100g,0.004
06462060-5201-41ec-a968-03c01edd23bc,ag_18_0_stearic_g_100g,0.0015
b13e98d9-aaaf-4554-8177-8981f2ef0076,ag_18_0_stearic_g_100g,0.012
7e156dd4-2857-43bb-9aa2-e8273f5d4544,ag_18_0_stearic_g_100g,0.041
0261cb12-1fd6-46e1-9e3a-8064f63e6b45,ag_18_0_stearic_g_100g,0.012
2d0b224f-0e8c-469e-99e3-093f678fbbb9,ag_18_0_stearic_g_100g,0.004
f4621eaf-aab9-4967-a365-2dee2b2ec1d3,ag_18_0_stearic_g_100g,0.01
3316b6df-9f99-4571-ba2e-4e26112c269d,ag_18_0_stearic_g_100g,0.01
dfb9e001-42d6-45d1-adf9-1e1ef5b8b618,ag_18_0_stearic_g_100g,0.02
ac683f79-bc03-46e6-bf1a-0b224deab0f5,ag_18_0_stearic_g_100g,0.03
1e0718a6-48ba-4fd4-93c0-1ea52f162c9d,ag_18_0_stearic_g_100g,0.02
9448e2cd-16f6-448b-927f-d41bb963a4b5,ag_18_0_stearic_g_100g,0.002
23786e95-97bf-461b-8108-59f08f119dad,ag_18_0_stearic_g_100g,0.03
d8c6e29e-5eaa-401f-aa0a-dc74d777a907,ag_18_0_stearic_g_100g,0.03
3ffa59aa-e01d-4712-8f0d-d5f32d3e1ae1,ag_18_0_stearic_g_100g,0.01
f81df9f4-b6f1-4a5f-9091-9f483352c601,ag_18_0_stearic_g_100g,0.01
2d70d5a7-4248-41b0-b876-066c7cf60f44,ag_18_0_stearic_g_100g,0.01
952c1496-b636-4dd7-801a-f7ca9f204c7c,ag_18_0_stearic_g_100g,0.01
5d0e3e32-be42-46bf-94ad-13403cf6fa08,ag_18_0_stearic_g_100g,0.01
556c3a77-8cc1-4f91-8862-a1277fde9320,ag_18_0_stearic_g_100g,0.01
bcc613a8-72f2-455a-8126-953b1ec1685d,ag_18_0_stearic_g_100g,0.01
18a86eb1-0980-47d3-bf22-30b1cb43aa6a,ag_18_0_stearic_g_100g,0.01
da378dc0-6e62-4923-aabb-126110ded991,ag_18_0_stearic_g_100g,0.67
99574f09-8377-49bd-a2c6-cf945ac2cc62,ag_18_0_stearic_g_100g,0.91
5cb37a41-7891-44a3-b90c-f6cdda409445,ag_18_0_stearic_g_100g,2.51
d1903e60-1cc6-4e1b-92d1-dfdc0dfc2da5,ag_18_0_stearic_g_100g,0.018
3d9f99f2-69c6-4e09-aaa5-d296d278f643,ag_18_0_stearic_g_100g,0.01
b6409eaf-e437-4b1d-a51b-540673e73a14,ag_18_0_stearic_g_100g,0.02
205b2afd-157e-4d0d-ba24-b08af3951198,ag_18_0_stearic_g_100g,0.01
7351d18f-86e3-4c84-9de1-b79b89760af8,ag_18_0_stearic_g_100g,0.0062
3fe9734c-c38f-42a6-85bf-f0281752e8ea,ag_18_0_stearic_g_100g,0.077
4c3d49b5-5471-432a-a259-b662b1f6b862,ag_18_0_stearic_g_100g,0.057
08226f84-c557-4eb0-b805-a7a4004d1fe3,ag_18_0_stearic_g_100g,0.17
0f29b08f-27ca-405b-ba3f-da4511d90c1f,ag_18_0_stearic_g_100g,0.082
05eb140e-0246-47a8-b1d8-27f4957b3949,ag_18_0_stearic_g_100g,2.31
30e0ee8d-4cf7-46bd-a62a-66714d8cd521,ag_18_0_stearic_g_100g,0.45
7b887f04-1988-44dd-b74e-66938372902a,ag_18_0_stearic_g_100g,0.15
4e1b279a-4454-414c-9241-c329e03f1995,ag_18_0_stearic_g_100g,0.5
81e5a2f9-3e0c-42c9-a071-c4df692e7f31,ag_18_0_stearic_g_100g,0.25
01e424c9-6471-46b7-8244-16c9a59bcc58,ag_18_0_stearic_g_100g,2.81
a9c3a0c2-605a-4103-a495-201402935bc5,ag_18_0_stearic_g_100g,0.027
738bd788-fd21-4363-9de0-ddc35b6813fa,ag_18_0_stearic_g_100g,1.95
861b94d9-60da-4f46-804c-0756f4330661,ag_18_0_stearic_g_100g,0.5
b5bfad5a-4a04-4ab6-8c8b-788397734cb2,ag_18_0_stearic_g_100g,0.93
9c0738ab-d020-4a98-9b81-af71f7c0b878,ag_18_0_stearic_g_100g,0.65
4d4af9ab-dd8c-4b49-be81-dd79ff210485,ag_18_0_stearic_g_100g,1.73
2eb62878-3eb9-42ea-9a63-2691148a217c,ag_18_0_stearic_g_100g,0.13
cc5e0af0-473e-4268-9bf2-bac740f2fab1,ag_18_0_stearic_g_100g,0.13
ade5e763-3b9c-4947-af9d-7ff570546027,ag_18_0_stearic_g_100g,0.14
763a92df-6900-488d-a92a-eee913d830cb,ag_18_0_stearic_g_100g,0.13
323a942d-3817-4317-8a01-e1099026f744,ag_18_0_stearic_g_100g,0.96
d62036e2-ba65-4a28-aad2-ee568cb4b498,ag_18_0_stearic_g_100g,3.23
6ff5f533-7197-4f48-b475-c16544a21db5,ag_18_0_stearic_g_100g,3.23
c1a9efe3-a0c5-4d04-b942-68d3fce22837,ag_18_0_stearic_g_100g,2.2
df607bfa-3921-4ac6-be34-119b349e9588,ag_18_0_stearic_g_100g,1.61
d281ed75-f3cd-4916-bd9d-7fc4fc48942b,ag_18_0_stearic_g_100g,2.45
8c68a448-5cf5-4ba4-834a-d6dd13f55496,ag_18_0_stearic_g_100g,0.0
533c1962-b367-47ca-9d82-5910931fab39,ag_18_0_stearic_g_100g,0.97
e99c3905-a22c-45b7-b99d-5d45edec89b1,ag_18_0_stearic_g_100g,0.08
2b51cbcc-360d-4b29-aa3d-bc4c1a017f6c,ag_18_0_stearic_g_100g,0.0
fec29009-a951-4587-9265-27e240e03112,ag_18_0_stearic_g_100g,0.0
deb22a25-4fde-4ac9-a6c7-e17be1a3ba00,ag_18_0_stearic_g_100g,0.0
e1688763-0981-4614-a70c-b18893bcd53b,ag_18_0_stearic_g_100g,0.0
36c30c73-3777-46ee-bfe2-87df2cde70d9,ag_18_0_stearic_g_100g,0.001
834d0ee9-e18e-454d-affb-bb0096078817,ag_18_0_stearic_g_100g,15.8
46abb1a9-f4c1-4dc1-8799-ac50ee190ee5,ag_18_0_stearic_g_100g,0.079
352d9c01-c3ee-411e-9813-9ce3eae4c698,ag_18_0_stearic_g_100g,0.037
1db8868c-7aea-4358-8e8e-f2f33f427798,ag_18_0_stearic_g_100g,3.55
e3fbdb74-16a8-4680-9cd0-16044b435725,ag_18_0_stearic_g_100g,2.79
e4f9dca3-4573-4d6e-8fec-6e0d8a7bb48f,ag_18_0_stearic_g_100g,0.19
274e083e-46d2-4cce-b79a-a3a711d81248,ag_18_0_stearic_g_100g,0.17
862f5667-0461-4212-9246-2a8104ee3288,ag_18_0_stearic_g_100g,0.46
5e615f07-5e6b-403b-b1f7-47d4df6c9ed7,ag_18_0_stearic_g_100g,0.1
9a652d31-eda3-4fe7-8e83-7ead894ca0e2,ag_18_0_stearic_g_100g,0.17
663312e9-6d02-4cfe-aaf7-8616a2b41629,ag_18_0_stearic_g_100g,0.03
1fb6ee8a-65e8-4da5-891f-9b1f64a1179a,ag_18_0_stearic_g_100g,0.0055
85b41f4f-b07a-4a17-9044-d09b8d16ee60,ag_18_0_stearic_g_100g,0.0043
c9ce1563-cea5-4ab9-b51b-c3951098bd35,ag_18_0_stearic_g_100g,0.023
0d565da3-5008-4699-a3a2-c13575d82d8a,ag_18_0_stearic_g_100g,0.01
e0dadf12-938f-45d9-a885-3e8df7ec3fe0,ag_18_1_oleic_g_100g,8.72
bd8d6fd3-2406-435d-9a92-c1546127e8e5,ag_18_1_oleic_g_100g,0.01
b05db49a-9212-44d3-9187-1da7870c1c9f,ag_18_1_oleic_g_100g,0.005
69da9d55-f3f4-4db3-8618-1fa505555874,ag_18_1_oleic_g_100g,0.035
e951267c-50f9-4470-b1c5-18656e75e013,ag_18_1_oleic_g_100g,0.01
970da6dd-6580-4081-8d47-0a1d30d16b6c,ag_18_1_oleic_g_100g,0.035
c75c5ce4-d2df-4f60-b94c-e97454df8e0d,ag_18_1_oleic_g_100g,0.0046
7e156dd4-2857-43bb-9aa2-e8273f5d4544,ag_18_1_oleic_g_100g,0.27
f4621eaf-aab9-4967-a365-2dee2b2ec1d3,ag_18_1_oleic_g_100g,0.01
3316b6df-9f99-4571-ba2e-4e26112c269d,ag_18_1_oleic_g_100g,0.01
dfb9e001-42d6-45d1-adf9-1e1ef5b8b618,ag_18_1_oleic_g_100g,0.07
ac683f79-bc03-46e6-bf1a-0b224deab0f5,ag_18_1_oleic_g_100g,0.08
1e0718a6-48ba-4fd4-93c0-1ea52f162c9d,ag_18_1_oleic_g_100g,0.07
23786e95-97bf-461b-8108-59f08f119dad,ag_18_1_oleic_g_100g,0.15
d8c6e29e-5eaa-401f-aa0a-dc74d777a907,ag_18_1_oleic_g_100g,0.47
3ffa59aa-e01d-4712-8f0d-d5f32d3e1ae1,ag_18_1_oleic_g_100g,0.13
f81df9f4-b6f1-4a5f-9091-9f483352c601,ag_18_1_oleic_g_100g,0.01
2d70d5a7-4248-41b0-b876-066c7cf60f44,ag_18_1_oleic_g_100g,0.01
952c1496-b636-4dd7-801a-f7ca9f204c7c,ag_18_1_oleic_g_100g,0.01
5d0e3e32-be42-46bf-94ad-13403cf6fa08,ag_18_1_oleic_g_100g,0.01
556c3a77-8cc1-4f91-8862-a1277fde9320,ag_18_1_oleic_g_100g,0.01
bcc613a8-72f2-455a-8126-953b1ec1685d,ag_18_1_oleic_g_100g,0.01
18a86eb1-0980-47d3-bf22-30b1cb43aa6a,ag_18_1_oleic_g_100g,0.01
5cb37a41-7891-44a3-b90c-f6cdda409445,ag_18_1_oleic_g_100g,25.7
d1903e60-1cc6-4e1b-92d1-dfdc0dfc2da5,ag_18_1_oleic_g_100g,0.31
3d9f99f2-69c6-4e09-aaa5-d296d278f643,ag_18_1_oleic_g_100g,0.01
b6409eaf-e437-4b1d-a51b-540673e73a14,ag_18_1_oleic_g_100g,0.28
205b2afd-157e-4d0d-ba24-b08af3951198,ag_18_1_oleic_g_100g,0.01
7351d18f-86e3-4c84-9de1-b79b89760af8,ag_18_1_oleic_g_100g,0.075
3fe9734c-c38f-42a6-85bf-f0281752e8ea,ag_18_1_oleic_g_100g,0.54
08226f84-c557-4eb0-b805-a7a4004d1fe3,ag_18_1_oleic_g_100g,0.4
0f29b08f-27ca-405b-ba3f-da4511d90c1f,ag_18_1_oleic_g_100g,2.08
05eb140e-0246-47a8-b1d8-27f4957b3949,ag_18_1_oleic_g_100g,4.36
7b887f04-1988-44dd-b74e-66938372902a,ag_18_1_oleic_g_100g,0.66
4e1b279a-4454-414c-9241-c329e03f1995,ag_18_1_oleic_g_100g,1.44
81e5a2f9-3e0c-42c9-a071-c4df692e7f31,ag_18_1_oleic_g_100g,1.12
01e424c9-6471-46b7-8244-16c9a59bcc58,ag_18_1_oleic_g_100g,8.79
738bd788-fd21-4363-9de0-ddc35b6813fa,ag_18_1_oleic_g_100g,11.2
861b94d9-60da-4f46-804c-0756f4330661,ag_18_1_oleic_g_100g,3.57
9c0738ab-d020-4a98-9b81-af71f7c0b878,ag_18_1_oleic_g_100g,3.51
4d4af9ab-dd8c-4b49-be81-dd79ff210485,ag_18_1_oleic_g_100g,10.4
2eb62878-3eb9-42ea-9a63-2691148a217c,ag_18_1_oleic_g_100g,0.26
cc5e0af0-473e-4268-9bf2-bac740f2fab1,ag_18_1_oleic_g_100g,0.29
ade5e763-3b9c-4947-af9d-7ff570546027,ag_18_1_oleic_g_100g,0.28
763a92df-6900-488d-a92a-eee913d830cb,ag_18_1_oleic_g_100g,0.29
323a942d-3817-4317-8a01-e1099026f744,ag_18_1_oleic_g_100g,1.91
d62036e2-ba65-4a28-aad2-ee568cb4b498,ag_18_1_oleic_g_100g,6.68
6ff5f533-7197-4f48-b475-c16544a21db5,ag_18_1_oleic_g_100g,6.21
c1a9efe3-a0c5-4d04-b942-68d3fce22837,ag_18_1_oleic_g_100g,4.46
df607bfa-3921-4ac6-be34-119b349e9588,ag_18_1_oleic_g_100g,3.58
d281ed75-f3cd-4916-bd9d-7fc4fc48942b,ag_18_1_oleic_g_100g,4.37
8c68a448-5cf5-4ba4-834a-d6dd13f55496,ag_18_1_oleic_g_100g,0.0
e99c3905-a22c-45b7-b99d-5d45edec89b1,ag_18_1_oleic_g_100g,2.0
834d0ee9-e18e-454d-affb-bb0096078817,ag_18_1_oleic_g_100g,13.7
352d9c01-c3ee-411e-9813-9ce3eae4c698,ag_18_1_oleic_g_100g,0.34
1db8868c-7aea-4358-8e8e-f2f33f427798,ag_18_1_oleic_g_100g,9.04
e3fbdb74-16a8-4680-9cd0-16044b435725,ag_18_1_oleic_g_100g,69.8
e4f9dca3-4573-4d6e-8fec-6e0d8a7bb48f,ag_18_1_oleic_g_100g,4.51
274e083e-46d2-4cce-b79a-a3a711d81248,ag_18_1_oleic_g_100g,8.74
862f5667-0461-4212-9246-2a8104ee3288,ag_18_1_oleic_g_100g,2.06
5e615f07-5e6b-403b-b1f7-47d4df6c9ed7,ag_18_1_oleic_g_100g,0.31
663312e9-6d02-4cfe-aaf7-8616a2b41629,ag_18_1_oleic_g_100g,0.8
1fb6ee8a-65e8-4da5-891f-9b1f64a1179a,ag_18_1_oleic_g_100g,0.017
85b41f4f-b07a-4a17-9044-d09b8d16ee60,ag_18_1_oleic_g_100g,0.0045
0d565da3-5008-4699-a3a2-c13575d82d8a,ag_18_1_oleic_g_100g,0.01
e0dadf12-938f-45d9-a885-3e8df7ec3fe0,ag_18_2_linoleic_g_100g,2.68
bd8d6fd3-2406-435d-9a92-c1546127e8e5,ag_18_2_linoleic_g_100g,0.01
b05db49a-9212-44d3-9187-1da7870c1c9f,ag_18_2_linoleic_g_100g,0.023
69da9d55-f3f4-4db3-8618-1fa505555874,ag_18_2_linoleic_g_100g,0.093
e951267c-50f9-4470-b1c5-18656e75e013,ag_18_2_linoleic_g_100g,0.01
970da6dd-6580-4081-8d47-0a1d30d16b6c,ag_18_2_linoleic_g_100g,0.054
c75c5ce4-d2df-4f60-b94c-e97454df8e0d,ag_18_2_linoleic_g_100g,0.041
7e156dd4-2857-43bb-9aa2-e8273f5d4544,ag_18_2_linoleic_g_100g,0.46
f4621eaf-aab9-4967-a365-2dee2b2ec1d3,ag_18_2_linoleic_g_100g,0.01
3316b6df-9f99-4571-ba2e-4e26112c269d,ag_18_2_linoleic_g_100g,0.01
dfb9e001-42d6-45d1-adf9-1e1ef5b8b618,ag_18_2_linoleic_g_100g,0.08
ac683f79-bc03-46e6-bf1a-0b224deab0f5,ag_18_2_linoleic_g_100g,0.15
1e0718a6-48ba-4fd4-93c0-1ea52f162c9d,ag_18_2_linoleic_g_100g,0.07
23786e95-97bf-461b-8108-59f08f119dad,ag_18_2_linoleic_g_100g,0.11
d8c6e29e-5eaa-401f-aa0a-dc74d777a907,ag_18_2_linoleic_g_100g,0.89
3ffa59aa-e01d-4712-8f0d-d5f32d3e1ae1,ag_18_2_linoleic_g_100g,0.22
f81df9f4-b6f1-4a5f-9091-9f483352c601,ag_18_2_linoleic_g_100g,0.01
2d70d5a7-4248-41b0-b876-066c7cf60f44,ag_18_2_linoleic_g_100g,0.01
952c1496-b636-4dd7-801a-f7ca9f204c7c,ag_18_2_linoleic_g_100g,0.01
5d0e3e32-be42-46bf-94ad-13403cf6fa08,ag_18_2_linoleic_g_100g,0.01
556c3a77-8cc1-4f91-8862-a1277fde9320,ag_18_2_linoleic_g_100g,0.01
bcc613a8-72f2-455a-8126-953b1ec1685d,ag_18_2_linoleic_g_100g,0.01
18a86eb1-0980-47d3-bf22-30b1cb43aa6a,ag_18_2_linoleic_g_100g,0.01
99574f09-8377-49bd-a2c6-cf945ac2cc62,ag_18_2_linoleic_g_100g,5.84
5cb37a41-7891-44a3-b90c-f6cdda409445,ag_18_2_linoleic_g_100g,12.9
d1903e60-1cc6-4e1b-92d1-dfdc0dfc2da5,ag_18_2_linoleic_g_100g,0.29
3d9f99f2-69c6-4e09-aaa5-d296d278f643,ag_18_2_linoleic_g_100g,0.01
b6409eaf-e437-4b1d-a51b-540673e73a14,ag_18_2_linoleic_g_100g,0.49
205b2afd-157e-4d0d-ba24-b08af3951198,ag_18_2_linoleic_g_100g,0.01
7351d18f-86e3-4c84-9de1-b79b89760af8,ag_18_2_linoleic_g_100g,0.2
3fe9734c-c38f-42a6-85bf-f0281752e8ea,ag_18_2_linoleic_g_100g,1.02
4c3d49b5-5471-432a-a259-b662b1f6b862,ag_18_2_linoleic_g_100g,1.8
08226f84-c557-4eb0-b805-a7a4004d1fe3,ag_18_2_linoleic_g_100g,0.66
0f29b08f-27ca-405b-ba3f-da4511d90c1f,ag_18_2_linoleic_g_100g,2.4
05eb140e-0246-47a8-b1d8-27f4957b3949,ag_18_2_linoleic_g_100g,0.59
30e0ee8d-4cf7-46bd-a62a-66714d8cd521,ag_18_2_linoleic_g_100g,0.087
7b887f04-1988-44dd-b74e-66938372902a,ag_18_2_linoleic_g_100g,0.37
4e1b279a-4454-414c-9241-c329e03f1995,ag_18_2_linoleic_g_100g,0.11
81e5a2f9-3e0c-42c9-a071-c4df692e7f31,ag_18_2_linoleic_g_100g,0.24
01e424c9-6471-46b7-8244-16c9a59bcc58,ag_18_2_linoleic_g_100g,2.63
28f898ab-dc19-4905-9ff6-62d5477600f7,ag_18_2_linoleic_g_100g,0.23
738bd788-fd21-4363-9de0-ddc35b6813fa,ag_18_2_linoleic_g_100g,3.51
861b94d9-60da-4f46-804c-0756f4330661,ag_18_2_linoleic_g_100g,0.88
9c0738ab-d020-4a98-9b81-af71f7c0b878,ag_18_2_linoleic_g_100g,1.38
4d4af9ab-dd8c-4b49-be81-dd79ff210485,ag_18_2_linoleic_g_100g,3.28
2eb62878-3eb9-42ea-9a63-2691148a217c,ag_18_2_linoleic_g_100g,0.02
cc5e0af0-473e-4268-9bf2-bac740f2fab1,ag_18_2_linoleic_g_100g,0.02
ade5e763-3b9c-4947-af9d-7ff570546027,ag_18_2_linoleic_g_100g,0.02
763a92df-6900-488d-a92a-eee913d830cb,ag_18_2_linoleic_g_100g,0.02
323a942d-3817-4317-8a01-e1099026f744,ag_18_2_linoleic_g_100g,0.2
d62036e2-ba65-4a28-aad2-ee568cb4b498,ag_18_2_linoleic_g_100g,0.63
6ff5f533-7197-4f48-b475-c16544a21db5,ag_18_2_linoleic_g_100g,0.67
c1a9efe3-a0c5-4d04-b942-68d3fce22837,ag_18_2_linoleic_g_100g,0.56
df607bfa-3921-4ac6-be34-119b349e9588,ag_18_2_linoleic_g_100g,0.34
d281ed75-f3cd-4916-bd9d-7fc4fc48942b,ag_18_2_linoleic_g_100g,0.41
8c68a448-5cf5-4ba4-834a-d6dd13f55496,ag_18_2_linoleic_g_100g,0.0
533c1962-b367-47ca-9d82-5910931fab39,ag_18_2_linoleic_g_100g,0.16
e99c3905-a22c-45b7-b99d-5d45edec89b1,ag_18_2_linoleic_g_100g,0.62
834d0ee9-e18e-454d-affb-bb0096078817,ag_18_2_linoleic_g_100g,1.33
352d9c01-c3ee-411e-9813-9ce3eae4c698,ag_18_2_linoleic_g_100g,0.39
1db8868c-7aea-4358-8e8e-f2f33f427798,ag_18_2_linoleic_g_100g,0.61
e3fbdb74-16a8-4680-9cd0-16044b435725,ag_18_2_linoleic_g_100g,6.52
e4f9dca3-4573-4d6e-8fec-6e0d8a7bb48f,ag_18_2_linoleic_g_100g,1.62
862f5667-0461-4212-9246-2a8104ee3288,ag_18_2_linoleic_g_100g,1.54
5e615f07-5e6b-403b-b1f7-47d4df6c9ed7,ag_18_2_linoleic_g_100g,0.063
663312e9-6d02-4cfe-aaf7-8616a2b41629,ag_18_2_linoleic_g_100g,0.13
1fb6ee8a-65e8-4da5-891f-9b1f64a1179a,ag_18_2_linoleic_g_100g,0.083
85b41f4f-b07a-4a17-9044-d09b8d16ee60,ag_18_2_linoleic_g_100g,0.1
0d565da3-5008-4699-a3a2-c13575d82d8a,ag_18_2_linoleic_g_100g,0.01
e0dadf12-938f-45d9-a885-3e8df7ec3fe0,ag_18_3_ala_g_100g,0.15
bd8d6fd3-2406-435d-9a92-c1546127e8e5,ag_18_3_ala_g_100g,0.01
b05db49a-9212-44d3-9187-1da7870c1c9f,ag_18_3_ala_g_100g,0.056
69da9d55-f3f4-4db3-8618-1fa505555874,ag_18_3_ala_g_100g,0.0086
e951267c-50f9-4470-b1c5-18656e75e013,ag_18_3_ala_g_100g,0.01
970da6dd-6580-4081-8d47-0a1d30d16b6c,ag_18_3_ala_g_100g,0.13
c75c5ce4-d2df-4f60-b94c-e97454df8e0d,ag_18_3_ala_g_100g,0.11
7e156dd4-2857-43bb-9aa2-e8273f5d4544,ag_18_3_ala_g_100g,0.017
f4621eaf-aab9-4967-a365-2dee2b2ec1d3,ag_18_3_ala_g_100g,0.01
3316b6df-9f99-4571-ba2e-4e26112c269d,ag_18_3_ala_g_100g,0.01
dfb9e001-42d6-45d1-adf9-1e1ef5b8b618,ag_18_3_ala_g_100g,0.02
ac683f79-bc03-46e6-bf1a-0b224deab0f5,ag_18_3_ala_g_100g,0.02
1e0718a6-48ba-4fd4-93c0-1ea52f162c9d,ag_18_3_ala_g_100g,0.37
23786e95-97bf-461b-8108-59f08f119dad,ag_18_3_ala_g_100g,0.13
d8c6e29e-5eaa-401f-aa0a-dc74d777a907,ag_18_3_ala_g_100g,0.032
3ffa59aa-e01d-4712-8f0d-d5f32d3e1ae1,ag_18_3_ala_g_100g,0.06
f81df9f4-b6f1-4a5f-9091-9f483352c601,ag_18_3_ala_g_100g,0.01
2d70d5a7-4248-41b0-b876-066c7cf60f44,ag_18_3_ala_g_100g,0.01
952c1496-b636-4dd7-801a-f7ca9f204c7c,ag_18_3_ala_g_100g,0.01
5d0e3e32-be42-46bf-94ad-13403cf6fa08,ag_18_3_ala_g_100g,0.01
556c3a77-8cc1-4f91-8862-a1277fde9320,ag_18_3_ala_g_100g,0.01
bcc613a8-72f2-455a-8126-953b1ec1685d,ag_18_3_ala_g_100g,0.01
18a86eb1-0980-47d3-bf22-30b1cb43aa6a,ag_18_3_ala_g_100g,0.01
99574f09-8377-49bd-a2c6-cf945ac2cc62,ag_18_3_ala_g_100g,17.8
5cb37a41-7891-44a3-b90c-f6cdda409445,ag_18_3_ala_g_100g,0.027
d1903e60-1cc6-4e1b-92d1-dfdc0dfc2da5,ag_18_3_ala_g_100g,0.016
3d9f99f2-69c6-4e09-aaa5-d296d278f643,ag_18_3_ala_g_100g,0.01
b6409eaf-e437-4b1d-a51b-540673e73a14,ag_18_3_ala_g_100g,0.07
205b2afd-157e-4d0d-ba24-b08af3951198,ag_18_3_ala_g_100g,0.01
7351d18f-86e3-4c84-9de1-b79b89760af8,ag_18_3_ala_g_100g,0.012
3fe9734c-c38f-42a6-85bf-f0281752e8ea,ag_18_3_ala_g_100g,0.024
4c3d49b5-5471-432a-a259-b662b1f6b862,ag_18_3_ala_g_100g,0.032
08226f84-c557-4eb0-b805-a7a4004d1fe3,ag_18_3_ala_g_100g,0.06
0f29b08f-27ca-405b-ba3f-da4511d90c1f,ag_18_3_ala_g_100g,0.096
05eb140e-0246-47a8-b1d8-27f4957b3949,ag_18_3_ala_g_100g,0.11
30e0ee8d-4cf7-46bd-a62a-66714d8cd521,ag_18_3_ala_g_100g,0.014
7b887f04-1988-44dd-b74e-66938372902a,ag_18_3_ala_g_100g,0.03
4e1b279a-4454-414c-9241-c329e03f1995,ag_18_3_ala_g_100g,0.024
81e5a2f9-3e0c-42c9-a071-c4df692e7f31,ag_18_3_ala_g_100g,0.012
01e424c9-6471-46b7-8244-16c9a59bcc58,ag_18_3_ala_g_100g,0.2
28f898ab-dc19-4905-9ff6-62d5477600f7,ag_18_3_ala_g_100g,0.052
738bd788-fd21-4363-9de0-ddc35b6813fa,ag_18_3_ala_g_100g,0.17
861b94d9-60da-4f46-804c-0756f4330661,ag_18_3_ala_g_100g,0.038
9c0738ab-d020-4a98-9b81-af71f7c0b878,ag_18_3_ala_g_100g,0.061
4d4af9ab-dd8c-4b49-be81-dd79ff210485,ag_18_3_ala_g_100g,0.15
2eb62878-3eb9-42ea-9a63-2691148a217c,ag_18_3_ala_g_100g,0.01
cc5e0af0-473e-4268-9bf2-bac740f2fab1,ag_18_3_ala_g_100g,0.01
ade5e763-3b9c-4947-af9d-7ff570546027,ag_18_3_ala_g_100g,0.01
763a92df-6900-488d-a92a-eee913d830cb,ag_18_3_ala_g_100g,0.01
323a942d-3817-4317-8a01-e1099026f744,ag_18_3_ala_g_100g,0.05
d62036e2-ba65-4a28-aad2-ee568cb4b498,ag_18_3_ala_g_100g,0.34
6ff5f533-7197-4f48-b475-c16544a21db5,ag_18_3_ala_g_100g,0.14
c1a9efe3-a0c5-4d04-b942-68d3fce22837,ag_18_3_ala_g_100g,0.16
df607bfa-3921-4ac6-be34-119b349e9588,ag_18_3_ala_g_100g,0.06
d281ed75-f3cd-4916-bd9d-7fc4fc48942b,ag_18_3_ala_g_100g,0.06
8c68a448-5cf5-4ba4-834a-d6dd13f55496,ag_18_3_ala_g_100g,0.0
533c1962-b367-47ca-9d82-5910931fab39,ag_18_3_ala_g_100g,0.02
e99c3905-a22c-45b7-b99d-5d45edec89b1,ag_18_3_ala_g_100g,0.01
834d0ee9-e18e-454d-affb-bb0096078817,ag_18_3_ala_g_100g,0.09
46abb1a9-f4c1-4dc1-8799-ac50ee190ee5,ag_18_3_ala_g_100g,0.063
352d9c01-c3ee-411e-9813-9ce3eae4c698,ag_18_3_ala_g_100g,0.023
1db8868c-7aea-4358-8e8e-f2f33f427798,ag_18_3_ala_g_100g,0.24
e3fbdb74-16a8-4680-9cd0-16044b435725,ag_18_3_ala_g_100g,0.65
e4f9dca3-4573-4d6e-8fec-6e0d8a7bb48f,ag_18_3_ala_g_100g,0.05
274e083e-46d2-4cce-b79a-a3a711d81248,ag_18_3_ala_g_100g,0.26
862f5667-0461-4212-9246-2a8104ee3288,ag_18_3_ala_g_100g,0.63
5e615f07-5e6b-403b-b1f7-47d4df6c9ed7,ag_18_3_ala_g_100g,0.013
663312e9-6d02-4cfe-aaf7-8616a2b41629,ag_18_3_ala_g_100g,0.01
1fb6ee8a-65e8-4da5-891f-9b1f64a1179a,ag_18_3_ala_g_100g,0.12
85b41f4f-b07a-4a17-9044-d09b8d16ee60,ag_18_3_ala_g_100g,0.16
0d565da3-5008-4699-a3a2-c13575d82d8a,ag_18_3_ala_g_100g,0.01
e0dadf12-938f-45d9-a885-3e8df7ec3fe0,ag_20_4_arachidonic_g_100g,0.01
bd8d6fd3-2406-435d-9a92-c1546127e8e5,ag_20_4_arachidonic_g_100g,0.01
b05db49a-9212-44d3-9187-1da7870c1c9f,ag_20_4_arachidonic_g_100g,0.0
69da9d55-f3f4-4db3-8618-1fa505555874,ag_20_4_arachidonic_g_100g,0.0
e951267c-50f9-4470-b1c5-18656e75e013,ag_20_4_arachidonic_g_100g,0.01
970da6dd-6580-4081-8d47-0a1d30d16b6c,ag_20_4_arachidonic_g_100g,0.0
7e156dd4-2857-43bb-9aa2-e8273f5d4544,ag_20_4_arachidonic_g_100g,0.0
f4621eaf-aab9-4967-a365-2dee2b2ec1d3,ag_20_4_arachidonic_g_100g,0.0004
3316b6df-9f99-4571-ba2e-4e26112c269d,ag_20_4_arachidonic_g_100g,0.01
dfb9e001-42d6-45d1-adf9-1e1ef5b8b618,ag_20_4_arachidonic_g_100g,0.01
ac683f79-bc03-46e6-bf1a-0b224deab0f5,ag_20_4_arachidonic_g_100g,0.01
1e0718a6-48ba-4fd4-93c0-1ea52f162c9d,ag_20_4_arachidonic_g_100g,0.01
23786e95-97bf-461b-8108-59f08f119dad,ag_20_4_arachidonic_g_100g,0.01
d8c6e29e-5eaa-401f-aa0a-dc74d777a907,ag_20_4_arachidonic_g_100g,0.0
3ffa59aa-e01d-4712-8f0d-d5f32d3e1ae1,ag_20_4_arachidonic_g_100g,0.01
f81df9f4-b6f1-4a5f-9091-9f483352c601,ag_20_4_arachidonic_g_100g,0.01
2d70d5a7-4248-41b0-b876-066c7cf60f44,ag_20_4_arachidonic_g_100g,0.01
952c1496-b636-4dd7-801a-f7ca9f204c7c,ag_20_4_arachidonic_g_100g,0.01
5d0e3e32-be42-46bf-94ad-13403cf6fa08,ag_20_4_arachidonic_g_100g,0.01
556c3a77-8cc1-4f91-8862-a1277fde9320,ag_20_4_arachidonic_g_100g,0.01
bcc613a8-72f2-455a-8126-953b1ec1685d,ag_20_4_arachidonic_g_100g,0.01
18a86eb1-0980-47d3-bf22-30b1cb43aa6a,ag_20_4_arachidonic_g_100g,0.01
d1903e60-1cc6-4e1b-92d1-dfdc0dfc2da5,ag_20_4_arachidonic_g_100g,0.01
3d9f99f2-69c6-4e09-aaa5-d296d278f643,ag_20_4_arachidonic_g_100g,0.01
b6409eaf-e437-4b1d-a51b-540673e73a14,ag_20_4_arachidonic_g_100g,0.01
205b2afd-157e-4d0d-ba24-b08af3951198,ag_20_4_arachidonic_g_100g,0.01
7351d18f-86e3-4c84-9de1-b79b89760af8,ag_20_4_arachidonic_g_100g,0.01
3fe9734c-c38f-42a6-85bf-f0281752e8ea,ag_20_4_arachidonic_g_100g,0.0011
08226f84-c557-4eb0-b805-a7a4004d1fe3,ag_20_4_arachidonic_g_100g,0.01
05eb140e-0246-47a8-b1d8-27f4957b3949,ag_20_4_arachidonic_g_100g,0.02
30e0ee8d-4cf7-46bd-a62a-66714d8cd521,ag_20_4_arachidonic_g_100g,0.0075
7b887f04-1988-44dd-b74e-66938372902a,ag_20_4_arachidonic_g_100g,0.04
4e1b279a-4454-414c-9241-c329e03f1995,ag_20_4_arachidonic_g_100g,0.04
81e5a2f9-3e0c-42c9-a071-c4df692e7f31,ag_20_4_arachidonic_g_100g,0.0084
738bd788-fd21-4363-9de0-ddc35b6813fa,ag_20_4_arachidonic_g_100g,0.45
861b94d9-60da-4f46-804c-0756f4330661,ag_20_4_arachidonic_g_100g,0.076
9c0738ab-d020-4a98-9b81-af71f7c0b878,ag_20_4_arachidonic_g_100g,0.12
4d4af9ab-dd8c-4b49-be81-dd79ff210485,ag_20_4_arachidonic_g_100g,0.37
2eb62878-3eb9-42ea-9a63-2691148a217c,ag_20_4_arachidonic_g_100g,0.01
cc5e0af0-473e-4268-9bf2-bac740f2fab1,ag_20_4_arachidonic_g_100g,0.01
ade5e763-3b9c-4947-af9d-7ff570546027,ag_20_4_arachidonic_g_100g,0.01
763a92df-6900-488d-a92a-eee913d830cb,ag_20_4_arachidonic_g_100g,0.01
323a942d-3817-4317-8a01-e1099026f744,ag_20_4_arachidonic_g_100g,0.0
6ff5f533-7197-4f48-b475-c16544a21db5,ag_20_4_arachidonic_g_100g,0.03
c1a9efe3-a0c5-4d04-b942-68d3fce22837,ag_20_4_arachidonic_g_100g,0.05
df607bfa-3921-4ac6-be34-119b349e9588,ag_20_4_arachidonic_g_100g,0.02
d281ed75-f3cd-4916-bd9d-7fc4fc48942b,ag_20_4_arachidonic_g_100g,0.03
8c68a448-5cf5-4ba4-834a-d6dd13f55496,ag_20_4_arachidonic_g_100g,0.0
e99c3905-a22c-45b7-b99d-5d45edec89b1,ag_20_4_arachidonic_g_100g,0.01
834d0ee9-e18e-454d-affb-bb0096078817,ag_20_4_arachidonic_g_100g,0.01
352d9c01-c3ee-411e-9813-9ce3eae4c698,ag_20_4_arachidonic_g_100g,0.0001
1db8868c-7aea-4358-8e8e-f2f33f427798,ag_20_4_arachidonic_g_100g,0.03
e3fbdb74-16a8-4680-9cd0-16044b435725,ag_20_4_arachidonic_g_100g,0.01
e4f9dca3-4573-4d6e-8fec-6e0d8a7bb48f,ag_20_4_arachidonic_g_100g,0.01
862f5667-0461-4212-9246-2a8104ee3288,ag_20_4_arachidonic_g_100g,0.01
5e615f07-5e6b-403b-b1f7-47d4df6c9ed7,ag_20_4_arachidonic_g_100g,0.0
663312e9-6d02-4cfe-aaf7-8616a2b41629,ag_20_4_arachidonic_g_100g,0.01
1fb6ee8a-65e8-4da5-891f-9b1f64a1179a,ag_20_4_arachidonic_g_100g,0.0
0d565da3-5008-4699-a3a2-c13575d82d8a,ag_20_4_arachidonic_g_100g,0.01
e0dadf12-938f-45d9-a885-3e8df7ec3fe0,ag_20_5_epa_g_100g,0.01
bd8d6fd3-2406-435d-9a92-c1546127e8e5,ag_20_5_epa_g_100g,0.01
b05db49a-9212-44d3-9187-1da7870c1c9f,ag_20_5_epa_g_100g,0.0
69da9d55-f3f4-4db3-8618-1fa505555874,ag_20_5_epa_g_100g,0.0
e951267c-50f9-4470-b1c5-18656e75e013,ag_20_5_epa_g_100g,0.01
970da6dd-6580-4081-8d47-0a1d30d16b6c,ag_20_5_epa_g_100g,0.0
fcfdcc0b-9a9c-4e6c-a749-6de288235780,ag_20_5_epa_g_100g,0.0
c75c5ce4-d2df-4f60-b94c-e97454df8e0d,ag_20_5_epa_g_100g,0.0
94557fa4-d2b4-4a78-a3d3-5d0ba730d6bc,ag_20_5_epa_g_100g,0.0
06462060-5201-41ec-a968-03c01edd23bc,ag_20_5_epa_g_100g,0.0
b13e98d9-aaaf-4554-8177-8981f2ef0076,ag_20_5_epa_g_100g,0.0
7e156dd4-2857-43bb-9aa2-e8273f5d4544,ag_20_5_epa_g_100g,0.0
0261cb12-1fd6-46e1-9e3a-8064f63e6b45,ag_20_5_epa_g_100g,0.0
2d0b224f-0e8c-469e-99e3-093f678fbbb9,ag_20_5_epa_g_100g,0.0
3316b6df-9f99-4571-ba2e-4e26112c269d,ag_20_5_epa_g_100g,0.01
dfb9e001-42d6-45d1-adf9-1e1ef5b8b618,ag_20_5_epa_g_100g,0.01
ac683f79-bc03-46e6-bf1a-0b224deab0f5,ag_20_5_epa_g_100g,0.01
1e0718a6-48ba-4fd4-93c0-1ea52f162c9d,ag_20_5_epa_g_100g,0.01
9448e2cd-16f6-448b-927f-d41bb963a4b5,ag_20_5_epa_g_100g,0.0
23786e95-97bf-461b-8108-59f08f119dad,ag_20_5_epa_g_100g,0.01
d8c6e29e-5eaa-401f-aa0a-dc74d777a907,ag_20_5_epa_g_100g,0.0
3ffa59aa-e01d-4712-8f0d-d5f32d3e1ae1,ag_20_5_epa_g_100g,0.01
f81df9f4-b6f1-4a5f-9091-9f483352c601,ag_20_5_epa_g_100g,0.01
2d70d5a7-4248-41b0-b876-066c7cf60f44,ag_20_5_epa_g_100g,0.01
952c1496-b636-4dd7-801a-f7ca9f204c7c,ag_20_5_epa_g_100g,0.01
5d0e3e32-be42-46bf-94ad-13403cf6fa08,ag_20_5_epa_g_100g,0.01
556c3a77-8cc1-4f91-8862-a1277fde9320,ag_20_5_epa_g_100g,0.01
bcc613a8-72f2-455a-8126-953b1ec1685d,ag_20_5_epa_g_100g,0.01
18a86eb1-0980-47d3-bf22-30b1cb43aa6a,ag_20_5_epa_g_100g,0.01
da378dc0-6e62-4923-aabb-126110ded991,ag_20_5_epa_g_100g,0.0
5cb37a41-7891-44a3-b90c-f6cdda409445,ag_20_5_epa_g_100g,0.0
d1903e60-1cc6-4e1b-92d1-dfdc0dfc2da5,ag_20_5_epa_g_100g,0.01
3d9f99f2-69c6-4e09-aaa5-d296d278f643,ag_20_5_epa_g_100g,0.01
b6409eaf-e437-4b1d-a51b-540673e73a14,ag_20_5_epa_g_100g,0.01
205b2afd-157e-4d0d-ba24-b08af3951198,ag_20_5_epa_g_100g,0.01
7351d18f-86e3-4c84-9de1-b79b89760af8,ag_20_5_epa_g_100g,0.01
08226f84-c557-4eb0-b805-a7a4004d1fe3,ag_20_5_epa_g_100g,0.01
0f29b08f-27ca-405b-ba3f-da4511d90c1f,ag_20_5_epa_g_100g,0.0
05eb140e-0246-47a8-b1d8-27f4957b3949,ag_20_5_epa_g_100g,0.01
30e0ee8d-4cf7-46bd-a62a-66714d8cd521,ag_20_5_epa_g_100g,0.0022
7b887f04-1988-44dd-b74e-66938372902a,ag_20_5_epa_g_100g,0.01
4e1b279a-4454-414c-9241-c329e03f1995,ag_20_5_epa_g_100g,0.0
81e5a2f9-3e0c-42c9-a071-c4df692e7f31,ag_20_5_epa_g_100g,0.064
a9c3a0c2-605a-4103-a495-201402935bc5,ag_20_5_epa_g_100g,0.16
861b94d9-60da-4f46-804c-0756f4330661,ag_20_5_epa_g_100g,0.0031
b5bfad5a-4a04-4ab6-8c8b-788397734cb2,ag_20_5_epa_g_100g,0.0
9c0738ab-d020-4a98-9b81-af71f7c0b878,ag_20_5_epa_g_100g,0.0
4d4af9ab-dd8c-4b49-be81-dd79ff210485,ag_20_5_epa_g_100g,0.01
2eb62878-3eb9-42ea-9a63-2691148a217c,ag_20_5_epa_g_100g,0.01
cc5e0af0-473e-4268-9bf2-bac740f2fab1,ag_20_5_epa_g_100g,0.01
ade5e763-3b9c-4947-af9d-7ff570546027,ag_20_5_epa_g_100g,0.01
763a92df-6900-488d-a92a-eee913d830cb,ag_20_5_epa_g_100g,0.01
323a942d-3817-4317-8a01-e1099026f744,ag_20_5_epa_g_100g,0.0
d62036e2-ba65-4a28-aad2-ee568cb4b498,ag_20_5_epa_g_100g,0.0
6ff5f533-7197-4f48-b475-c16544a21db5,ag_20_5_epa_g_100g,0.01
c1a9efe3-a0c5-4d04-b942-68d3fce22837,ag_20_5_epa_g_100g,0.01
df607bfa-3921-4ac6-be34-119b349e9588,ag_20_5_epa_g_100g,0.01
d281ed75-f3cd-4916-bd9d-7fc4fc48942b,ag_20_5_epa_g_100g,0.01
8c68a448-5cf5-4ba4-834a-d6dd13f55496,ag_20_5_epa_g_100g,0.0
e99c3905-a22c-45b7-b99d-5d45edec89b1,ag_20_5_epa_g_100g,0.01
2b51cbcc-360d-4b29-aa3d-bc4c1a017f6c,ag_20_5_epa_g_100g,0.0
fec29009-a951-4587-9265-27e240e03112,ag_20_5_epa_g_100g,0.0
deb22a25-4fde-4ac9-a6c7-e17be1a3ba00,ag_20_5_epa_g_100g,0.0
e1688763-0981-4614-a70c-b18893bcd53b,ag_20_5_epa_g_100g,0.0
36c30c73-3777-46ee-bfe2-87df2cde70d9,ag_20_5_epa_g_100g,0.0
834d0ee9-e18e-454d-affb-bb0096078817,ag_20_5_epa_g_100g,0.01
1db8868c-7aea-4358-8e8e-f2f33f427798,ag_20_5_epa_g_100g,0.02
e3fbdb74-16a8-4680-9cd0-16044b435725,ag_20_5_epa_g_100g,0.01
e4f9dca3-4573-4d6e-8fec-6e0d8a7bb48f,ag_20_5_epa_g_100g,0.01
274e083e-46d2-4cce-b79a-a3a711d81248,ag_20_5_epa_g_100g,0.0
862f5667-0461-4212-9246-2a8104ee3288,ag_20_5_epa_g_100g,0.01
5e615f07-5e6b-403b-b1f7-47d4df6c9ed7,ag_20_5_epa_g_100g,0.0
9a652d31-eda3-4fe7-8e83-7ead894ca0e2,ag_20_5_epa_g_100g,0.0
663312e9-6d02-4cfe-aaf7-8616a2b41629,ag_20_5_epa_g_100g,0.01
1fb6ee8a-65e8-4da5-891f-9b1f64a1179a,ag_20_5_epa_g_100g,0.0
85b41f4f-b07a-4a17-9044-d09b8d16ee60,ag_20_5_epa_g_100g,0.0
0d565da3-5008-4699-a3a2-c13575d82d8a,ag_20_5_epa_g_100g,0.01
e0dadf12-938f-45d9-a885-3e8df7ec3fe0,ag_22_6_dha_g_100g,0.01
bd8d6fd3-2406-435d-9a92-c1546127e8e5,ag_22_6_dha_g_100g,0.01
b05db49a-9212-44d3-9187-1da7870c1c9f,ag_22_6_dha_g_100g,0.0
69da9d55-f3f4-4db3-8618-1fa505555874,ag_22_6_dha_g_100g,0.0
e951267c-50f9-4470-b1c5-18656e75e013,ag_22_6_dha_g_100g,0.01
970da6dd-6580-4081-8d47-0a1d30d16b6c,ag_22_6_dha_g_100g,0.0
fcfdcc0b-9a9c-4e6c-a749-6de288235780,ag_22_6_dha_g_100g,0.0
c75c5ce4-d2df-4f60-b94c-e97454df8e0d,ag_22_6_dha_g_100g,0.0
94557fa4-d2b4-4a78-a3d3-5d0ba730d6bc,ag_22_6_dha_g_100g,0.0
06462060-5201-41ec-a968-03c01edd23bc,ag_22_6_dha_g_100g,0.0
b13e98d9-aaaf-4554-8177-8981f2ef0076,ag_22_6_dha_g_100g,0.0
7e156dd4-2857-43bb-9aa2-e8273f5d4544,ag_22_6_dha_g_100g,0.0
0261cb12-1fd6-46e1-9e3a-8064f63e6b45,ag_22_6_dha_g_100g,0.0
2d0b224f-0e8c-469e-99e3-093f678fbbb9,ag_22_6_dha_g_100g,0.0
f4621eaf-aab9-4967-a365-2dee2b2ec1d3,ag_22_6_dha_g_100g,0.01
3316b6df-9f99-4571-ba2e-4e26112c269d,ag_22_6_dha_g_100g,0.01
dfb9e001-42d6-45d1-adf9-1e1ef5b8b618,ag_22_6_dha_g_100g,0.01
ac683f79-bc03-46e6-bf1a-0b224deab0f5,ag_22_6_dha_g_100g,0.01
1e0718a6-48ba-4fd4-93c0-1ea52f162c9d,ag_22_6_dha_g_100g,0.01
9448e2cd-16f6-448b-927f-d41bb963a4b5,ag_22_6_dha_g_100g,0.0
23786e95-97bf-461b-8108-59f08f119dad,ag_22_6_dha_g_100g,0.01
d8c6e29e-5eaa-401f-aa0a-dc74d777a907,ag_22_6_dha_g_100g,0.0
3ffa59aa-e01d-4712-8f0d-d5f32d3e1ae1,ag_22_6_dha_g_100g,0.01
f81df9f4-b6f1-4a5f-9091-9f483352c601,ag_22_6_dha_g_100g,0.01
2d70d5a7-4248-41b0-b876-066c7cf60f44,ag_22_6_dha_g_100g,0.01
952c1496-b636-4dd7-801a-f7ca9f204c7c,ag_22_6_dha_g_100g,0.01
5d0e3e32-be42-46bf-94ad-13403cf6fa08,ag_22_6_dha_g_100g,0.01
556c3a77-8cc1-4f91-8862-a1277fde9320,ag_22_6_dha_g_100g,0.01
bcc613a8-72f2-455a-8126-953b1ec1685d,ag_22_6_dha_g_100g,0.01
18a86eb1-0980-47d3-bf22-30b1cb43aa6a,ag_22_6_dha_g_100g,0.01
da378dc0-6e62-4923-aabb-126110ded991,ag_22_6_dha_g_100g,0.0
5cb37a41-7891-44a3-b90c-f6cdda409445,ag_22_6_dha_g_100g,0.0
d1903e60-1cc6-4e1b-92d1-dfdc0dfc2da5,ag_22_6_dha_g_100g,0.01
3d9f99f2-69c6-4e09-aaa5-d296d278f643,ag_22_6_dha_g_100g,0.01
b6409eaf-e437-4b1d-a51b-540673e73a14,ag_22_6_dha_g_100g,0.01
205b2afd-157e-4d0d-ba24-b08af3951198,ag_22_6_dha_g_100g,0.01
7351d18f-86e3-4c84-9de1-b79b89760af8,ag_22_6_dha_g_100g,0.01
08226f84-c557-4eb0-b805-a7a4004d1fe3,ag_22_6_dha_g_100g,0.01
0f29b08f-27ca-405b-ba3f-da4511d90c1f,ag_22_6_dha_g_100g,0.0
05eb140e-0246-47a8-b1d8-27f4957b3949,ag_22_6_dha_g_100g,0.01
30e0ee8d-4cf7-46bd-a62a-66714d8cd521,ag_22_6_dha_g_100g,0.0078
7b887f04-1988-44dd-b74e-66938372902a,ag_22_6_dha_g_100g,0.01
4e1b279a-4454-414c-9241-c329e03f1995,ag_22_6_dha_g_100g,0.0
81e5a2f9-3e0c-42c9-a071-c4df692e7f31,ag_22_6_dha_g_100g,0.01
a9c3a0c2-605a-4103-a495-201402935bc5,ag_22_6_dha_g_100g,0.14
738bd788-fd21-4363-9de0-ddc35b6813fa,ag_22_6_dha_g_100g,0.24
861b94d9-60da-4f46-804c-0756f4330661,ag_22_6_dha_g_100g,0.035
b5bfad5a-4a04-4ab6-8c8b-788397734cb2,ag_22_6_dha_g_100g,0.043
9c0738ab-d020-4a98-9b81-af71f7c0b878,ag_22_6_dha_g_100g,0.09
4d4af9ab-dd8c-4b49-be81-dd79ff210485,ag_22_6_dha_g_100g,0.25
2eb62878-3eb9-42ea-9a63-2691148a217c,ag_22_6_dha_g_100g,0.01
cc5e0af0-473e-4268-9bf2-bac740f2fab1,ag_22_6_dha_g_100g,0.01
ade5e763-3b9c-4947-af9d-7ff570546027,ag_22_6_dha_g_100g,0.01
763a92df-6900-488d-a92a-eee913d830cb,ag_22_6_dha_g_100g,0.01
323a942d-3817-4317-8a01-e1099026f744,ag_22_6_dha_g_100g,0.0
d62036e2-ba65-4a28-aad2-ee568cb4b498,ag_22_6_dha_g_100g,0.0
6ff5f533-7197-4f48-b475-c16544a21db5,ag_22_6_dha_g_100g,0.04
c1a9efe3-a0c5-4d04-b942-68d3fce22837,ag_22_6_dha_g_100g,0.01
df607bfa-3921-4ac6-be34-119b349e9588,ag_22_6_dha_g_100g,0.01
d281ed75-f3cd-4916-bd9d-7fc4fc48942b,ag_22_6_dha_g_100g,0.01
8c68a448-5cf5-4ba4-834a-d6dd13f55496,ag_22_6_dha_g_100g,0.0
e99c3905-a22c-45b7-b99d-5d45edec89b1,ag_22_6_dha_g_100g,0.01
2b51cbcc-360d-4b29-aa3d-bc4c1a017f6c,ag_22_6_dha_g_100g,0.0
fec29009-a951-4587-9265-27e240e03112,ag_22_6_dha_g_100g,0.0
deb22a25-4fde-4ac9-a6c7-e17be1a3ba00,ag_22_6_dha_g_100g,0.0
e1688763-0981-4614-a70c-b18893bcd53b,ag_22_6_dha_g_100g,0.0
36c30c73-3777-46ee-bfe2-87df2cde70d9,ag_22_6_dha_g_100g,0.0
834d0ee9-e18e-454d-affb-bb0096078817,ag_22_6_dha_g_100g,0.04
1db8868c-7aea-4358-8e8e-f2f33f427798,ag_22_6_dha_g_100g,0.01
e3fbdb74-16a8-4680-9cd0-16044b435725,ag_22_6_dha_g_100g,0.01
e4f9dca3-4573-4d6e-8fec-6e0d8a7bb48f,ag_22_6_dha_g_100g,0.01
274e083e-46d2-4cce-b79a-a3a711d81248,ag_22_6_dha_g_100g,0.0
862f5667-0461-4212-9246-2a8104ee3288,ag_22_6_dha_g_100g,0.01
5e615f07-5e6b-403b-b1f7-47d4df6c9ed7,ag_22_6_dha_g_100g,0.0
9a652d31-eda3-4fe7-8e83-7ead894ca0e2,ag_22_6_dha_g_100g,0.0
663312e9-6d02-4cfe-aaf7-8616a2b41629,ag_22_6_dha_g_100g,0.01
1fb6ee8a-65e8-4da5-891f-9b1f64a1179a,ag_22_6_dha_g_100g,0.0
85b41f4f-b07a-4a17-9044-d09b8d16ee60,ag_22_6_dha_g_100g,0.0
0d565da3-5008-4699-a3a2-c13575d82d8a,ag_22_6_dha_g_100g,0.01
e0dadf12-938f-45d9-a885-3e8df7ec3fe0,cholesterol_mg_100g,0.5
bd8d6fd3-2406-435d-9a92-c1546127e8e5,cholesterol_mg_100g,0.0
b05db49a-9212-44d3-9187-1da7870c1c9f,cholesterol_mg_100g,0.0
69da9d55-f3f4-4db3-8618-1fa505555874,cholesterol_mg_100g,0.0
e951267c-50f9-4470-b1c5-18656e75e013,cholesterol_mg_100g,0.0
970da6dd-6580-4081-8d47-0a1d30d16b6c,cholesterol_mg_100g,0.0
fcfdcc0b-9a9c-4e6c-a749-6de288235780,cholesterol_mg_100g,0.0
c75c5ce4-d2df-4f60-b94c-e97454df8e0d,cholesterol_mg_100g,0.0
94557fa4-d2b4-4a78-a3d3-5d0ba730d6bc,cholesterol_mg_100g,0.0
06462060-5201-41ec-a968-03c01edd23bc,cholesterol_mg_100g,0.0
b13e98d9-aaaf-4554-8177-8981f2ef0076,cholesterol_mg_100g,0.0
7e156dd4-2857-43bb-9aa2-e8273f5d4544,cholesterol_mg_100g,0.0
0261cb12-1fd6-46e1-9e3a-8064f63e6b45,cholesterol_mg_100g,0.0
2d0b224f-0e8c-469e-99e3-093f678fbbb9,cholesterol_mg_100g,0.0
9448e2cd-16f6-448b-927f-d41bb963a4b5,cholesterol_mg_100g,0.0
23786e95-97bf-461b-8108-59f08f119dad,cholesterol_mg_100g,0.0
d8c6e29e-5eaa-401f-aa0a-dc74d777a907,cholesterol_mg_100g,0.0
f81df9f4-b6f1-4a5f-9091-9f483352c601,cholesterol_mg_100g,0.0
2d70d5a7-4248-41b0-b876-066c7cf60f44,cholesterol_mg_100g,0.0
952c1496-b636-4dd7-801a-f7ca9f204c7c,cholesterol_mg_100g,0.0
5d0e3e32-be42-46bf-94ad-13403cf6fa08,cholesterol_mg_100g,0.0
556c3a77-8cc1-4f91-8862-a1277fde9320,cholesterol_mg_100g,0.0
fcff9b94-2817-4101-af7a-d7fb3117c338,cholesterol_mg_100g,0.02
d098a17d-e3b9-4c47-ab88-2a21e475e998,cholesterol_mg_100g,0.0
da378dc0-6e62-4923-aabb-126110ded991,cholesterol_mg_100g,0.0
99574f09-8377-49bd-a2c6-cf945ac2cc62,cholesterol_mg_100g,0.0
5cb37a41-7891-44a3-b90c-f6cdda409445,cholesterol_mg_100g,0.0
d1903e60-1cc6-4e1b-92d1-dfdc0dfc2da5,cholesterol_mg_100g,1.16
3d9f99f2-69c6-4e09-aaa5-d296d278f643,cholesterol_mg_100g,0.75
b6409eaf-e437-4b1d-a51b-540673e73a14,cholesterol_mg_100g,0.0
205b2afd-157e-4d0d-ba24-b08af3951198,cholesterol_mg_100g,1.27
91fc3f81-74fe-438a-aebe-56931dcec2c6,cholesterol_mg_100g,20.0
7351d18f-86e3-4c84-9de1-b79b89760af8,cholesterol_mg_100g,0.7
3fe9734c-c38f-42a6-85bf-f0281752e8ea,cholesterol_mg_100g,129.0
08226f84-c557-4eb0-b805-a7a4004d1fe3,cholesterol_mg_100g,0.0
0f29b08f-27ca-405b-ba3f-da4511d90c1f,cholesterol_mg_100g,0.0
30e0ee8d-4cf7-46bd-a62a-66714d8cd521,cholesterol_mg_100g,75.0
7b887f04-1988-44dd-b74e-66938372902a,cholesterol_mg_100g,85.9
4e1b279a-4454-414c-9241-c329e03f1995,cholesterol_mg_100g,62.0
81e5a2f9-3e0c-42c9-a071-c4df692e7f31,cholesterol_mg_100g,39.8
01e424c9-6471-46b7-8244-16c9a59bcc58,cholesterol_mg_100g,55.5
a2e8f29f-07e2-490f-93c5-92134ac4d00b,cholesterol_mg_100g,56.9
a9c3a0c2-605a-4103-a495-201402935bc5,cholesterol_mg_100g,50.5
3f144310-58a7-4fe6-9bf2-0ce9d99ee5be,cholesterol_mg_100g,0.0
738bd788-fd21-4363-9de0-ddc35b6813fa,cholesterol_mg_100g,612.0
861b94d9-60da-4f46-804c-0756f4330661,cholesterol_mg_100g,355.0
b5bfad5a-4a04-4ab6-8c8b-788397734cb2,cholesterol_mg_100g,277.0
9c0738ab-d020-4a98-9b81-af71f7c0b878,cholesterol_mg_100g,398.0
4d4af9ab-dd8c-4b49-be81-dd79ff210485,cholesterol_mg_100g,939.0
2eb62878-3eb9-42ea-9a63-2691148a217c,cholesterol_mg_100g,6.29
cc5e0af0-473e-4268-9bf2-bac740f2fab1,cholesterol_mg_100g,5.7
ade5e763-3b9c-4947-af9d-7ff570546027,cholesterol_mg_100g,6.0
763a92df-6900-488d-a92a-eee913d830cb,cholesterol_mg_100g,13.0
323a942d-3817-4317-8a01-e1099026f744,cholesterol_mg_100g,16.7
0e04f7a5-230a-4ef6-bfc3-d803435d33bd,cholesterol_mg_100g,1.0
d62036e2-ba65-4a28-aad2-ee568cb4b498,cholesterol_mg_100g,105.0
6ff5f533-7197-4f48-b475-c16544a21db5,cholesterol_mg_100g,95.3
c1a9efe3-a0c5-4d04-b942-68d3fce22837,cholesterol_mg_100g,65.2
df607bfa-3921-4ac6-be34-119b349e9588,cholesterol_mg_100g,79.0
d281ed75-f3cd-4916-bd9d-7fc4fc48942b,cholesterol_mg_100g,60.3
8c68a448-5cf5-4ba4-834a-d6dd13f55496,cholesterol_mg_100g,0.0
533c1962-b367-47ca-9d82-5910931fab39,cholesterol_mg_100g,0.0
e99c3905-a22c-45b7-b99d-5d45edec89b1,cholesterol_mg_100g,0.0
2b51cbcc-360d-4b29-aa3d-bc4c1a017f6c,cholesterol_mg_100g,0.0
fec29009-a951-4587-9265-27e240e03112,cholesterol_mg_100g,0.0
deb22a25-4fde-4ac9-a6c7-e17be1a3ba00,cholesterol_mg_100g,0.0
e1688763-0981-4614-a70c-b18893bcd53b,cholesterol_mg_100g,0.0
36c30c73-3777-46ee-bfe2-87df2cde70d9,cholesterol_mg_100g,0.0
834d0ee9-e18e-454d-affb-bb0096078817,cholesterol_mg_100g,6.07
46abb1a9-f4c1-4dc1-8799-ac50ee190ee5,cholesterol_mg_100g,0.0
352d9c01-c3ee-411e-9813-9ce3eae4c698,cholesterol_mg_100g,0.7
1db8868c-7aea-4358-8e8e-f2f33f427798,cholesterol_mg_100g,84.5
e3fbdb74-16a8-4680-9cd0-16044b435725,cholesterol_mg_100g,0.0
e4f9dca3-4573-4d6e-8fec-6e0d8a7bb48f,cholesterol_mg_100g,0.7
274e083e-46d2-4cce-b79a-a3a711d81248,cholesterol_mg_100g,0.0
862f5667-0461-4212-9246-2a8104ee3288,cholesterol_mg_100g,0.0
5e615f07-5e6b-403b-b1f7-47d4df6c9ed7,cholesterol_mg_100g,0.0
9a652d31-eda3-4fe7-8e83-7ead894ca0e2,cholesterol_mg_100g,0.0
663312e9-6d02-4cfe-aaf7-8616a2b41629,cholesterol_mg_100g,0.0
1fb6ee8a-65e8-4da5-891f-9b1f64a1179a,cholesterol_mg_100g,0.0
85b41f4f-b07a-4a17-9044-d09b8d16ee60,cholesterol_mg_100g,0.0
c9ce1563-cea5-4ab9-b51b-c3951098bd35,cholesterol_mg_100g,0.0
940d778a-3303-4e51-83d5-dfdd64192939,cholesterol_mg_100g,0.0
e0dadf12-938f-45d9-a885-3e8df7ec3fe0,salt_g_100g,0.015
bd8d6fd3-2406-435d-9a92-c1546127e8e5,salt_g_100g,0.11
b05db49a-9212-44d3-9187-1da7870c1c9f,salt_g_100g,0.021
69da9d55-f3f4-4db3-8618-1fa505555874,salt_g_100g,0.0081
e951267c-50f9-4470-b1c5-18656e75e013,salt_g_100g,0.013
970da6dd-6580-4081-8d47-0a1d30d16b6c,salt_g_100g,0.098
fcfdcc0b-9a9c-4e6c-a749-6de288235780,salt_g_100g,0.051
c75c5ce4-d2df-4f60-b94c-e97454df8e0d,salt_g_100g,0.098
94557fa4-d2b4-4a78-a3d3-5d0ba730d6bc,salt_g_100g,0.23
06462060-5201-41ec-a968-03c01edd23bc,salt_g_100g,0.021
b13e98d9-aaaf-4554-8177-8981f2ef0076,salt_g_100g,0.0025
7e156dd4-2857-43bb-9aa2-e8273f5d4544,salt_g_100g,0.59
39ce4bb8-b5a4-42b5-96d9-fab0dac1a0dd,salt_g_100g,0.006
0261cb12-1fd6-46e1-9e3a-8064f63e6b45,salt_g_100g,0.01
2d0b224f-0e8c-469e-99e3-093f678fbbb9,salt_g_100g,0.028
f4621eaf-aab9-4967-a365-2dee2b2ec1d3,salt_g_100g,0.88
3316b6df-9f99-4571-ba2e-4e26112c269d,salt_g_100g,0.013
dfb9e001-42d6-45d1-adf9-1e1ef5b8b618,salt_g_100g,0.013
ac683f79-bc03-46e6-bf1a-0b224deab0f5,salt_g_100g,0.013
1e0718a6-48ba-4fd4-93c0-1ea52f162c9d,salt_g_100g,0.03
9448e2cd-16f6-448b-927f-d41bb963a4b5,salt_g_100g,0.079
23786e95-97bf-461b-8108-59f08f119dad,salt_g_100g,0.021
d8c6e29e-5eaa-401f-aa0a-dc74d777a907,salt_g_100g,0.54
3ffa59aa-e01d-4712-8f0d-d5f32d3e1ae1,salt_g_100g,0.13
f81df9f4-b6f1-4a5f-9091-9f483352c601,salt_g_100g,0.013
2d70d5a7-4248-41b0-b876-066c7cf60f44,salt_g_100g,0.013
952c1496-b636-4dd7-801a-f7ca9f204c7c,salt_g_100g,0.013
5d0e3e32-be42-46bf-94ad-13403cf6fa08,salt_g_100g,0.013
556c3a77-8cc1-4f91-8862-a1277fde9320,salt_g_100g,0.013
fcff9b94-2817-4101-af7a-d7fb3117c338,salt_g_100g,0.0075
bcc613a8-72f2-455a-8126-953b1ec1685d,salt_g_100g,0.013
18a86eb1-0980-47d3-bf22-30b1cb43aa6a,salt_g_100g,0.013
d098a17d-e3b9-4c47-ab88-2a21e475e998,salt_g_100g,0.008
da378dc0-6e62-4923-aabb-126110ded991,salt_g_100g,0.048
99574f09-8377-49bd-a2c6-cf945ac2cc62,salt_g_100g,0.04
5cb37a41-7891-44a3-b90c-f6cdda409445,salt_g_100g,0.97
d1903e60-1cc6-4e1b-92d1-dfdc0dfc2da5,salt_g_100g,0.01
3d9f99f2-69c6-4e09-aaa5-d296d278f643,salt_g_100g,0.01
b6409eaf-e437-4b1d-a51b-540673e73a14,salt_g_100g,0.015
205b2afd-157e-4d0d-ba24-b08af3951198,salt_g_100g,0.01
91fc3f81-74fe-438a-aebe-56931dcec2c6,salt_g_100g,0.042
7351d18f-86e3-4c84-9de1-b79b89760af8,salt_g_100g,0.01
3fe9734c-c38f-42a6-85bf-f0281752e8ea,salt_g_100g,1.01
4c3d49b5-5471-432a-a259-b662b1f6b862,salt_g_100g,0.01
08226f84-c557-4eb0-b805-a7a4004d1fe3,salt_g_100g,1.12
0f29b08f-27ca-405b-ba3f-da4511d90c1f,salt_g_100g,0.014
29737eff-fbab-45b7-bdfe-51aba40f7b85,salt_g_100g,0.03
05eb140e-0246-47a8-b1d8-27f4957b3949,salt_g_100g,1.25
30e0ee8d-4cf7-46bd-a62a-66714d8cd521,salt_g_100g,0.15
7b887f04-1988-44dd-b74e-66938372902a,salt_g_100g,0.14
4e1b279a-4454-414c-9241-c329e03f1995,salt_g_100g,0.097
81e5a2f9-3e0c-42c9-a071-c4df692e7f31,salt_g_100g,1.79
01e424c9-6471-46b7-8244-16c9a59bcc58,salt_g_100g,2.59
28f898ab-dc19-4905-9ff6-62d5477600f7,salt_g_100g,0.87
a2e8f29f-07e2-490f-93c5-92134ac4d00b,salt_g_100g,0.29
a9c3a0c2-605a-4103-a495-201402935bc5,salt_g_100g,1.56
3f144310-58a7-4fe6-9bf2-0ce9d99ee5be,salt_g_100g,0.39
738bd788-fd21-4363-9de0-ddc35b6813fa,salt_g_100g,0.035
861b94d9-60da-4f46-804c-0756f4330661,salt_g_100g,0.31
b5bfad5a-4a04-4ab6-8c8b-788397734cb2,salt_g_100g,0.36
9c0738ab-d020-4a98-9b81-af71f7c0b878,salt_g_100g,0.31
4d4af9ab-dd8c-4b49-be81-dd79ff210485,salt_g_100g,0.048
2eb62878-3eb9-42ea-9a63-2691148a217c,salt_g_100g,0.088
cc5e0af0-473e-4268-9bf2-bac740f2fab1,salt_g_100g,0.09
ade5e763-3b9c-4947-af9d-7ff570546027,salt_g_100g,0.078
763a92df-6900-488d-a92a-eee913d830cb,salt_g_100g,0.11
323a942d-3817-4317-8a01-e1099026f744,salt_g_100g,0.097
0e04f7a5-230a-4ef6-bfc3-d803435d33bd,salt_g_100g,0.11
d62036e2-ba65-4a28-aad2-ee568cb4b498,salt_g_100g,0.8
6ff5f533-7197-4f48-b475-c16544a21db5,salt_g_100g,1.57
c1a9efe3-a0c5-4d04-b942-68d3fce22837,salt_g_100g,2.27
df607bfa-3921-4ac6-be34-119b349e9588,salt_g_100g,0.6
d281ed75-f3cd-4916-bd9d-7fc4fc48942b,salt_g_100g,0.49
04382c90-f07b-4268-b358-f4936f5b8c78,salt_g_100g,0.15
8c68a448-5cf5-4ba4-834a-d6dd13f55496,salt_g_100g,0.0076
533c1962-b367-47ca-9d82-5910931fab39,salt_g_100g,0.075
e99c3905-a22c-45b7-b99d-5d45edec89b1,salt_g_100g,0.051
2b51cbcc-360d-4b29-aa3d-bc4c1a017f6c,salt_g_100g,0.0025
fec29009-a951-4587-9265-27e240e03112,salt_g_100g,0.0063
deb22a25-4fde-4ac9-a6c7-e17be1a3ba00,salt_g_100g,0.01
e1688763-0981-4614-a70c-b18893bcd53b,salt_g_100g,0.0054
36c30c73-3777-46ee-bfe2-87df2cde70d9,salt_g_100g,0.015
834d0ee9-e18e-454d-affb-bb0096078817,salt_g_100g,0.02
46abb1a9-f4c1-4dc1-8799-ac50ee190ee5,salt_g_100g,0.25
352d9c01-c3ee-411e-9813-9ce3eae4c698,salt_g_100g,1.32
1db8868c-7aea-4358-8e8e-f2f33f427798,salt_g_100g,0.45
e3fbdb74-16a8-4680-9cd0-16044b435725,salt_g_100g,0.013
e4f9dca3-4573-4d6e-8fec-6e0d8a7bb48f,salt_g_100g,1.83
ac82c478-aeb7-4b4d-abf6-8c5ff6207732,salt_g_100g,94.3
274e083e-46d2-4cce-b79a-a3a711d81248,salt_g_100g,0.13
862f5667-0461-4212-9246-2a8104ee3288,salt_g_100g,0.036
5e615f07-5e6b-403b-b1f7-47d4df6c9ed7,salt_g_100g,0.025
9a652d31-eda3-4fe7-8e83-7ead894ca0e2,salt_g_100g,0.04
b7a54211-5e50-42ad-adcd-d45ecde57255,salt_g_100g,0.0
663312e9-6d02-4cfe-aaf7-8616a2b41629,salt_g_100g,0.016
1fb6ee8a-65e8-4da5-891f-9b1f64a1179a,salt_g_100g,0.028
85b41f4f-b07a-4a17-9044-d09b8d16ee60,salt_g_100g,0.59
c9ce1563-cea5-4ab9-b51b-c3951098bd35,salt_g_100g,0.076
0d565da3-5008-4699-a3a2-c13575d82d8a,salt_g_100g,0.013
940d778a-3303-4e51-83d5-dfdd64192939,salt_g_100g,0.088
e0dadf12-938f-45d9-a885-3e8df7ec3fe0,calcium_mg_100g,9.4
bd8d6fd3-2406-435d-9a92-c1546127e8e5,calcium_mg_100g,25.0
b05db49a-9212-44d3-9187-1da7870c1c9f,calcium_mg_100g,64.6
69da9d55-f3f4-4db3-8618-1fa505555874,calcium_mg_100g,8.14
e951267c-50f9-4470-b1c5-18656e75e013,calcium_mg_100g,6.6
970da6dd-6580-4081-8d47-0a1d30d16b6c,calcium_mg_100g,43.3
fcfdcc0b-9a9c-4e6c-a749-6de288235780,calcium_mg_100g,31.5
c75c5ce4-d2df-4f60-b94c-e97454df8e0d,calcium_mg_100g,19.3
94557fa4-d2b4-4a78-a3d3-5d0ba730d6bc,calcium_mg_100g,53.3
06462060-5201-41ec-a968-03c01edd23bc,calcium_mg_100g,29.2
b13e98d9-aaaf-4554-8177-8981f2ef0076,calcium_mg_100g,3.0
7e156dd4-2857-43bb-9aa2-e8273f5d4544,calcium_mg_100g,3.51
39ce4bb8-b5a4-42b5-96d9-fab0dac1a0dd,calcium_mg_100g,9.0
0261cb12-1fd6-46e1-9e3a-8064f63e6b45,calcium_mg_100g,3.0
2d0b224f-0e8c-469e-99e3-093f678fbbb9,calcium_mg_100g,11.0
3316b6df-9f99-4571-ba2e-4e26112c269d,calcium_mg_100g,32.0
dfb9e001-42d6-45d1-adf9-1e1ef5b8b618,calcium_mg_100g,55.0
ac683f79-bc03-46e6-bf1a-0b224deab0f5,calcium_mg_100g,12.0
1e0718a6-48ba-4fd4-93c0-1ea52f162c9d,calcium_mg_100g,240.0
9448e2cd-16f6-448b-927f-d41bb963a4b5,calcium_mg_100g,32.5
23786e95-97bf-461b-8108-59f08f119dad,calcium_mg_100g,55.0
d8c6e29e-5eaa-401f-aa0a-dc74d777a907,calcium_mg_100g,41.2
3ffa59aa-e01d-4712-8f0d-d5f32d3e1ae1,calcium_mg_100g,21.0
f81df9f4-b6f1-4a5f-9091-9f483352c601,calcium_mg_100g,5.1
2d70d5a7-4248-41b0-b876-066c7cf60f44,calcium_mg_100g,12.0
952c1496-b636-4dd7-801a-f7ca9f204c7c,calcium_mg_100g,66.0
5d0e3e32-be42-46bf-94ad-13403cf6fa08,calcium_mg_100g,6.0
556c3a77-8cc1-4f91-8862-a1277fde9320,calcium_mg_100g,14.0
fcff9b94-2817-4101-af7a-d7fb3117c338,calcium_mg_100g,11.0
bcc613a8-72f2-455a-8126-953b1ec1685d,calcium_mg_100g,3.6
18a86eb1-0980-47d3-bf22-30b1cb43aa6a,calcium_mg_100g,3.9
d098a17d-e3b9-4c47-ab88-2a21e475e998,calcium_mg_100g,40.0
da378dc0-6e62-4923-aabb-126110ded991,calcium_mg_100g,236.0
99574f09-8377-49bd-a2c6-cf945ac2cc62,calcium_mg_100g,631.0
5cb37a41-7891-44a3-b90c-f6cdda409445,calcium_mg_100g,43.0
d1903e60-1cc6-4e1b-92d1-dfdc0dfc2da5,calcium_mg_100g,13.0
3d9f99f2-69c6-4e09-aaa5-d296d278f643,calcium_mg_100g,14.0
b6409eaf-e437-4b1d-a51b-540673e73a14,calcium_mg_100g,23.0
205b2afd-157e-4d0d-ba24-b08af3951198,calcium_mg_100g,17.0
91fc3f81-74fe-438a-aebe-56931dcec2c6,calcium_mg_100g,24.1
7351d18f-86e3-4c84-9de1-b79b89760af8,calcium_mg_100g,22.0
3fe9734c-c38f-42a6-85bf-f0281752e8ea,calcium_mg_100g,5.1
4c3d49b5-5471-432a-a259-b662b1f6b862,calcium_mg_100g,40.0
08226f84-c557-4eb0-b805-a7a4004d1fe3,calcium_mg_100g,39.0
0f29b08f-27ca-405b-ba3f-da4511d90c1f,calcium_mg_100g,84.3
29737eff-fbab-45b7-bdfe-51aba40f7b85,calcium_mg_100g,25.3
05eb140e-0246-47a8-b1d8-27f4957b3949,calcium_mg_100g,17.0
7b887f04-1988-44dd-b74e-66938372902a,calcium_mg_100g,4.7
4e1b279a-4454-414c-9241-c329e03f1995,calcium_mg_100g,7.0
81e5a2f9-3e0c-42c9-a071-c4df692e7f31,calcium_mg_100g,20.0
01e424c9-6471-46b7-8244-16c9a59bcc58,calcium_mg_100g,10.0
a2e8f29f-07e2-490f-93c5-92134ac4d00b,calcium_mg_100g,14.0
a9c3a0c2-605a-4103-a495-201402935bc5,calcium_mg_100g,72.5
3f144310-58a7-4fe6-9bf2-0ce9d99ee5be,calcium_mg_100g,6.67
738bd788-fd21-4363-9de0-ddc35b6813fa,calcium_mg_100g,76.4
861b94d9-60da-4f46-804c-0756f4330661,calcium_mg_100g,41.0
b5bfad5a-4a04-4ab6-8c8b-788397734cb2,calcium_mg_100g,66.0
9c0738ab-d020-4a98-9b81-af71f7c0b878,calcium_mg_100g,76.8
4d4af9ab-dd8c-4b49-be81-dd79ff210485,calcium_mg_100g,50.2
2eb62878-3eb9-42ea-9a63-2691148a217c,calcium_mg_100g,120.0
cc5e0af0-473e-4268-9bf2-bac740f2fab1,calcium_mg_100g,117.0
ade5e763-3b9c-4947-af9d-7ff570546027,calcium_mg_100g,119.0
763a92df-6900-488d-a92a-eee913d830cb,calcium_mg_100g,128.0
323a942d-3817-4317-8a01-e1099026f744,calcium_mg_100g,139.0
0e04f7a5-230a-4ef6-bfc3-d803435d33bd,calcium_mg_100g,134.0
d62036e2-ba65-4a28-aad2-ee568cb4b498,calcium_mg_100g,1090.0
6ff5f533-7197-4f48-b475-c16544a21db5,calcium_mg_100g,980.0
c1a9efe3-a0c5-4d04-b942-68d3fce22837,calcium_mg_100g,220.0
df607bfa-3921-4ac6-be34-119b349e9588,calcium_mg_100g,545.0
d281ed75-f3cd-4916-bd9d-7fc4fc48942b,calcium_mg_100g,260.0
04382c90-f07b-4268-b358-f4936f5b8c78,calcium_mg_100g,105.0
8c68a448-5cf5-4ba4-834a-d6dd13f55496,calcium_mg_100g,7.13
533c1962-b367-47ca-9d82-5910931fab39,calcium_mg_100g,18.0
e99c3905-a22c-45b7-b99d-5d45edec89b1,calcium_mg_100g,12.0
2b51cbcc-360d-4b29-aa3d-bc4c1a017f6c,calcium_mg_100g,5.96
fec29009-a951-4587-9265-27e240e03112,calcium_mg_100g,7.1
deb22a25-4fde-4ac9-a6c7-e17be1a3ba00,calcium_mg_100g,7.93
e1688763-0981-4614-a70c-b18893bcd53b,calcium_mg_100g,3.69
36c30c73-3777-46ee-bfe2-87df2cde70d9,calcium_mg_100g,106.0
834d0ee9-e18e-454d-affb-bb0096078817,calcium_mg_100g,62.0
46abb1a9-f4c1-4dc1-8799-ac50ee190ee5,calcium_mg_100g,143.0
352d9c01-c3ee-411e-9813-9ce3eae4c698,calcium_mg_100g,21.6
e3fbdb74-16a8-4680-9cd0-16044b435725,calcium_mg_100g,0.2
e4f9dca3-4573-4d6e-8fec-6e0d8a7bb48f,calcium_mg_100g,30.0
ac82c478-aeb7-4b4d-abf6-8c5ff6207732,calcium_mg_100g,171.0
274e083e-46d2-4cce-b79a-a3a711d81248,calcium_mg_100g,525.0
862f5667-0461-4212-9246-2a8104ee3288,calcium_mg_100g,480.0
5e615f07-5e6b-403b-b1f7-47d4df6c9ed7,calcium_mg_100g,1000.0
9a652d31-eda3-4fe7-8e83-7ead894ca0e2,calcium_mg_100g,184.0
663312e9-6d02-4cfe-aaf7-8616a2b41629,calcium_mg_100g,11.0
1fb6ee8a-65e8-4da5-891f-9b1f64a1179a,calcium_mg_100g,92.8
85b41f4f-b07a-4a17-9044-d09b8d16ee60,calcium_mg_100g,218.0
c9ce1563-cea5-4ab9-b51b-c3951098bd35,calcium_mg_100g,221.0
0d565da3-5008-4699-a3a2-c13575d82d8a,calcium_mg_100g,11.0
940d778a-3303-4e51-83d5-dfdd64192939,calcium_mg_100g,1860.0
e0dadf12-938f-45d9-a885-3e8df7ec3fe0,chloride_mg_100g,20.0
bd8d6fd3-2406-435d-9a92-c1546127e8e5,chloride_mg_100g,56.8
69da9d55-f3f4-4db3-8618-1fa505555874,chloride_mg_100g,51.0
e951267c-50f9-4470-b1c5-18656e75e013,chloride_mg_100g,52.3
970da6dd-6580-4081-8d47-0a1d30d16b6c,chloride_mg_100g,61.0
c75c5ce4-d2df-4f60-b94c-e97454df8e0d,chloride_mg_100g,61.0
7e156dd4-2857-43bb-9aa2-e8273f5d4544,chloride_mg_100g,364.0
3316b6df-9f99-4571-ba2e-4e26112c269d,chloride_mg_100g,24.5
dfb9e001-42d6-45d1-adf9-1e1ef5b8b618,chloride_mg_100g,28.6
ac683f79-bc03-46e6-bf1a-0b224deab0f5,chloride_mg_100g,37.0
1e0718a6-48ba-4fd4-93c0-1ea52f162c9d,chloride_mg_100g,20.0
23786e95-97bf-461b-8108-59f08f119dad,chloride_mg_100g,20.0
3ffa59aa-e01d-4712-8f0d-d5f32d3e1ae1,chloride_mg_100g,15.0
f81df9f4-b6f1-4a5f-9091-9f483352c601,chloride_mg_100g,79.8
2d70d5a7-4248-41b0-b876-066c7cf60f44,chloride_mg_100g,21.8
952c1496-b636-4dd7-801a-f7ca9f204c7c,chloride_mg_100g,20.0
5d0e3e32-be42-46bf-94ad-13403cf6fa08,chloride_mg_100g,20.0
556c3a77-8cc1-4f91-8862-a1277fde9320,chloride_mg_100g,20.0
bcc613a8-72f2-455a-8126-953b1ec1685d,chloride_mg_100g,20.0
18a86eb1-0980-47d3-bf22-30b1cb43aa6a,chloride_mg_100g,20.0
d1903e60-1cc6-4e1b-92d1-dfdc0dfc2da5,chloride_mg_100g,3.69
3d9f99f2-69c6-4e09-aaa5-d296d278f643,chloride_mg_100g,5.91
b6409eaf-e437-4b1d-a51b-540673e73a14,chloride_mg_100g,26.6
205b2afd-157e-4d0d-ba24-b08af3951198,chloride_mg_100g,13.3
91fc3f81-74fe-438a-aebe-56931dcec2c6,chloride_mg_100g,37.0
7351d18f-86e3-4c84-9de1-b79b89760af8,chloride_mg_100g,11.5
3fe9734c-c38f-42a6-85bf-f0281752e8ea,chloride_mg_100g,695.0
4c3d49b5-5471-432a-a259-b662b1f6b862,chloride_mg_100g,50.0
08226f84-c557-4eb0-b805-a7a4004d1fe3,chloride_mg_100g,780.0
05eb140e-0246-47a8-b1d8-27f4957b3949,chloride_mg_100g,853.0
7b887f04-1988-44dd-b74e-66938372902a,chloride_mg_100g,107.0
81e5a2f9-3e0c-42c9-a071-c4df692e7f31,chloride_mg_100g,935.0
738bd788-fd21-4363-9de0-ddc35b6813fa,chloride_mg_100g,0.2
861b94d9-60da-4f46-804c-0756f4330661,chloride_mg_100g,182.0
4d4af9ab-dd8c-4b49-be81-dd79ff210485,chloride_mg_100g,0.3
2eb62878-3eb9-42ea-9a63-2691148a217c,chloride_mg_100g,96.9
cc5e0af0-473e-4268-9bf2-bac740f2fab1,chloride_mg_100g,100.0
ade5e763-3b9c-4947-af9d-7ff570546027,chloride_mg_100g,100.0
763a92df-6900-488d-a92a-eee913d830cb,chloride_mg_100g,170.0
0e04f7a5-230a-4ef6-bfc3-d803435d33bd,chloride_mg_100g,89.0
d62036e2-ba65-4a28-aad2-ee568cb4b498,chloride_mg_100g,1040.0
6ff5f533-7197-4f48-b475-c16544a21db5,chloride_mg_100g,973.0
c1a9efe3-a0c5-4d04-b942-68d3fce22837,chloride_mg_100g,1510.0
df607bfa-3921-4ac6-be34-119b349e9588,chloride_mg_100g,990.0
d281ed75-f3cd-4916-bd9d-7fc4fc48942b,chloride_mg_100g,354.0
fec29009-a951-4587-9265-27e240e03112,chloride_mg_100g,2.7
834d0ee9-e18e-454d-affb-bb0096078817,chloride_mg_100g,20.0
46abb1a9-f4c1-4dc1-8799-ac50ee190ee5,chloride_mg_100g,130.0
352d9c01-c3ee-411e-9813-9ce3eae4c698,chloride_mg_100g,1020.0
e3fbdb74-16a8-4680-9cd0-16044b435725,chloride_mg_100g,20.0
e4f9dca3-4573-4d6e-8fec-6e0d8a7bb48f,chloride_mg_100g,782.0
ac82c478-aeb7-4b4d-abf6-8c5ff6207732,chloride_mg_100g,58700.0
862f5667-0461-4212-9246-2a8104ee3288,chloride_mg_100g,300.0
663312e9-6d02-4cfe-aaf7-8616a2b41629,chloride_mg_100g,17.1
85b41f4f-b07a-4a17-9044-d09b8d16ee60,chloride_mg_100g,364.0
0d565da3-5008-4699-a3a2-c13575d82d8a,chloride_mg_100g,37.5
e0dadf12-938f-45d9-a885-3e8df7ec3fe0,copper_mg_100g,0.18
bd8d6fd3-2406-435d-9a92-c1546127e8e5,copper_mg_100g,0.05
b05db49a-9212-44d3-9187-1da7870c1c9f,copper_mg_100g,0.036
69da9d55-f3f4-4db3-8618-1fa505555874,copper_mg_100g,0.029
e951267c-50f9-4470-b1c5-18656e75e013,copper_mg_100g,0.05
970da6dd-6580-4081-8d47-0a1d30d16b6c,copper_mg_100g,0.1
fcfdcc0b-9a9c-4e6c-a749-6de288235780,copper_mg_100g,0.1
c75c5ce4-d2df-4f60-b94c-e97454df8e0d,copper_mg_100g,0.085
94557fa4-d2b4-4a78-a3d3-5d0ba730d6bc,copper_mg_100g,0.059
06462060-5201-41ec-a968-03c01edd23bc,copper_mg_100g,0.077
b13e98d9-aaaf-4554-8177-8981f2ef0076,copper_mg_100g,0.049
7e156dd4-2857-43bb-9aa2-e8273f5d4544,copper_mg_100g,0.036
39ce4bb8-b5a4-42b5-96d9-fab0dac1a0dd,copper_mg_100g,0.01
0261cb12-1fd6-46e1-9e3a-8064f63e6b45,copper_mg_100g,0.9
2d0b224f-0e8c-469e-99e3-093f678fbbb9,copper_mg_100g,0.075
3316b6df-9f99-4571-ba2e-4e26112c269d,copper_mg_100g,0.08
dfb9e001-42d6-45d1-adf9-1e1ef5b8b618,copper_mg_100g,0.03
ac683f79-bc03-46e6-bf1a-0b224deab0f5,copper_mg_100g,0.03
1e0718a6-48ba-4fd4-93c0-1ea52f162c9d,copper_mg_100g,0.14
9448e2cd-16f6-448b-927f-d41bb963a4b5,copper_mg_100g,0.13
23786e95-97bf-461b-8108-59f08f119dad,copper_mg_100g,0.27
d8c6e29e-5eaa-401f-aa0a-dc74d777a907,copper_mg_100g,0.21
3ffa59aa-e01d-4712-8f0d-d5f32d3e1ae1,copper_mg_100g,0.29
f81df9f4-b6f1-4a5f-9091-9f483352c601,copper_mg_100g,0.06
2d70d5a7-4248-41b0-b876-066c7cf60f44,copper_mg_100g,0.07
952c1496-b636-4dd7-801a-f7ca9f204c7c,copper_mg_100g,0.04
5d0e3e32-be42-46bf-94ad-13403cf6fa08,copper_mg_100g,0.03
556c3a77-8cc1-4f91-8862-a1277fde9320,copper_mg_100g,0.02
fcff9b94-2817-4101-af7a-d7fb3117c338,copper_mg_100g,0.06
bcc613a8-72f2-455a-8126-953b1ec1685d,copper_mg_100g,0.03
18a86eb1-0980-47d3-bf22-30b1cb43aa6a,copper_mg_100g,0.06
d098a17d-e3b9-4c47-ab88-2a21e475e998,copper_mg_100g,0.088
da378dc0-6e62-4923-aabb-126110ded991,copper_mg_100g,1.03
99574f09-8377-49bd-a2c6-cf945ac2cc62,copper_mg_100g,0.92
5cb37a41-7891-44a3-b90c-f6cdda409445,copper_mg_100g,0.56
d1903e60-1cc6-4e1b-92d1-dfdc0dfc2da5,copper_mg_100g,0.1
3d9f99f2-69c6-4e09-aaa5-d296d278f643,copper_mg_100g,0.07
b6409eaf-e437-4b1d-a51b-540673e73a14,copper_mg_100g,0.21
205b2afd-157e-4d0d-ba24-b08af3951198,copper_mg_100g,0.12
91fc3f81-74fe-438a-aebe-56931dcec2c6,copper_mg_100g,1.0
7351d18f-86e3-4c84-9de1-b79b89760af8,copper_mg_100g,0.19
3fe9734c-c38f-42a6-85bf-f0281752e8ea,copper_mg_100g,0.14
4c3d49b5-5471-432a-a259-b662b1f6b862,copper_mg_100g,0.2
08226f84-c557-4eb0-b805-a7a4004d1fe3,copper_mg_100g,0.21
0f29b08f-27ca-405b-ba3f-da4511d90c1f,copper_mg_100g,0.3
29737eff-fbab-45b7-bdfe-51aba40f7b85,copper_mg_100g,0.46
05eb140e-0246-47a8-b1d8-27f4957b3949,copper_mg_100g,0.09
7b887f04-1988-44dd-b74e-66938372902a,copper_mg_100g,0.03
4e1b279a-4454-414c-9241-c329e03f1995,copper_mg_100g,0.082
81e5a2f9-3e0c-42c9-a071-c4df692e7f31,copper_mg_100g,0.2
01e424c9-6471-46b7-8244-16c9a59bcc58,copper_mg_100g,0.054
a2e8f29f-07e2-490f-93c5-92134ac4d00b,copper_mg_100g,0.042
a9c3a0c2-605a-4103-a495-201402935bc5,copper_mg_100g,0.5
3f144310-58a7-4fe6-9bf2-0ce9d99ee5be,copper_mg_100g,0.023
738bd788-fd21-4363-9de0-ddc35b6813fa,copper_mg_100g,0.15
861b94d9-60da-4f46-804c-0756f4330661,copper_mg_100g,0.068
b5bfad5a-4a04-4ab6-8c8b-788397734cb2,copper_mg_100g,0.059
9c0738ab-d020-4a98-9b81-af71f7c0b878,copper_mg_100g,0.055
4d4af9ab-dd8c-4b49-be81-dd79ff210485,copper_mg_100g,0.1
2eb62878-3eb9-42ea-9a63-2691148a217c,copper_mg_100g,0.01
cc5e0af0-473e-4268-9bf2-bac740f2fab1,copper_mg_100g,0.0087
ade5e763-3b9c-4947-af9d-7ff570546027,copper_mg_100g,0.0031
763a92df-6900-488d-a92a-eee913d830cb,copper_mg_100g,0.0078
0e04f7a5-230a-4ef6-bfc3-d803435d33bd,copper_mg_100g,0.011
d62036e2-ba65-4a28-aad2-ee568cb4b498,copper_mg_100g,0.41
6ff5f533-7197-4f48-b475-c16544a21db5,copper_mg_100g,0.71
c1a9efe3-a0c5-4d04-b942-68d3fce22837,copper_mg_100g,0.04
df607bfa-3921-4ac6-be34-119b349e9588,copper_mg_100g,0.011
d281ed75-f3cd-4916-bd9d-7fc4fc48942b,copper_mg_100g,0.03
8c68a448-5cf5-4ba4-834a-d6dd13f55496,copper_mg_100g,0.017
533c1962-b367-47ca-9d82-5910931fab39,copper_mg_100g,0.22
e99c3905-a22c-45b7-b99d-5d45edec89b1,copper_mg_100g,0.05
2b51cbcc-360d-4b29-aa3d-bc4c1a017f6c,copper_mg_100g,0.0094
fec29009-a951-4587-9265-27e240e03112,copper_mg_100g,0.01
deb22a25-4fde-4ac9-a6c7-e17be1a3ba00,copper_mg_100g,0.017
e1688763-0981-4614-a70c-b18893bcd53b,copper_mg_100g,0.0055
36c30c73-3777-46ee-bfe2-87df2cde70d9,copper_mg_100g,0.018
834d0ee9-e18e-454d-affb-bb0096078817,copper_mg_100g,1.6
46abb1a9-f4c1-4dc1-8799-ac50ee190ee5,copper_mg_100g,0.39
352d9c01-c3ee-411e-9813-9ce3eae4c698,copper_mg_100g,0.3
e3fbdb74-16a8-4680-9cd0-16044b435725,copper_mg_100g,0.01
e4f9dca3-4573-4d6e-8fec-6e0d8a7bb48f,copper_mg_100g,0.09
274e083e-46d2-4cce-b79a-a3a711d81248,copper_mg_100g,1.2
862f5667-0461-4212-9246-2a8104ee3288,copper_mg_100g,1.0
5e615f07-5e6b-403b-b1f7-47d4df6c9ed7,copper_mg_100g,0.34
9a652d31-eda3-4fe7-8e83-7ead894ca0e2,copper_mg_100g,1.03
663312e9-6d02-4cfe-aaf7-8616a2b41629,copper_mg_100g,0.05
1fb6ee8a-65e8-4da5-891f-9b1f64a1179a,copper_mg_100g,0.1
85b41f4f-b07a-4a17-9044-d09b8d16ee60,copper_mg_100g,0.12
c9ce1563-cea5-4ab9-b51b-c3951098bd35,copper_mg_100g,0.28
0d565da3-5008-4699-a3a2-c13575d82d8a,copper_mg_100g,0.18
940d778a-3303-4e51-83d5-dfdd64192939,copper_mg_100g,1.06
e0dadf12-938f-45d9-a885-3e8df7ec3fe0,iron_mg_100g,0.34
bd8d6fd3-2406-435d-9a92-c1546127e8e5,iron_mg_100g,0.24
b05db49a-9212-44d3-9187-1da7870c1c9f,iron_mg_100g,0.98
69da9d55-f3f4-4db3-8618-1fa505555874,iron_mg_100g,0.12
e951267c-50f9-4470-b1c5-18656e75e013,iron_mg_100g,0.37
970da6dd-6580-4081-8d47-0a1d30d16b6c,iron_mg_100g,0.1
fcfdcc0b-9a9c-4e6c-a749-6de288235780,iron_mg_100g,0.1
c75c5ce4-d2df-4f60-b94c-e97454df8e0d,iron_mg_100g,0.32
94557fa4-d2b4-4a78-a3d3-5d0ba730d6bc,iron_mg_100g,0.42
06462060-5201-41ec-a968-03c01edd23bc,iron_mg_100g,0.21
b13e98d9-aaaf-4554-8177-8981f2ef0076,iron_mg_100g,0.45
7e156dd4-2857-43bb-9aa2-e8273f5d4544,iron_mg_100g,0.35
0261cb12-1fd6-46e1-9e3a-8064f63e6b45,iron_mg_100g,0.44
2d0b224f-0e8c-469e-99e3-093f678fbbb9,iron_mg_100g,0.68
3316b6df-9f99-4571-ba2e-4e26112c269d,iron_mg_100g,0.24
dfb9e001-42d6-45d1-adf9-1e1ef5b8b618,iron_mg_100g,0.85
ac683f79-bc03-46e6-bf1a-0b224deab0f5,iron_mg_100g,0.22
1e0718a6-48ba-4fd4-93c0-1ea52f162c9d,iron_mg_100g,1.3
9448e2cd-16f6-448b-927f-d41bb963a4b5,iron_mg_100g,0.71
23786e95-97bf-461b-8108-59f08f119dad,iron_mg_100g,2.3
d8c6e29e-5eaa-401f-aa0a-dc74d777a907,iron_mg_100g,1.15
3ffa59aa-e01d-4712-8f0d-d5f32d3e1ae1,iron_mg_100g,2.2
f81df9f4-b6f1-4a5f-9091-9f483352c601,iron_mg_100g,0.2
2d70d5a7-4248-41b0-b876-066c7cf60f44,iron_mg_100g,0.09
952c1496-b636-4dd7-801a-f7ca9f204c7c,iron_mg_100g,0.57
5d0e3e32-be42-46bf-94ad-13403cf6fa08,iron_mg_100g,0.16
556c3a77-8cc1-4f91-8862-a1277fde9320,iron_mg_100g,0.06
fcff9b94-2817-4101-af7a-d7fb3117c338,iron_mg_100g,0.2
bcc613a8-72f2-455a-8126-953b1ec1685d,iron_mg_100g,0.06
18a86eb1-0980-47d3-bf22-30b1cb43aa6a,iron_mg_100g,0.12
d098a17d-e3b9-4c47-ab88-2a21e475e998,iron_mg_100g,1.0
da378dc0-6e62-4923-aabb-126110ded991,iron_mg_100g,3.28
99574f09-8377-49bd-a2c6-cf945ac2cc62,iron_mg_100g,7.72
5cb37a41-7891-44a3-b90c-f6cdda409445,iron_mg_100g,1.92
d1903e60-1cc6-4e1b-92d1-dfdc0dfc2da5,iron_mg_100g,0.32
3d9f99f2-69c6-4e09-aaa5-d296d278f643,iron_mg_100g,0.04
b6409eaf-e437-4b1d-a51b-540673e73a14,iron_mg_100g,1.6
205b2afd-157e-4d0d-ba24-b08af3951198,iron_mg_100g,0.43
91fc3f81-74fe-438a-aebe-56931dcec2c6,iron_mg_100g,1.1
7351d18f-86e3-4c84-9de1-b79b89760af8,iron_mg_100g,0.98
3fe9734c-c38f-42a6-85bf-f0281752e8ea,iron_mg_100g,0.7
4c3d49b5-5471-432a-a259-b662b1f6b862,iron_mg_100g,3.2
08226f84-c557-4eb0-b805-a7a4004d1fe3,iron_mg_100g,2.1
0f29b08f-27ca-405b-ba3f-da4511d90c1f,iron_mg_100g,4.05
29737eff-fbab-45b7-bdfe-51aba40f7b85,iron_mg_100g,1.31
05eb140e-0246-47a8-b1d8-27f4957b3949,iron_mg_100g,0.68
30e0ee8d-4cf7-46bd-a62a-66714d8cd521,iron_mg_100g,4.3
7b887f04-1988-44dd-b74e-66938372902a,iron_mg_100g,0.39
4e1b279a-4454-414c-9241-c329e03f1995,iron_mg_100g,2.65
81e5a2f9-3e0c-42c9-a071-c4df692e7f31,iron_mg_100g,0.54
01e424c9-6471-46b7-8244-16c9a59bcc58,iron_mg_100g,0.82
28f898ab-dc19-4905-9ff6-62d5477600f7,iron_mg_100g,2.5
a2e8f29f-07e2-490f-93c5-92134ac4d00b,iron_mg_100g,1.0
a9c3a0c2-605a-4103-a495-201402935bc5,iron_mg_100g,9.67
3f144310-58a7-4fe6-9bf2-0ce9d99ee5be,iron_mg_100g,0.067
738bd788-fd21-4363-9de0-ddc35b6813fa,iron_mg_100g,0.95
861b94d9-60da-4f46-804c-0756f4330661,iron_mg_100g,1.72
b5bfad5a-4a04-4ab6-8c8b-788397734cb2,iron_mg_100g,1.31
9c0738ab-d020-4a98-9b81-af71f7c0b878,iron_mg_100g,1.88
4d4af9ab-dd8c-4b49-be81-dd79ff210485,iron_mg_100g,0.7
2eb62878-3eb9-42ea-9a63-2691148a217c,iron_mg_100g,0.05
cc5e0af0-473e-4268-9bf2-bac740f2fab1,iron_mg_100g,0.045
ade5e763-3b9c-4947-af9d-7ff570546027,iron_mg_100g,0.031
763a92df-6900-488d-a92a-eee913d830cb,iron_mg_100g,0.25
0e04f7a5-230a-4ef6-bfc3-d803435d33bd,iron_mg_100g,0.16
d62036e2-ba65-4a28-aad2-ee568cb4b498,iron_mg_100g,0.29
6ff5f533-7197-4f48-b475-c16544a21db5,iron_mg_100g,0.1
c1a9efe3-a0c5-4d04-b942-68d3fce22837,iron_mg_100g,0.08
df607bfa-3921-4ac6-be34-119b349e9588,iron_mg_100g,0.44
d281ed75-f3cd-4916-bd9d-7fc4fc48942b,iron_mg_100g,0.11
8c68a448-5cf5-4ba4-834a-d6dd13f55496,iron_mg_100g,0.03
533c1962-b367-47ca-9d82-5910931fab39,iron_mg_100g,3.3
e99c3905-a22c-45b7-b99d-5d45edec89b1,iron_mg_100g,0.1
2b51cbcc-360d-4b29-aa3d-bc4c1a017f6c,iron_mg_100g,0.56
fec29009-a951-4587-9265-27e240e03112,iron_mg_100g,0.34
deb22a25-4fde-4ac9-a6c7-e17be1a3ba00,iron_mg_100g,0.18
e1688763-0981-4614-a70c-b18893bcd53b,iron_mg_100g,0.077
36c30c73-3777-46ee-bfe2-87df2cde70d9,iron_mg_100g,0.11
834d0ee9-e18e-454d-affb-bb0096078817,iron_mg_100g,11.0
46abb1a9-f4c1-4dc1-8799-ac50ee190ee5,iron_mg_100g,3.2
352d9c01-c3ee-411e-9813-9ce3eae4c698,iron_mg_100g,1.8
1db8868c-7aea-4358-8e8e-f2f33f427798,iron_mg_100g,0.1
e3fbdb74-16a8-4680-9cd0-16044b435725,iron_mg_100g,0.05
e4f9dca3-4573-4d6e-8fec-6e0d8a7bb48f,iron_mg_100g,0.96
274e083e-46d2-4cce-b79a-a3a711d81248,iron_mg_100g,19.1
862f5667-0461-4212-9246-2a8104ee3288,iron_mg_100g,17.0
5e615f07-5e6b-403b-b1f7-47d4df6c9ed7,iron_mg_100g,8.32
9a652d31-eda3-4fe7-8e83-7ead894ca0e2,iron_mg_100g,3.04
b7a54211-5e50-42ad-adcd-d45ecde57255,iron_mg_100g,0.0
663312e9-6d02-4cfe-aaf7-8616a2b41629,iron_mg_100g,0.4
1fb6ee8a-65e8-4da5-891f-9b1f64a1179a,iron_mg_100g,1.31
85b41f4f-b07a-4a17-9044-d09b8d16ee60,iron_mg_100g,4.67
c9ce1563-cea5-4ab9-b51b-c3951098bd35,iron_mg_100g,8.48
0d565da3-5008-4699-a3a2-c13575d82d8a,iron_mg_100g,0.64
940d778a-3303-4e51-83d5-dfdd64192939,iron_mg_100g,69.8
e0dadf12-938f-45d9-a885-3e8df7ec3fe0,iodine_ug_100g,20.0
bd8d6fd3-2406-435d-9a92-c1546127e8e5,iodine_ug_100g,20.0
b05db49a-9212-44d3-9187-1da7870c1c9f,iodine_ug_100g,1.22
69da9d55-f3f4-4db3-8618-1fa505555874,iodine_ug_100g,0.2
e951267c-50f9-4470-b1c5-18656e75e013,iodine_ug_100g,20.0
970da6dd-6580-4081-8d47-0a1d30d16b6c,iodine_ug_100g,10.0
fcfdcc0b-9a9c-4e6c-a749-6de288235780,iodine_ug_100g,10.0
c75c5ce4-d2df-4f60-b94c-e97454df8e0d,iodine_ug_100g,5.0
94557fa4-d2b4-4a78-a3d3-5d0ba730d6bc,iodine_ug_100g,0.3
06462060-5201-41ec-a968-03c01edd23bc,iodine_ug_100g,1.0
b13e98d9-aaaf-4554-8177-8981f2ef0076,iodine_ug_100g,1.0
7e156dd4-2857-43bb-9aa2-e8273f5d4544,iodine_ug_100g,0.5
39ce4bb8-b5a4-42b5-96d9-fab0dac1a0dd,iodine_ug_100g,1.0
2d0b224f-0e8c-469e-99e3-093f678fbbb9,iodine_ug_100g,1.5
3316b6df-9f99-4571-ba2e-4e26112c269d,iodine_ug_100g,20.0
dfb9e001-42d6-45d1-adf9-1e1ef5b8b618,iodine_ug_100g,20.0
ac683f79-bc03-46e6-bf1a-0b224deab0f5,iodine_ug_100g,20.0
1e0718a6-48ba-4fd4-93c0-1ea52f162c9d,iodine_ug_100g,20.0
9448e2cd-16f6-448b-927f-d41bb963a4b5,iodine_ug_100g,3.0
23786e95-97bf-461b-8108-59f08f119dad,iodine_ug_100g,20.0
3ffa59aa-e01d-4712-8f0d-d5f32d3e1ae1,iodine_ug_100g,20.0
f81df9f4-b6f1-4a5f-9091-9f483352c601,iodine_ug_100g,20.0
2d70d5a7-4248-41b0-b876-066c7cf60f44,iodine_ug_100g,20.0
952c1496-b636-4dd7-801a-f7ca9f204c7c,iodine_ug_100g,20.0
5d0e3e32-be42-46bf-94ad-13403cf6fa08,iodine_ug_100g,20.0
556c3a77-8cc1-4f91-8862-a1277fde9320,iodine_ug_100g,20.0
fcff9b94-2817-4101-af7a-d7fb3117c338,iodine_ug_100g,1.0
bcc613a8-72f2-455a-8126-953b1ec1685d,iodine_ug_100g,20.0
18a86eb1-0980-47d3-bf22-30b1cb43aa6a,iodine_ug_100g,20.0
d098a17d-e3b9-4c47-ab88-2a21e475e998,iodine_ug_100g,1.15
5cb37a41-7891-44a3-b90c-f6cdda409445,iodine_ug_100g,0.5
d1903e60-1cc6-4e1b-92d1-dfdc0dfc2da5,iodine_ug_100g,20.0
3d9f99f2-69c6-4e09-aaa5-d296d278f643,iodine_ug_100g,20.0
205b2afd-157e-4d0d-ba24-b08af3951198,iodine_ug_100g,20.0
7351d18f-86e3-4c84-9de1-b79b89760af8,iodine_ug_100g,20.0
3fe9734c-c38f-42a6-85bf-f0281752e8ea,iodine_ug_100g,60.0
08226f84-c557-4eb0-b805-a7a4004d1fe3,iodine_ug_100g,20.0
0f29b08f-27ca-405b-ba3f-da4511d90c1f,iodine_ug_100g,0.5
05eb140e-0246-47a8-b1d8-27f4957b3949,iodine_ug_100g,20.0
30e0ee8d-4cf7-46bd-a62a-66714d8cd521,iodine_ug_100g,6.0
7b887f04-1988-44dd-b74e-66938372902a,iodine_ug_100g,20.0
4e1b279a-4454-414c-9241-c329e03f1995,iodine_ug_100g,0.8
81e5a2f9-3e0c-42c9-a071-c4df692e7f31,iodine_ug_100g,5.0
a2e8f29f-07e2-490f-93c5-92134ac4d00b,iodine_ug_100g,3.74
a9c3a0c2-605a-4103-a495-201402935bc5,iodine_ug_100g,80.0
738bd788-fd21-4363-9de0-ddc35b6813fa,iodine_ug_100g,192.0
861b94d9-60da-4f46-804c-0756f4330661,iodine_ug_100g,49.7
b5bfad5a-4a04-4ab6-8c8b-788397734cb2,iodine_ug_100g,52.0
9c0738ab-d020-4a98-9b81-af71f7c0b878,iodine_ug_100g,21.0
4d4af9ab-dd8c-4b49-be81-dd79ff210485,iodine_ug_100g,175.0
2eb62878-3eb9-42ea-9a63-2691148a217c,iodine_ug_100g,20.0
cc5e0af0-473e-4268-9bf2-bac740f2fab1,iodine_ug_100g,12.1
ade5e763-3b9c-4947-af9d-7ff570546027,iodine_ug_100g,17.9
763a92df-6900-488d-a92a-eee913d830cb,iodine_ug_100g,26.3
0e04f7a5-230a-4ef6-bfc3-d803435d33bd,iodine_ug_100g,10.4
d62036e2-ba65-4a28-aad2-ee568cb4b498,iodine_ug_100g,13.8
6ff5f533-7197-4f48-b475-c16544a21db5,iodine_ug_100g,90.0
c1a9efe3-a0c5-4d04-b942-68d3fce22837,iodine_ug_100g,80.0
df607bfa-3921-4ac6-be34-119b349e9588,iodine_ug_100g,37.2
d281ed75-f3cd-4916-bd9d-7fc4fc48942b,iodine_ug_100g,30.0
533c1962-b367-47ca-9d82-5910931fab39,iodine_ug_100g,1.0
e99c3905-a22c-45b7-b99d-5d45edec89b1,iodine_ug_100g,20.0
2b51cbcc-360d-4b29-aa3d-bc4c1a017f6c,iodine_ug_100g,0.74
fec29009-a951-4587-9265-27e240e03112,iodine_ug_100g,20.0
deb22a25-4fde-4ac9-a6c7-e17be1a3ba00,iodine_ug_100g,0.5
e1688763-0981-4614-a70c-b18893bcd53b,iodine_ug_100g,0.3
834d0ee9-e18e-454d-affb-bb0096078817,iodine_ug_100g,20.0
46abb1a9-f4c1-4dc1-8799-ac50ee190ee5,iodine_ug_100g,2.0
352d9c01-c3ee-411e-9813-9ce3eae4c698,iodine_ug_100g,20.0
1db8868c-7aea-4358-8e8e-f2f33f427798,iodine_ug_100g,2.0
e3fbdb74-16a8-4680-9cd0-16044b435725,iodine_ug_100g,20.0
e4f9dca3-4573-4d6e-8fec-6e0d8a7bb48f,iodine_ug_100g,20.0
274e083e-46d2-4cce-b79a-a3a711d81248,iodine_ug_100g,0.5
862f5667-0461-4212-9246-2a8104ee3288,iodine_ug_100g,20.0
663312e9-6d02-4cfe-aaf7-8616a2b41629,iodine_ug_100g,20.0
1fb6ee8a-65e8-4da5-891f-9b1f64a1179a,iodine_ug_100g,2.2
85b41f4f-b07a-4a17-9044-d09b8d16ee60,iodine_ug_100g,5.0
0d565da3-5008-4699-a3a2-c13575d82d8a,iodine_ug_100g,20.0
940d778a-3303-4e51-83d5-dfdd64192939,iodine_ug_100g,15.0
e0dadf12-938f-45d9-a885-3e8df7ec3fe0,magnesium_mg_100g,21.0
bd8d6fd3-2406-435d-9a92-c1546127e8e5,magnesium_mg_100g,10.0
b05db49a-9212-44d3-9187-1da7870c1c9f,magnesium_mg_100g,14.9
69da9d55-f3f4-4db3-8618-1fa505555874,magnesium_mg_100g,10.1
e951267c-50f9-4470-b1c5-18656e75e013,magnesium_mg_100g,11.0
970da6dd-6580-4081-8d47-0a1d30d16b6c,magnesium_mg_100g,11.2
fcfdcc0b-9a9c-4e6c-a749-6de288235780,magnesium_mg_100g,7.5
c75c5ce4-d2df-4f60-b94c-e97454df8e0d,magnesium_mg_100g,22.3
94557fa4-d2b4-4a78-a3d3-5d0ba730d6bc,magnesium_mg_100g,9.0
06462060-5201-41ec-a968-03c01edd23bc,magnesium_mg_100g,13.0
b13e98d9-aaaf-4554-8177-8981f2ef0076,magnesium_mg_100g,26.0
7e156dd4-2857-43bb-9aa2-e8273f5d4544,magnesium_mg_100g,26.9
39ce4bb8-b5a4-42b5-96d9-fab0dac1a0dd,magnesium_mg_100g,14.0
0261cb12-1fd6-46e1-9e3a-8064f63e6b45,magnesium_mg_100g,14.0
2d0b224f-0e8c-469e-99e3-093f678fbbb9,magnesium_mg_100g,9.0
3316b6df-9f99-4571-ba2e-4e26112c269d,magnesium_mg_100g,9.3
dfb9e001-42d6-45d1-adf9-1e1ef5b8b618,magnesium_mg_100g,11.0
ac683f79-bc03-46e6-bf1a-0b224deab0f5,magnesium_mg_100g,9.2
1e0718a6-48ba-4fd4-93c0-1ea52f162c9d,magnesium_mg_100g,30.0
9448e2cd-16f6-448b-927f-d41bb963a4b5,magnesium_mg_100g,22.5
23786e95-97bf-461b-8108-59f08f119dad,magnesium_mg_100g,39.0
d8c6e29e-5eaa-401f-aa0a-dc74d777a907,magnesium_mg_100g,27.5
3ffa59aa-e01d-4712-8f0d-d5f32d3e1ae1,magnesium_mg_100g,25.0
f81df9f4-b6f1-4a5f-9091-9f483352c601,magnesium_mg_100g,28.0
2d70d5a7-4248-41b0-b876-066c7cf60f44,magnesium_mg_100g,11.0
952c1496-b636-4dd7-801a-f7ca9f204c7c,magnesium_mg_100g,15.0
5d0e3e32-be42-46bf-94ad-13403cf6fa08,magnesium_mg_100g,11.0
556c3a77-8cc1-4f91-8862-a1277fde9320,magnesium_mg_100g,7.2
fcff9b94-2817-4101-af7a-d7fb3117c338,magnesium_mg_100g,7.0
bcc613a8-72f2-455a-8126-953b1ec1685d,magnesium_mg_100g,3.0
18a86eb1-0980-47d3-bf22-30b1cb43aa6a,magnesium_mg_100g,6.8
d098a17d-e3b9-4c47-ab88-2a21e475e998,magnesium_mg_100g,16.9
da378dc0-6e62-4923-aabb-126110ded991,magnesium_mg_100g,268.0
99574f09-8377-49bd-a2c6-cf945ac2cc62,magnesium_mg_100g,335.0
5cb37a41-7891-44a3-b90c-f6cdda409445,magnesium_mg_100g,174.0
d1903e60-1cc6-4e1b-92d1-dfdc0dfc2da5,magnesium_mg_100g,49.0
3d9f99f2-69c6-4e09-aaa5-d296d278f643,magnesium_mg_100g,7.1
b6409eaf-e437-4b1d-a51b-540673e73a14,magnesium_mg_100g,71.0
205b2afd-157e-4d0d-ba24-b08af3951198,magnesium_mg_100g,17.0
91fc3f81-74fe-438a-aebe-56931dcec2c6,magnesium_mg_100g,20.9
7351d18f-86e3-4c84-9de1-b79b89760af8,magnesium_mg_100g,36.0
3fe9734c-c38f-42a6-85bf-f0281752e8ea,magnesium_mg_100g,18.8
4c3d49b5-5471-432a-a259-b662b1f6b862,magnesium_mg_100g,100.0
08226f84-c557-4eb0-b805-a7a4004d1fe3,magnesium_mg_100g,51.0
0f29b08f-27ca-405b-ba3f-da4511d90c1f,magnesium_mg_100g,148.0
29737eff-fbab-45b7-bdfe-51aba40f7b85,magnesium_mg_100g,30.4
05eb140e-0246-47a8-b1d8-27f4957b3949,magnesium_mg_100g,12.0
7b887f04-1988-44dd-b74e-66938372902a,magnesium_mg_100g,37.0
4e1b279a-4454-414c-9241-c329e03f1995,magnesium_mg_100g,22.0
81e5a2f9-3e0c-42c9-a071-c4df692e7f31,magnesium_mg_100g,22.5
01e424c9-6471-46b7-8244-16c9a59bcc58,magnesium_mg_100g,21.0
a2e8f29f-07e2-490f-93c5-92134ac4d00b,magnesium_mg_100g,22.2
a9c3a0c2-605a-4103-a495-201402935bc5,magnesium_mg_100g,12.9
3f144310-58a7-4fe6-9bf2-0ce9d99ee5be,magnesium_mg_100g,9.67
738bd788-fd21-4363-9de0-ddc35b6813fa,magnesium_mg_100g,4.5
861b94d9-60da-4f46-804c-0756f4330661,magnesium_mg_100g,14.0
b5bfad5a-4a04-4ab6-8c8b-788397734cb2,magnesium_mg_100g,11.0
9c0738ab-d020-4a98-9b81-af71f7c0b878,magnesium_mg_100g,11.0
4d4af9ab-dd8c-4b49-be81-dd79ff210485,magnesium_mg_100g,1.5
2eb62878-3eb9-42ea-9a63-2691148a217c,magnesium_mg_100g,9.9
cc5e0af0-473e-4268-9bf2-bac740f2fab1,magnesium_mg_100g,12.1
ade5e763-3b9c-4947-af9d-7ff570546027,magnesium_mg_100g,11.1
763a92df-6900-488d-a92a-eee913d830cb,magnesium_mg_100g,12.5
0e04f7a5-230a-4ef6-bfc3-d803435d33bd,magnesium_mg_100g,12.2
d62036e2-ba65-4a28-aad2-ee568cb4b498,magnesium_mg_100g,39.2
6ff5f533-7197-4f48-b475-c16544a21db5,magnesium_mg_100g,40.0
c1a9efe3-a0c5-4d04-b942-68d3fce22837,magnesium_mg_100g,12.0
df607bfa-3921-4ac6-be34-119b349e9588,magnesium_mg_100g,20.0
d281ed75-f3cd-4916-bd9d-7fc4fc48942b,magnesium_mg_100g,9.8
04382c90-f07b-4268-b358-f4936f5b8c78,magnesium_mg_100g,9.0
8c68a448-5cf5-4ba4-834a-d6dd13f55496,magnesium_mg_100g,0.99
533c1962-b367-47ca-9d82-5910931fab39,magnesium_mg_100g,46.0
e99c3905-a22c-45b7-b99d-5d45edec89b1,magnesium_mg_100g,8.3
2b51cbcc-360d-4b29-aa3d-bc4c1a017f6c,magnesium_mg_100g,7.13
fec29009-a951-4587-9265-27e240e03112,magnesium_mg_100g,7.3
deb22a25-4fde-4ac9-a6c7-e17be1a3ba00,magnesium_mg_100g,4.26
e1688763-0981-4614-a70c-b18893bcd53b,magnesium_mg_100g,1.65
36c30c73-3777-46ee-bfe2-87df2cde70d9,magnesium_mg_100g,21.0
834d0ee9-e18e-454d-affb-bb0096078817,magnesium_mg_100g,200.0
46abb1a9-f4c1-4dc1-8799-ac50ee190ee5,magnesium_mg_100g,74.5
352d9c01-c3ee-411e-9813-9ce3eae4c698,magnesium_mg_100g,86.9
e3fbdb74-16a8-4680-9cd0-16044b435725,magnesium_mg_100g,0.05
e4f9dca3-4573-4d6e-8fec-6e0d8a7bb48f,magnesium_mg_100g,9.1
ac82c478-aeb7-4b4d-abf6-8c5ff6207732,magnesium_mg_100g,424.0
274e083e-46d2-4cce-b79a-a3a711d81248,magnesium_mg_100g,255.0
862f5667-0461-4212-9246-2a8104ee3288,magnesium_mg_100g,190.0
5e615f07-5e6b-403b-b1f7-47d4df6c9ed7,magnesium_mg_100g,60.0
9a652d31-eda3-4fe7-8e83-7ead894ca0e2,magnesium_mg_100g,183.0
663312e9-6d02-4cfe-aaf7-8616a2b41629,magnesium_mg_100g,26.0
1fb6ee8a-65e8-4da5-891f-9b1f64a1179a,magnesium_mg_100g,23.8
85b41f4f-b07a-4a17-9044-d09b8d16ee60,magnesium_mg_100g,39.5
c9ce1563-cea5-4ab9-b51b-c3951098bd35,magnesium_mg_100g,71.5
0d565da3-5008-4699-a3a2-c13575d82d8a,magnesium_mg_100g,21.0
940d778a-3303-4e51-83d5-dfdd64192939,magnesium_mg_100g,304.0
e0dadf12-938f-45d9-a885-3e8df7ec3fe0,manganese_mg_100g,0.2
bd8d6fd3-2406-435d-9a92-c1546127e8e5,manganese_mg_100g,0.1
b05db49a-9212-44d3-9187-1da7870c1c9f,manganese_mg_100g,0.4
69da9d55-f3f4-4db3-8618-1fa505555874,manganese_mg_100g,0.066
e951267c-50f9-4470-b1c5-18656e75e013,manganese_mg_100g,0.16
970da6dd-6580-4081-8d47-0a1d30d16b6c,manganese_mg_100g,0.1
fcfdcc0b-9a9c-4e6c-a749-6de288235780,manganese_mg_100g,0.1
c75c5ce4-d2df-4f60-b94c-e97454df8e0d,manganese_mg_100g,0.089
94557fa4-d2b4-4a78-a3d3-5d0ba730d6bc,manganese_mg_100g,0.11
06462060-5201-41ec-a968-03c01edd23bc,manganese_mg_100g,0.12
b13e98d9-aaaf-4554-8177-8981f2ef0076,manganese_mg_100g,0.17
7e156dd4-2857-43bb-9aa2-e8273f5d4544,manganese_mg_100g,0.11
39ce4bb8-b5a4-42b5-96d9-fab0dac1a0dd,manganese_mg_100g,0.1
0261cb12-1fd6-46e1-9e3a-8064f63e6b45,manganese_mg_100g,0.2
2d0b224f-0e8c-469e-99e3-093f678fbbb9,manganese_mg_100g,0.11
3316b6df-9f99-4571-ba2e-4e26112c269d,manganese_mg_100g,0.13
dfb9e001-42d6-45d1-adf9-1e1ef5b8b618,manganese_mg_100g,0.36
ac683f79-bc03-46e6-bf1a-0b224deab0f5,manganese_mg_100g,0.18
1e0718a6-48ba-4fd4-93c0-1ea52f162c9d,manganese_mg_100g,0.81
9448e2cd-16f6-448b-927f-d41bb963a4b5,manganese_mg_100g,0.38
23786e95-97bf-461b-8108-59f08f119dad,manganese_mg_100g,0.44
d8c6e29e-5eaa-401f-aa0a-dc74d777a907,manganese_mg_100g,0.67
3ffa59aa-e01d-4712-8f0d-d5f32d3e1ae1,manganese_mg_100g,0.39
f81df9f4-b6f1-4a5f-9091-9f483352c601,manganese_mg_100g,0.36
2d70d5a7-4248-41b0-b876-066c7cf60f44,manganese_mg_100g,0.07
952c1496-b636-4dd7-801a-f7ca9f204c7c,manganese_mg_100g,0.02
5d0e3e32-be42-46bf-94ad-13403cf6fa08,manganese_mg_100g,0.02
556c3a77-8cc1-4f91-8862-a1277fde9320,manganese_mg_100g,0.02
fcff9b94-2817-4101-af7a-d7fb3117c338,manganese_mg_100g,0.0
bcc613a8-72f2-455a-8126-953b1ec1685d,manganese_mg_100g,0.02
18a86eb1-0980-47d3-bf22-30b1cb43aa6a,manganese_mg_100g,0.05
d098a17d-e3b9-4c47-ab88-2a21e475e998,manganese_mg_100g,0.42
da378dc0-6e62-4923-aabb-126110ded991,manganese_mg_100g,1.84
99574f09-8377-49bd-a2c6-cf945ac2cc62,manganese_mg_100g,2.72
5cb37a41-7891-44a3-b90c-f6cdda409445,manganese_mg_100g,1.59
d1903e60-1cc6-4e1b-92d1-dfdc0dfc2da5,manganese_mg_100g,1.1
3d9f99f2-69c6-4e09-aaa5-d296d278f643,manganese_mg_100g,0.17
b6409eaf-e437-4b1d-a51b-540673e73a14,manganese_mg_100g,0.7
205b2afd-157e-4d0d-ba24-b08af3951198,manganese_mg_100g,0.31
91fc3f81-74fe-438a-aebe-56931dcec2c6,manganese_mg_100g,1.0
7351d18f-86e3-4c84-9de1-b79b89760af8,manganese_mg_100g,0.76
3fe9734c-c38f-42a6-85bf-f0281752e8ea,manganese_mg_100g,1.4
4c3d49b5-5471-432a-a259-b662b1f6b862,manganese_mg_100g,0.8
08226f84-c557-4eb0-b805-a7a4004d1fe3,manganese_mg_100g,1.6
0f29b08f-27ca-405b-ba3f-da4511d90c1f,manganese_mg_100g,4.72
29737eff-fbab-45b7-bdfe-51aba40f7b85,manganese_mg_100g,0.8
05eb140e-0246-47a8-b1d8-27f4957b3949,manganese_mg_100g,0.3
7b887f04-1988-44dd-b74e-66938372902a,manganese_mg_100g,0.01
4e1b279a-4454-414c-9241-c329e03f1995,manganese_mg_100g,0.011
81e5a2f9-3e0c-42c9-a071-c4df692e7f31,manganese_mg_100g,0.2
01e424c9-6471-46b7-8244-16c9a59bcc58,manganese_mg_100g,0.027
a2e8f29f-07e2-490f-93c5-92134ac4d00b,manganese_mg_100g,0.023
a9c3a0c2-605a-4103-a495-201402935bc5,manganese_mg_100g,0.75
3f144310-58a7-4fe6-9bf2-0ce9d99ee5be,manganese_mg_100g,0.011
738bd788-fd21-4363-9de0-ddc35b6813fa,manganese_mg_100g,0.1
861b94d9-60da-4f46-804c-0756f4330661,manganese_mg_100g,0.031
b5bfad5a-4a04-4ab6-8c8b-788397734cb2,manganese_mg_100g,0.022
9c0738ab-d020-4a98-9b81-af71f7c0b878,manganese_mg_100g,0.027
4d4af9ab-dd8c-4b49-be81-dd79ff210485,manganese_mg_100g,0.1
2eb62878-3eb9-42ea-9a63-2691148a217c,manganese_mg_100g,0.01
cc5e0af0-473e-4268-9bf2-bac740f2fab1,manganese_mg_100g,0.0031
ade5e763-3b9c-4947-af9d-7ff570546027,manganese_mg_100g,0.002
763a92df-6900-488d-a92a-eee913d830cb,manganese_mg_100g,0.0053
0e04f7a5-230a-4ef6-bfc3-d803435d33bd,manganese_mg_100g,0.0051
d62036e2-ba65-4a28-aad2-ee568cb4b498,manganese_mg_100g,0.031
6ff5f533-7197-4f48-b475-c16544a21db5,manganese_mg_100g,0.02
c1a9efe3-a0c5-4d04-b942-68d3fce22837,manganese_mg_100g,0.02
df607bfa-3921-4ac6-be34-119b349e9588,manganese_mg_100g,0.03
d281ed75-f3cd-4916-bd9d-7fc4fc48942b,manganese_mg_100g,0.01
8c68a448-5cf5-4ba4-834a-d6dd13f55496,manganese_mg_100g,0.00082
533c1962-b367-47ca-9d82-5910931fab39,manganese_mg_100g,0.77
e99c3905-a22c-45b7-b99d-5d45edec89b1,manganese_mg_100g,0.05
2b51cbcc-360d-4b29-aa3d-bc4c1a017f6c,manganese_mg_100g,0.094
fec29009-a951-4587-9265-27e240e03112,manganese_mg_100g,0.09
deb22a25-4fde-4ac9-a6c7-e17be1a3ba00,manganese_mg_100g,0.16
e1688763-0981-4614-a70c-b18893bcd53b,manganese_mg_100g,0.0063
36c30c73-3777-46ee-bfe2-87df2cde70d9,manganese_mg_100g,2.6
834d0ee9-e18e-454d-affb-bb0096078817,manganese_mg_100g,1.7
46abb1a9-f4c1-4dc1-8799-ac50ee190ee5,manganese_mg_100g,1.61
352d9c01-c3ee-411e-9813-9ce3eae4c698,manganese_mg_100g,0.6
e3fbdb74-16a8-4680-9cd0-16044b435725,manganese_mg_100g,0.01
e4f9dca3-4573-4d6e-8fec-6e0d8a7bb48f,manganese_mg_100g,0.11
274e083e-46d2-4cce-b79a-a3a711d81248,manganese_mg_100g,8.3
862f5667-0461-4212-9246-2a8104ee3288,manganese_mg_100g,15.0
5e615f07-5e6b-403b-b1f7-47d4df6c9ed7,manganese_mg_100g,17.5
9a652d31-eda3-4fe7-8e83-7ead894ca0e2,manganese_mg_100g,2.9
663312e9-6d02-4cfe-aaf7-8616a2b41629,manganese_mg_100g,7.0
1fb6ee8a-65e8-4da5-891f-9b1f64a1179a,manganese_mg_100g,0.85
85b41f4f-b07a-4a17-9044-d09b8d16ee60,manganese_mg_100g,1.7
c9ce1563-cea5-4ab9-b51b-c3951098bd35,manganese_mg_100g,1.15
0d565da3-5008-4699-a3a2-c13575d82d8a,manganese_mg_100g,0.22
940d778a-3303-4e51-83d5-dfdd64192939,manganese_mg_100g,5.2
e0dadf12-938f-45d9-a885-3e8df7ec3fe0,phosphorus_mg_100g,38.0
bd8d6fd3-2406-435d-9a92-c1546127e8e5,phosphorus_mg_100g,22.0
b05db49a-9212-44d3-9187-1da7870c1c9f,phosphorus_mg_100g,29.5
69da9d55-f3f4-4db3-8618-1fa505555874,phosphorus_mg_100g,26.6
e951267c-50f9-4470-b1c5-18656e75e013,phosphorus_mg_100g,31.0
970da6dd-6580-4081-8d47-0a1d30d16b6c,phosphorus_mg_100g,51.0
fcfdcc0b-9a9c-4e6c-a749-6de288235780,phosphorus_mg_100g,18.0
c75c5ce4-d2df-4f60-b94c-e97454df8e0d,phosphorus_mg_100g,65.0
94557fa4-d2b4-4a78-a3d3-5d0ba730d6bc,phosphorus_mg_100g,25.0
06462060-5201-41ec-a968-03c01edd23bc,phosphorus_mg_100g,44.0
b13e98d9-aaaf-4554-8177-8981f2ef0076,phosphorus_mg_100g,77.0
7e156dd4-2857-43bb-9aa2-e8273f5d4544,phosphorus_mg_100g,53.8
39ce4bb8-b5a4-42b5-96d9-fab0dac1a0dd,phosphorus_mg_100g,26.0
0261cb12-1fd6-46e1-9e3a-8064f63e6b45,phosphorus_mg_100g,29.0
2d0b224f-0e8c-469e-99e3-093f678fbbb9,phosphorus_mg_100g,28.0
3316b6df-9f99-4571-ba2e-4e26112c269d,phosphorus_mg_100g,35.0
dfb9e001-42d6-45d1-adf9-1e1ef5b8b618,phosphorus_mg_100g,26.0
ac683f79-bc03-46e6-bf1a-0b224deab0f5,phosphorus_mg_100g,29.0
1e0718a6-48ba-4fd4-93c0-1ea52f162c9d,phosphorus_mg_100g,30.0
9448e2cd-16f6-448b-927f-d41bb963a4b5,phosphorus_mg_100g,43.0
23786e95-97bf-461b-8108-59f08f119dad,phosphorus_mg_100g,150.0
d8c6e29e-5eaa-401f-aa0a-dc74d777a907,phosphorus_mg_100g,82.5
3ffa59aa-e01d-4712-8f0d-d5f32d3e1ae1,phosphorus_mg_100g,110.0
f81df9f4-b6f1-4a5f-9091-9f483352c601,phosphorus_mg_100g,29.0
2d70d5a7-4248-41b0-b876-066c7cf60f44,phosphorus_mg_100g,12.0
952c1496-b636-4dd7-801a-f7ca9f204c7c,phosphorus_mg_100g,38.0
5d0e3e32-be42-46bf-94ad-13403cf6fa08,phosphorus_mg_100g,9.7
556c3a77-8cc1-4f91-8862-a1277fde9320,phosphorus_mg_100g,17.0
fcff9b94-2817-4101-af7a-d7fb3117c338,phosphorus_mg_100g,13.0
bcc613a8-72f2-455a-8126-953b1ec1685d,phosphorus_mg_100g,7.8
18a86eb1-0980-47d3-bf22-30b1cb43aa6a,phosphorus_mg_100g,18.0
d098a17d-e3b9-4c47-ab88-2a21e475e998,phosphorus_mg_100g,32.6
da378dc0-6e62-4923-aabb-126110ded991,phosphorus_mg_100g,481.0
99574f09-8377-49bd-a2c6-cf945ac2cc62,phosphorus_mg_100g,860.0
5cb37a41-7891-44a3-b90c-f6cdda409445,phosphorus_mg_100g,333.0
d1903e60-1cc6-4e1b-92d1-dfdc0dfc2da5,phosphorus_mg_100g,120.0
3d9f99f2-69c6-4e09-aaa5-d296d278f643,phosphorus_mg_100g,35.0
b6409eaf-e437-4b1d-a51b-540673e73a14,phosphorus_mg_100g,180.0
205b2afd-157e-4d0d-ba24-b08af3951198,phosphorus_mg_100g,59.0
91fc3f81-74fe-438a-aebe-56931dcec2c6,phosphorus_mg_100g,88.0
7351d18f-86e3-4c84-9de1-b79b89760af8,phosphorus_mg_100g,110.0
3fe9734c-c38f-42a6-85bf-f0281752e8ea,phosphorus_mg_100g,39.0
4c3d49b5-5471-432a-a259-b662b1f6b862,phosphorus_mg_100g,260.0
08226f84-c557-4eb0-b805-a7a4004d1fe3,phosphorus_mg_100g,180.0
0f29b08f-27ca-405b-ba3f-da4511d90c1f,phosphorus_mg_100g,422.0
29737eff-fbab-45b7-bdfe-51aba40f7b85,phosphorus_mg_100g,124.0
05eb140e-0246-47a8-b1d8-27f4957b3949,phosphorus_mg_100g,72.0
30e0ee8d-4cf7-46bd-a62a-66714d8cd521,phosphorus_mg_100g,171.0
7b887f04-1988-44dd-b74e-66938372902a,phosphorus_mg_100g,270.0
4e1b279a-4454-414c-9241-c329e03f1995,phosphorus_mg_100g,184.0
81e5a2f9-3e0c-42c9-a071-c4df692e7f31,phosphorus_mg_100g,193.0
01e424c9-6471-46b7-8244-16c9a59bcc58,phosphorus_mg_100g,296.0
a2e8f29f-07e2-490f-93c5-92134ac4d00b,phosphorus_mg_100g,151.0
a9c3a0c2-605a-4103-a495-201402935bc5,phosphorus_mg_100g,231.0
3f144310-58a7-4fe6-9bf2-0ce9d99ee5be,phosphorus_mg_100g,14.7
738bd788-fd21-4363-9de0-ddc35b6813fa,phosphorus_mg_100g,121.0
861b94d9-60da-4f46-804c-0756f4330661,phosphorus_mg_100g,172.0
b5bfad5a-4a04-4ab6-8c8b-788397734cb2,phosphorus_mg_100g,165.0
9c0738ab-d020-4a98-9b81-af71f7c0b878,phosphorus_mg_100g,204.0
4d4af9ab-dd8c-4b49-be81-dd79ff210485,phosphorus_mg_100g,141.0
2eb62878-3eb9-42ea-9a63-2691148a217c,phosphorus_mg_100g,86.0
cc5e0af0-473e-4268-9bf2-bac740f2fab1,phosphorus_mg_100g,89.1
ade5e763-3b9c-4947-af9d-7ff570546027,phosphorus_mg_100g,96.0
763a92df-6900-488d-a92a-eee913d830cb,phosphorus_mg_100g,98.0
0e04f7a5-230a-4ef6-bfc3-d803435d33bd,phosphorus_mg_100g,116.0
d62036e2-ba65-4a28-aad2-ee568cb4b498,phosphorus_mg_100g,608.0
6ff5f533-7197-4f48-b475-c16544a21db5,phosphorus_mg_100g,630.0
c1a9efe3-a0c5-4d04-b942-68d3fce22837,phosphorus_mg_100g,190.0
df607bfa-3921-4ac6-be34-119b349e9588,phosphorus_mg_100g,354.0
d281ed75-f3cd-4916-bd9d-7fc4fc48942b,phosphorus_mg_100g,210.0
04382c90-f07b-4268-b358-f4936f5b8c78,phosphorus_mg_100g,71.0
8c68a448-5cf5-4ba4-834a-d6dd13f55496,phosphorus_mg_100g,0.0
533c1962-b367-47ca-9d82-5910931fab39,phosphorus_mg_100g,96.0
e99c3905-a22c-45b7-b99d-5d45edec89b1,phosphorus_mg_100g,16.0
2b51cbcc-360d-4b29-aa3d-bc4c1a017f6c,phosphorus_mg_100g,18.7
fec29009-a951-4587-9265-27e240e03112,phosphorus_mg_100g,13.9
deb22a25-4fde-4ac9-a6c7-e17be1a3ba00,phosphorus_mg_100g,5.6
e1688763-0981-4614-a70c-b18893bcd53b,phosphorus_mg_100g,0.0
36c30c73-3777-46ee-bfe2-87df2cde70d9,phosphorus_mg_100g,2.0
834d0ee9-e18e-454d-affb-bb0096078817,phosphorus_mg_100g,280.0
46abb1a9-f4c1-4dc1-8799-ac50ee190ee5,phosphorus_mg_100g,315.0
352d9c01-c3ee-411e-9813-9ce3eae4c698,phosphorus_mg_100g,62.5
e3fbdb74-16a8-4680-9cd0-16044b435725,phosphorus_mg_100g,0.3
e4f9dca3-4573-4d6e-8fec-6e0d8a7bb48f,phosphorus_mg_100g,30.0
274e083e-46d2-4cce-b79a-a3a711d81248,phosphorus_mg_100g,367.0
862f5667-0461-4212-9246-2a8104ee3288,phosphorus_mg_100g,170.0
5e615f07-5e6b-403b-b1f7-47d4df6c9ed7,phosphorus_mg_100g,64.0
9a652d31-eda3-4fe7-8e83-7ead894ca0e2,phosphorus_mg_100g,213.0
b7a54211-5e50-42ad-adcd-d45ecde57255,phosphorus_mg_100g,0.0
663312e9-6d02-4cfe-aaf7-8616a2b41629,phosphorus_mg_100g,26.0
1fb6ee8a-65e8-4da5-891f-9b1f64a1179a,phosphorus_mg_100g,46.3
85b41f4f-b07a-4a17-9044-d09b8d16ee60,phosphorus_mg_100g,65.0
c9ce1563-cea5-4ab9-b51b-c3951098bd35,phosphorus_mg_100g,66.5
0d565da3-5008-4699-a3a2-c13575d82d8a,phosphorus_mg_100g,140.0
940d778a-3303-4e51-83d5-dfdd64192939,phosphorus_mg_100g,297.0
e0dadf12-938f-45d9-a885-3e8df7ec3fe0,potassium_mg_100g,430.0
bd8d6fd3-2406-435d-9a92-c1546127e8e5,potassium_mg_100g,230.0
b05db49a-9212-44d3-9187-1da7870c1c9f,potassium_mg_100g,200.0
69da9d55-f3f4-4db3-8618-1fa505555874,potassium_mg_100g,256.0
e951267c-50f9-4470-b1c5-18656e75e013,potassium_mg_100g,330.0
970da6dd-6580-4081-8d47-0a1d30d16b6c,potassium_mg_100g,125.0
fcfdcc0b-9a9c-4e6c-a749-6de288235780,potassium_mg_100g,96.4
c75c5ce4-d2df-4f60-b94c-e97454df8e0d,potassium_mg_100g,238.0
94557fa4-d2b4-4a78-a3d3-5d0ba730d6bc,potassium_mg_100g,284.0
06462060-5201-41ec-a968-03c01edd23bc,potassium_mg_100g,220.0
b13e98d9-aaaf-4554-8177-8981f2ef0076,potassium_mg_100g,218.0
7e156dd4-2857-43bb-9aa2-e8273f5d4544,potassium_mg_100g,224.0
39ce4bb8-b5a4-42b5-96d9-fab0dac1a0dd,potassium_mg_100g,180.0
0261cb12-1fd6-46e1-9e3a-8064f63e6b45,potassium_mg_100g,117.0
2d0b224f-0e8c-469e-99e3-093f678fbbb9,potassium_mg_100g,218.0
3316b6df-9f99-4571-ba2e-4e26112c269d,potassium_mg_100g,270.0
dfb9e001-42d6-45d1-adf9-1e1ef5b8b618,potassium_mg_100g,260.0
ac683f79-bc03-46e6-bf1a-0b224deab0f5,potassium_mg_100g,310.0
1e0718a6-48ba-4fd4-93c0-1ea52f162c9d,potassium_mg_100g,160.0
9448e2cd-16f6-448b-927f-d41bb963a4b5,potassium_mg_100g,353.0
23786e95-97bf-461b-8108-59f08f119dad,potassium_mg_100g,300.0
d8c6e29e-5eaa-401f-aa0a-dc74d777a907,potassium_mg_100g,135.0
3ffa59aa-e01d-4712-8f0d-d5f32d3e1ae1,potassium_mg_100g,190.0
f81df9f4-b6f1-4a5f-9091-9f483352c601,potassium_mg_100g,320.0
2d70d5a7-4248-41b0-b876-066c7cf60f44,potassium_mg_100g,150.0
952c1496-b636-4dd7-801a-f7ca9f204c7c,potassium_mg_100g,180.0
5d0e3e32-be42-46bf-94ad-13403cf6fa08,potassium_mg_100g,100.0
556c3a77-8cc1-4f91-8862-a1277fde9320,potassium_mg_100g,140.0
fcff9b94-2817-4101-af7a-d7fb3117c338,potassium_mg_100g,150.0
bcc613a8-72f2-455a-8126-953b1ec1685d,potassium_mg_100g,91.0
18a86eb1-0980-47d3-bf22-30b1cb43aa6a,potassium_mg_100g,170.0
d098a17d-e3b9-4c47-ab88-2a21e475e998,potassium_mg_100g,225.0
da378dc0-6e62-4923-aabb-126110ded991,potassium_mg_100g,659.0
99574f09-8377-49bd-a2c6-cf945ac2cc62,potassium_mg_100g,407.0
5cb37a41-7891-44a3-b90c-f6cdda409445,potassium_mg_100g,629.0
d1903e60-1cc6-4e1b-92d1-dfdc0dfc2da5,potassium_mg_100g,43.0
3d9f99f2-69c6-4e09-aaa5-d296d278f643,potassium_mg_100g,16.0
b6409eaf-e437-4b1d-a51b-540673e73a14,potassium_mg_100g,220.0
205b2afd-157e-4d0d-ba24-b08af3951198,potassium_mg_100g,34.0
91fc3f81-74fe-438a-aebe-56931dcec2c6,potassium_mg_100g,61.0
7351d18f-86e3-4c84-9de1-b79b89760af8,potassium_mg_100g,65.0
3fe9734c-c38f-42a6-85bf-f0281752e8ea,potassium_mg_100g,184.0
4c3d49b5-5471-432a-a259-b662b1f6b862,potassium_mg_100g,320.0
08226f84-c557-4eb0-b805-a7a4004d1fe3,potassium_mg_100g,240.0
0f29b08f-27ca-405b-ba3f-da4511d90c1f,potassium_mg_100g,377.0
29737eff-fbab-45b7-bdfe-51aba40f7b85,potassium_mg_100g,176.0
05eb140e-0246-47a8-b1d8-27f4957b3949,potassium_mg_100g,120.0
7b887f04-1988-44dd-b74e-66938372902a,potassium_mg_100g,440.0
4e1b279a-4454-414c-9241-c329e03f1995,potassium_mg_100g,353.0
81e5a2f9-3e0c-42c9-a071-c4df692e7f31,potassium_mg_100g,362.0
01e424c9-6471-46b7-8244-16c9a59bcc58,potassium_mg_100g,428.0
a2e8f29f-07e2-490f-93c5-92134ac4d00b,potassium_mg_100g,239.0
a9c3a0c2-605a-4103-a495-201402935bc5,potassium_mg_100g,432.0
3f144310-58a7-4fe6-9bf2-0ce9d99ee5be,potassium_mg_100g,147.0
738bd788-fd21-4363-9de0-ddc35b6813fa,potassium_mg_100g,58.6
861b94d9-60da-4f46-804c-0756f4330661,potassium_mg_100g,120.0
b5bfad5a-4a04-4ab6-8c8b-788397734cb2,potassium_mg_100g,132.0
9c0738ab-d020-4a98-9b81-af71f7c0b878,potassium_mg_100g,134.0
4d4af9ab-dd8c-4b49-be81-dd79ff210485,potassium_mg_100g,43.0
2eb62878-3eb9-42ea-9a63-2691148a217c,potassium_mg_100g,160.0
cc5e0af0-473e-4268-9bf2-bac740f2fab1,potassium_mg_100g,167.0
ade5e763-3b9c-4947-af9d-7ff570546027,potassium_mg_100g,153.0
763a92df-6900-488d-a92a-eee913d830cb,potassium_mg_100g,176.0
0e04f7a5-230a-4ef6-bfc3-d803435d33bd,potassium_mg_100g,144.0
d62036e2-ba65-4a28-aad2-ee568cb4b498,potassium_mg_100g,101.0
6ff5f533-7197-4f48-b475-c16544a21db5,potassium_mg_100g,110.0
c1a9efe3-a0c5-4d04-b942-68d3fce22837,potassium_mg_100g,66.0
df607bfa-3921-4ac6-be34-119b349e9588,potassium_mg_100g,76.0
d281ed75-f3cd-4916-bd9d-7fc4fc48942b,potassium_mg_100g,17.0
04382c90-f07b-4268-b358-f4936f5b8c78,potassium_mg_100g,127.0
8c68a448-5cf5-4ba4-834a-d6dd13f55496,potassium_mg_100g,0.73
533c1962-b367-47ca-9d82-5910931fab39,potassium_mg_100g,220.0
e99c3905-a22c-45b7-b99d-5d45edec89b1,potassium_mg_100g,31.0
2b51cbcc-360d-4b29-aa3d-bc4c1a017f6c,potassium_mg_100g,118.0
fec29009-a951-4587-9265-27e240e03112,potassium_mg_100g,84.3
deb22a25-4fde-4ac9-a6c7-e17be1a3ba00,potassium_mg_100g,70.3
e1688763-0981-4614-a70c-b18893bcd53b,potassium_mg_100g,13.5
36c30c73-3777-46ee-bfe2-87df2cde70d9,potassium_mg_100g,219.0
834d0ee9-e18e-454d-affb-bb0096078817,potassium_mg_100g,750.0
46abb1a9-f4c1-4dc1-8799-ac50ee190ee5,potassium_mg_100g,460.0
352d9c01-c3ee-411e-9813-9ce3eae4c698,potassium_mg_100g,188.0
e3fbdb74-16a8-4680-9cd0-16044b435725,potassium_mg_100g,0.3
e4f9dca3-4573-4d6e-8fec-6e0d8a7bb48f,potassium_mg_100g,160.0
ac82c478-aeb7-4b4d-abf6-8c5ff6207732,potassium_mg_100g,103.0
274e083e-46d2-4cce-b79a-a3a711d81248,potassium_mg_100g,1170.0
862f5667-0461-4212-9246-2a8104ee3288,potassium_mg_100g,1600.0
5e615f07-5e6b-403b-b1f7-47d4df6c9ed7,potassium_mg_100g,431.0
9a652d31-eda3-4fe7-8e83-7ead894ca0e2,potassium_mg_100g,350.0
663312e9-6d02-4cfe-aaf7-8616a2b41629,potassium_mg_100g,320.0
1fb6ee8a-65e8-4da5-891f-9b1f64a1179a,potassium_mg_100g,275.0
85b41f4f-b07a-4a17-9044-d09b8d16ee60,potassium_mg_100g,598.0
c9ce1563-cea5-4ab9-b51b-c3951098bd35,potassium_mg_100g,514.0
0d565da3-5008-4699-a3a2-c13575d82d8a,potassium_mg_100g,490.0
940d778a-3303-4e51-83d5-dfdd64192939,potassium_mg_100g,1970.0
e0dadf12-938f-45d9-a885-3e8df7ec3fe0,selenium_ug_100g,20.0
bd8d6fd3-2406-435d-9a92-c1546127e8e5,selenium_ug_100g,20.0
b05db49a-9212-44d3-9187-1da7870c1c9f,selenium_ug_100g,2.33
69da9d55-f3f4-4db3-8618-1fa505555874,selenium_ug_100g,10.0
e951267c-50f9-4470-b1c5-18656e75e013,selenium_ug_100g,20.0
970da6dd-6580-4081-8d47-0a1d30d16b6c,selenium_ug_100g,2.58
fcfdcc0b-9a9c-4e6c-a749-6de288235780,selenium_ug_100g,2.97
c75c5ce4-d2df-4f60-b94c-e97454df8e0d,selenium_ug_100g,10.0
94557fa4-d2b4-4a78-a3d3-5d0ba730d6bc,selenium_ug_100g,2.58
06462060-5201-41ec-a968-03c01edd23bc,selenium_ug_100g,10.0
7e156dd4-2857-43bb-9aa2-e8273f5d4544,selenium_ug_100g,10.0
2d0b224f-0e8c-469e-99e3-093f678fbbb9,selenium_ug_100g,0.18
3316b6df-9f99-4571-ba2e-4e26112c269d,selenium_ug_100g,20.0
dfb9e001-42d6-45d1-adf9-1e1ef5b8b618,selenium_ug_100g,20.0
ac683f79-bc03-46e6-bf1a-0b224deab0f5,selenium_ug_100g,20.0
1e0718a6-48ba-4fd4-93c0-1ea52f162c9d,selenium_ug_100g,20.0
23786e95-97bf-461b-8108-59f08f119dad,selenium_ug_100g,20.0
d8c6e29e-5eaa-401f-aa0a-dc74d777a907,selenium_ug_100g,23.3
3ffa59aa-e01d-4712-8f0d-d5f32d3e1ae1,selenium_ug_100g,20.0
f81df9f4-b6f1-4a5f-9091-9f483352c601,selenium_ug_100g,20.0
2d70d5a7-4248-41b0-b876-066c7cf60f44,selenium_ug_100g,20.0
952c1496-b636-4dd7-801a-f7ca9f204c7c,selenium_ug_100g,20.0
5d0e3e32-be42-46bf-94ad-13403cf6fa08,selenium_ug_100g,20.0
556c3a77-8cc1-4f91-8862-a1277fde9320,selenium_ug_100g,20.0
fcff9b94-2817-4101-af7a-d7fb3117c338,selenium_ug_100g,1.0
bcc613a8-72f2-455a-8126-953b1ec1685d,selenium_ug_100g,20.0
18a86eb1-0980-47d3-bf22-30b1cb43aa6a,selenium_ug_100g,20.0
d098a17d-e3b9-4c47-ab88-2a21e475e998,selenium_ug_100g,0.35
5cb37a41-7891-44a3-b90c-f6cdda409445,selenium_ug_100g,6.9
d1903e60-1cc6-4e1b-92d1-dfdc0dfc2da5,selenium_ug_100g,20.0
3d9f99f2-69c6-4e09-aaa5-d296d278f643,selenium_ug_100g,20.0
b6409eaf-e437-4b1d-a51b-540673e73a14,selenium_ug_100g,20.0
205b2afd-157e-4d0d-ba24-b08af3951198,selenium_ug_100g,20.0
7351d18f-86e3-4c84-9de1-b79b89760af8,selenium_ug_100g,20.0
3fe9734c-c38f-42a6-85bf-f0281752e8ea,selenium_ug_100g,5.0
4c3d49b5-5471-432a-a259-b662b1f6b862,selenium_ug_100g,12.8
08226f84-c557-4eb0-b805-a7a4004d1fe3,selenium_ug_100g,20.0
0f29b08f-27ca-405b-ba3f-da4511d90c1f,selenium_ug_100g,3.05
29737eff-fbab-45b7-bdfe-51aba40f7b85,selenium_ug_100g,4.4
05eb140e-0246-47a8-b1d8-27f4957b3949,selenium_ug_100g,20.0
30e0ee8d-4cf7-46bd-a62a-66714d8cd521,selenium_ug_100g,4.1
7b887f04-1988-44dd-b74e-66938372902a,selenium_ug_100g,20.0
4e1b279a-4454-414c-9241-c329e03f1995,selenium_ug_100g,6.72
81e5a2f9-3e0c-42c9-a071-c4df692e7f31,selenium_ug_100g,10.4
a2e8f29f-07e2-490f-93c5-92134ac4d00b,selenium_ug_100g,9.76
a9c3a0c2-605a-4103-a495-201402935bc5,selenium_ug_100g,51.8
3f144310-58a7-4fe6-9bf2-0ce9d99ee5be,selenium_ug_100g,6.1
738bd788-fd21-4363-9de0-ddc35b6813fa,selenium_ug_100g,76.4
861b94d9-60da-4f46-804c-0756f4330661,selenium_ug_100g,7.01
b5bfad5a-4a04-4ab6-8c8b-788397734cb2,selenium_ug_100g,22.5
9c0738ab-d020-4a98-9b81-af71f7c0b878,selenium_ug_100g,2.58
4d4af9ab-dd8c-4b49-be81-dd79ff210485,selenium_ug_100g,83.5
2eb62878-3eb9-42ea-9a63-2691148a217c,selenium_ug_100g,20.0
cc5e0af0-473e-4268-9bf2-bac740f2fab1,selenium_ug_100g,10.0
ade5e763-3b9c-4947-af9d-7ff570546027,selenium_ug_100g,3.35
763a92df-6900-488d-a92a-eee913d830cb,selenium_ug_100g,3.35
0e04f7a5-230a-4ef6-bfc3-d803435d33bd,selenium_ug_100g,3.35
d62036e2-ba65-4a28-aad2-ee568cb4b498,selenium_ug_100g,5.33
6ff5f533-7197-4f48-b475-c16544a21db5,selenium_ug_100g,20.0
c1a9efe3-a0c5-4d04-b942-68d3fce22837,selenium_ug_100g,20.0
df607bfa-3921-4ac6-be34-119b349e9588,selenium_ug_100g,16.3
d281ed75-f3cd-4916-bd9d-7fc4fc48942b,selenium_ug_100g,20.0
533c1962-b367-47ca-9d82-5910931fab39,selenium_ug_100g,3.0
e99c3905-a22c-45b7-b99d-5d45edec89b1,selenium_ug_100g,20.0
2b51cbcc-360d-4b29-aa3d-bc4c1a017f6c,selenium_ug_100g,2.2
fec29009-a951-4587-9265-27e240e03112,selenium_ug_100g,20.0
deb22a25-4fde-4ac9-a6c7-e17be1a3ba00,selenium_ug_100g,10.0
e1688763-0981-4614-a70c-b18893bcd53b,selenium_ug_100g,10.0
834d0ee9-e18e-454d-affb-bb0096078817,selenium_ug_100g,20.0
46abb1a9-f4c1-4dc1-8799-ac50ee190ee5,selenium_ug_100g,7.45
352d9c01-c3ee-411e-9813-9ce3eae4c698,selenium_ug_100g,5.0
e3fbdb74-16a8-4680-9cd0-16044b435725,selenium_ug_100g,20.0
e4f9dca3-4573-4d6e-8fec-6e0d8a7bb48f,selenium_ug_100g,20.0
862f5667-0461-4212-9246-2a8104ee3288,selenium_ug_100g,20.0
5e615f07-5e6b-403b-b1f7-47d4df6c9ed7,selenium_ug_100g,3.1
9a652d31-eda3-4fe7-8e83-7ead894ca0e2,selenium_ug_100g,1.6
663312e9-6d02-4cfe-aaf7-8616a2b41629,selenium_ug_100g,20.0
1fb6ee8a-65e8-4da5-891f-9b1f64a1179a,selenium_ug_100g,0.35
85b41f4f-b07a-4a17-9044-d09b8d16ee60,selenium_ug_100g,0.1
c9ce1563-cea5-4ab9-b51b-c3951098bd35,selenium_ug_100g,0.5
0d565da3-5008-4699-a3a2-c13575d82d8a,selenium_ug_100g,20.0
940d778a-3303-4e51-83d5-dfdd64192939,selenium_ug_100g,4.4
e0dadf12-938f-45d9-a885-3e8df7ec3fe0,sodium_mg_100g,6.0
bd8d6fd3-2406-435d-9a92-c1546127e8e5,sodium_mg_100g,43.0
b05db49a-9212-44d3-9187-1da7870c1c9f,sodium_mg_100g,8.47
69da9d55-f3f4-4db3-8618-1fa505555874,sodium_mg_100g,3.22
e951267c-50f9-4470-b1c5-18656e75e013,sodium_mg_100g,5.0
970da6dd-6580-4081-8d47-0a1d30d16b6c,sodium_mg_100g,39.0
fcfdcc0b-9a9c-4e6c-a749-6de288235780,sodium_mg_100g,20.2
c75c5ce4-d2df-4f60-b94c-e97454df8e0d,sodium_mg_100g,39.0
94557fa4-d2b4-4a78-a3d3-5d0ba730d6bc,sodium_mg_100g,91.0
06462060-5201-41ec-a968-03c01edd23bc,sodium_mg_100g,8.4
b13e98d9-aaaf-4554-8177-8981f2ef0076,sodium_mg_100g,1.0
7e156dd4-2857-43bb-9aa2-e8273f5d4544,sodium_mg_100g,236.0
0261cb12-1fd6-46e1-9e3a-8064f63e6b45,sodium_mg_100g,4.0
2d0b224f-0e8c-469e-99e3-093f678fbbb9,sodium_mg_100g,11.0
f4621eaf-aab9-4967-a365-2dee2b2ec1d3,sodium_mg_100g,350.0
3316b6df-9f99-4571-ba2e-4e26112c269d,sodium_mg_100g,5.0
dfb9e001-42d6-45d1-adf9-1e1ef5b8b618,sodium_mg_100g,5.0
ac683f79-bc03-46e6-bf1a-0b224deab0f5,sodium_mg_100g,5.0
1e0718a6-48ba-4fd4-93c0-1ea52f162c9d,sodium_mg_100g,12.0
9448e2cd-16f6-448b-927f-d41bb963a4b5,sodium_mg_100g,31.5
23786e95-97bf-461b-8108-59f08f119dad,sodium_mg_100g,8.4
d8c6e29e-5eaa-401f-aa0a-dc74d777a907,sodium_mg_100g,216.0
3ffa59aa-e01d-4712-8f0d-d5f32d3e1ae1,sodium_mg_100g,5.0
f81df9f4-b6f1-4a5f-9091-9f483352c601,sodium_mg_100g,5.0
2d70d5a7-4248-41b0-b876-066c7cf60f44,sodium_mg_100g,5.0
952c1496-b636-4dd7-801a-f7ca9f204c7c,sodium_mg_100g,5.0
5d0e3e32-be42-46bf-94ad-13403cf6fa08,sodium_mg_100g,5.0
556c3a77-8cc1-4f91-8862-a1277fde9320,sodium_mg_100g,5.0
fcff9b94-2817-4101-af7a-d7fb3117c338,sodium_mg_100g,3.0
bcc613a8-72f2-455a-8126-953b1ec1685d,sodium_mg_100g,5.0
18a86eb1-0980-47d3-bf22-30b1cb43aa6a,sodium_mg_100g,5.0
d098a17d-e3b9-4c47-ab88-2a21e475e998,sodium_mg_100g,3.0
da378dc0-6e62-4923-aabb-126110ded991,sodium_mg_100g,19.0
99574f09-8377-49bd-a2c6-cf945ac2cc62,sodium_mg_100g,16.0
5cb37a41-7891-44a3-b90c-f6cdda409445,sodium_mg_100g,388.0
d1903e60-1cc6-4e1b-92d1-dfdc0dfc2da5,sodium_mg_100g,5.0
3d9f99f2-69c6-4e09-aaa5-d296d278f643,sodium_mg_100g,5.0
b6409eaf-e437-4b1d-a51b-540673e73a14,sodium_mg_100g,6.0
205b2afd-157e-4d0d-ba24-b08af3951198,sodium_mg_100g,5.0
91fc3f81-74fe-438a-aebe-56931dcec2c6,sodium_mg_100g,16.8
7351d18f-86e3-4c84-9de1-b79b89760af8,sodium_mg_100g,5.0
3fe9734c-c38f-42a6-85bf-f0281752e8ea,sodium_mg_100g,402.0
4c3d49b5-5471-432a-a259-b662b1f6b862,sodium_mg_100g,4.0
08226f84-c557-4eb0-b805-a7a4004d1fe3,sodium_mg_100g,448.0
0f29b08f-27ca-405b-ba3f-da4511d90c1f,sodium_mg_100g,5.68
29737eff-fbab-45b7-bdfe-51aba40f7b85,sodium_mg_100g,12.0
05eb140e-0246-47a8-b1d8-27f4957b3949,sodium_mg_100g,500.0
7b887f04-1988-44dd-b74e-66938372902a,sodium_mg_100g,56.0
4e1b279a-4454-414c-9241-c329e03f1995,sodium_mg_100g,37.8
81e5a2f9-3e0c-42c9-a071-c4df692e7f31,sodium_mg_100g,749.0
01e424c9-6471-46b7-8244-16c9a59bcc58,sodium_mg_100g,1040.0
28f898ab-dc19-4905-9ff6-62d5477600f7,sodium_mg_100g,313.0
a2e8f29f-07e2-490f-93c5-92134ac4d00b,sodium_mg_100g,114.0
a9c3a0c2-605a-4103-a495-201402935bc5,sodium_mg_100g,625.0
3f144310-58a7-4fe6-9bf2-0ce9d99ee5be,sodium_mg_100g,155.0
738bd788-fd21-4363-9de0-ddc35b6813fa,sodium_mg_100g,14.0
861b94d9-60da-4f46-804c-0756f4330661,sodium_mg_100g,123.0
b5bfad5a-4a04-4ab6-8c8b-788397734cb2,sodium_mg_100g,145.0
9c0738ab-d020-4a98-9b81-af71f7c0b878,sodium_mg_100g,124.0
4d4af9ab-dd8c-4b49-be81-dd79ff210485,sodium_mg_100g,19.1
2eb62878-3eb9-42ea-9a63-2691148a217c,sodium_mg_100g,35.0
cc5e0af0-473e-4268-9bf2-bac740f2fab1,sodium_mg_100g,36.0
ade5e763-3b9c-4947-af9d-7ff570546027,sodium_mg_100g,31.0
763a92df-6900-488d-a92a-eee913d830cb,sodium_mg_100g,43.0
323a942d-3817-4317-8a01-e1099026f744,sodium_mg_100g,34.5
0e04f7a5-230a-4ef6-bfc3-d803435d33bd,sodium_mg_100g,44.3
d62036e2-ba65-4a28-aad2-ee568cb4b498,sodium_mg_100g,320.0
6ff5f533-7197-4f48-b475-c16544a21db5,sodium_mg_100g,628.0
c1a9efe3-a0c5-4d04-b942-68d3fce22837,sodium_mg_100g,908.0
df607bfa-3921-4ac6-be34-119b349e9588,sodium_mg_100g,240.0
d281ed75-f3cd-4916-bd9d-7fc4fc48942b,sodium_mg_100g,197.0
04382c90-f07b-4268-b358-f4936f5b8c78,sodium_mg_100g,60.0
8c68a448-5cf5-4ba4-834a-d6dd13f55496,sodium_mg_100g,2.4
533c1962-b367-47ca-9d82-5910931fab39,sodium_mg_100g,30.0
e99c3905-a22c-45b7-b99d-5d45edec89b1,sodium_mg_100g,20.5
2b51cbcc-360d-4b29-aa3d-bc4c1a017f6c,sodium_mg_100g,1.01
fec29009-a951-4587-9265-27e240e03112,sodium_mg_100g,2.5
deb22a25-4fde-4ac9-a6c7-e17be1a3ba00,sodium_mg_100g,4.11
e1688763-0981-4614-a70c-b18893bcd53b,sodium_mg_100g,2.17
36c30c73-3777-46ee-bfe2-87df2cde70d9,sodium_mg_100g,6.57
834d0ee9-e18e-454d-affb-bb0096078817,sodium_mg_100g,8.0
46abb1a9-f4c1-4dc1-8799-ac50ee190ee5,sodium_mg_100g,100.0
352d9c01-c3ee-411e-9813-9ce3eae4c698,sodium_mg_100g,520.0
1db8868c-7aea-4358-8e8e-f2f33f427798,sodium_mg_100g,178.0
e3fbdb74-16a8-4680-9cd0-16044b435725,sodium_mg_100g,5.0
e4f9dca3-4573-4d6e-8fec-6e0d8a7bb48f,sodium_mg_100g,738.0
ac82c478-aeb7-4b4d-abf6-8c5ff6207732,sodium_mg_100g,37700.0
274e083e-46d2-4cce-b79a-a3a711d81248,sodium_mg_100g,52.0
862f5667-0461-4212-9246-2a8104ee3288,sodium_mg_100g,14.2
5e615f07-5e6b-403b-b1f7-47d4df6c9ed7,sodium_mg_100g,10.0
9a652d31-eda3-4fe7-8e83-7ead894ca0e2,sodium_mg_100g,16.0
b7a54211-5e50-42ad-adcd-d45ecde57255,sodium_mg_100g,0.0
663312e9-6d02-4cfe-aaf7-8616a2b41629,sodium_mg_100g,6.3
1fb6ee8a-65e8-4da5-891f-9b1f64a1179a,sodium_mg_100g,11.5
85b41f4f-b07a-4a17-9044-d09b8d16ee60,sodium_mg_100g,54.3
c9ce1563-cea5-4ab9-b51b-c3951098bd35,sodium_mg_100g,30.5
0d565da3-5008-4699-a3a2-c13575d82d8a,sodium_mg_100g,5.0
940d778a-3303-4e51-83d5-dfdd64192939,sodium_mg_100g,35.0
e0dadf12-938f-45d9-a885-3e8df7ec3fe0,zinc_mg_100g,0.43
bd8d6fd3-2406-435d-9a92-c1546127e8e5,zinc_mg_100g,0.18
b05db49a-9212-44d3-9187-1da7870c1c9f,zinc_mg_100g,0.2
69da9d55-f3f4-4db3-8618-1fa505555874,zinc_mg_100g,0.087
e951267c-50f9-4470-b1c5-18656e75e013,zinc_mg_100g,0.18
970da6dd-6580-4081-8d47-0a1d30d16b6c,zinc_mg_100g,0.1
fcfdcc0b-9a9c-4e6c-a749-6de288235780,zinc_mg_100g,0.1
c75c5ce4-d2df-4f60-b94c-e97454df8e0d,zinc_mg_100g,0.22
94557fa4-d2b4-4a78-a3d3-5d0ba730d6bc,zinc_mg_100g,0.077
06462060-5201-41ec-a968-03c01edd23bc,zinc_mg_100g,0.19
b13e98d9-aaaf-4554-8177-8981f2ef0076,zinc_mg_100g,0.62
7e156dd4-2857-43bb-9aa2-e8273f5d4544,zinc_mg_100g,0.39
39ce4bb8-b5a4-42b5-96d9-fab0dac1a0dd,zinc_mg_100g,0.2
0261cb12-1fd6-46e1-9e3a-8064f63e6b45,zinc_mg_100g,1.33
2d0b224f-0e8c-469e-99e3-093f678fbbb9,zinc_mg_100g,0.14
3316b6df-9f99-4571-ba2e-4e26112c269d,zinc_mg_100g,0.21
dfb9e001-42d6-45d1-adf9-1e1ef5b8b618,zinc_mg_100g,0.21
ac683f79-bc03-46e6-bf1a-0b224deab0f5,zinc_mg_100g,0.11
1e0718a6-48ba-4fd4-93c0-1ea52f162c9d,zinc_mg_100g,0.79
9448e2cd-16f6-448b-927f-d41bb963a4b5,zinc_mg_100g,0.26
23786e95-97bf-461b-8108-59f08f119dad,zinc_mg_100g,0.94
d8c6e29e-5eaa-401f-aa0a-dc74d777a907,zinc_mg_100g,0.93
3ffa59aa-e01d-4712-8f0d-d5f32d3e1ae1,zinc_mg_100g,1.3
f81df9f4-b6f1-4a5f-9091-9f483352c601,zinc_mg_100g,0.14
2d70d5a7-4248-41b0-b876-066c7cf60f44,zinc_mg_100g,0.11
952c1496-b636-4dd7-801a-f7ca9f204c7c,zinc_mg_100g,0.25
5d0e3e32-be42-46bf-94ad-13403cf6fa08,zinc_mg_100g,0.09
556c3a77-8cc1-4f91-8862-a1277fde9320,zinc_mg_100g,0.07
fcff9b94-2817-4101-af7a-d7fb3117c338,zinc_mg_100g,0.1
bcc613a8-72f2-455a-8126-953b1ec1685d,zinc_mg_100g,0.05
18a86eb1-0980-47d3-bf22-30b1cb43aa6a,zinc_mg_100g,0.1
d098a17d-e3b9-4c47-ab88-2a21e475e998,zinc_mg_100g,0.22
da378dc0-6e62-4923-aabb-126110ded991,zinc_mg_100g,2.97
99574f09-8377-49bd-a2c6-cf945ac2cc62,zinc_mg_100g,4.58
5cb37a41-7891-44a3-b90c-f6cdda409445,zinc_mg_100g,2.76
d1903e60-1cc6-4e1b-92d1-dfdc0dfc2da5,zinc_mg_100g,0.62
3d9f99f2-69c6-4e09-aaa5-d296d278f643,zinc_mg_100g,0.26
b6409eaf-e437-4b1d-a51b-540673e73a14,zinc_mg_100g,1.2
205b2afd-157e-4d0d-ba24-b08af3951198,zinc_mg_100g,0.47
91fc3f81-74fe-438a-aebe-56931dcec2c6,zinc_mg_100g,1.0
7351d18f-86e3-4c84-9de1-b79b89760af8,zinc_mg_100g,0.99
3fe9734c-c38f-42a6-85bf-f0281752e8ea,zinc_mg_100g,0.5
4c3d49b5-5471-432a-a259-b662b1f6b862,zinc_mg_100g,1.9
08226f84-c557-4eb0-b805-a7a4004d1fe3,zinc_mg_100g,1.4
0f29b08f-27ca-405b-ba3f-da4511d90c1f,zinc_mg_100g,3.33
29737eff-fbab-45b7-bdfe-51aba40f7b85,zinc_mg_100g,0.8
05eb140e-0246-47a8-b1d8-27f4957b3949,zinc_mg_100g,0.41
30e0ee8d-4cf7-46bd-a62a-66714d8cd521,zinc_mg_100g,9.7
7b887f04-1988-44dd-b74e-66938372902a,zinc_mg_100g,0.72
4e1b279a-4454-414c-9241-c329e03f1995,zinc_mg_100g,4.54
81e5a2f9-3e0c-42c9-a071-c4df692e7f31,zinc_mg_100g,2.0
01e424c9-6471-46b7-8244-16c9a59bcc58,zinc_mg_100g,1.7
a2e8f29f-07e2-490f-93c5-92134ac4d00b,zinc_mg_100g,0.85
a9c3a0c2-605a-4103-a495-201402935bc5,zinc_mg_100g,2.05
3f144310-58a7-4fe6-9bf2-0ce9d99ee5be,zinc_mg_100g,0.025
738bd788-fd21-4363-9de0-ddc35b6813fa,zinc_mg_100g,1.4
861b94d9-60da-4f46-804c-0756f4330661,zinc_mg_100g,1.27
b5bfad5a-4a04-4ab6-8c8b-788397734cb2,zinc_mg_100g,1.04
9c0738ab-d020-4a98-9b81-af71f7c0b878,zinc_mg_100g,1.01
4d4af9ab-dd8c-4b49-be81-dd79ff210485,zinc_mg_100g,1.1
2eb62878-3eb9-42ea-9a63-2691148a217c,zinc_mg_100g,0.38
cc5e0af0-473e-4268-9bf2-bac740f2fab1,zinc_mg_100g,0.39
ade5e763-3b9c-4947-af9d-7ff570546027,zinc_mg_100g,0.41
763a92df-6900-488d-a92a-eee913d830cb,zinc_mg_100g,0.39
0e04f7a5-230a-4ef6-bfc3-d803435d33bd,zinc_mg_100g,0.49
d62036e2-ba65-4a28-aad2-ee568cb4b498,zinc_mg_100g,4.89
6ff5f533-7197-4f48-b475-c16544a21db5,zinc_mg_100g,3.9
c1a9efe3-a0c5-4d04-b942-68d3fce22837,zinc_mg_100g,1.2
df607bfa-3921-4ac6-be34-119b349e9588,zinc_mg_100g,2.92
d281ed75-f3cd-4916-bd9d-7fc4fc48942b,zinc_mg_100g,2.1
8c68a448-5cf5-4ba4-834a-d6dd13f55496,zinc_mg_100g,0.011
533c1962-b367-47ca-9d82-5910931fab39,zinc_mg_100g,0.56
e99c3905-a22c-45b7-b99d-5d45edec89b1,zinc_mg_100g,0.11
2b51cbcc-360d-4b29-aa3d-bc4c1a017f6c,zinc_mg_100g,0.13
fec29009-a951-4587-9265-27e240e03112,zinc_mg_100g,0.05
deb22a25-4fde-4ac9-a6c7-e17be1a3ba00,zinc_mg_100g,0.098
e1688763-0981-4614-a70c-b18893bcd53b,zinc_mg_100g,0.02
36c30c73-3777-46ee-bfe2-87df2cde70d9,zinc_mg_100g,1.09
834d0ee9-e18e-454d-affb-bb0096078817,zinc_mg_100g,3.0
46abb1a9-f4c1-4dc1-8799-ac50ee190ee5,zinc_mg_100g,1.86
352d9c01-c3ee-411e-9813-9ce3eae4c698,zinc_mg_100g,1.6
e3fbdb74-16a8-4680-9cd0-16044b435725,zinc_mg_100g,0.05
e4f9dca3-4573-4d6e-8fec-6e0d8a7bb48f,zinc_mg_100g,0.17
274e083e-46d2-4cce-b79a-a3a711d81248,zinc_mg_100g,4.7
862f5667-0461-4212-9246-2a8104ee3288,zinc_mg_100g,0.99
5e615f07-5e6b-403b-b1f7-47d4df6c9ed7,zinc_mg_100g,1.83
9a652d31-eda3-4fe7-8e83-7ead894ca0e2,zinc_mg_100g,2.15
663312e9-6d02-4cfe-aaf7-8616a2b41629,zinc_mg_100g,0.24
1fb6ee8a-65e8-4da5-891f-9b1f64a1179a,zinc_mg_100g,0.45
85b41f4f-b07a-4a17-9044-d09b8d16ee60,zinc_mg_100g,0.77
c9ce1563-cea5-4ab9-b51b-c3951098bd35,zinc_mg_100g,1.1
0d565da3-5008-4699-a3a2-c13575d82d8a,zinc_mg_100g,0.73
940d778a-3303-4e51-83d5-dfdd64192939,zinc_mg_100g,5.47
e0dadf12-938f-45d9-a885-3e8df7ec3fe0,vitamin_a_retinol_ug_100g,0.0
bd8d6fd3-2406-435d-9a92-c1546127e8e5,vitamin_a_retinol_ug_100g,0.0
b05db49a-9212-44d3-9187-1da7870c1c9f,vitamin_a_retinol_ug_100g,0.0
69da9d55-f3f4-4db3-8618-1fa505555874,vitamin_a_retinol_ug_100g,0.0
e951267c-50f9-4470-b1c5-18656e75e013,vitamin_a_retinol_ug_100g,0.0
970da6dd-6580-4081-8d47-0a1d30d16b6c,vitamin_a_retinol_ug_100g,0.0
fcfdcc0b-9a9c-4e6c-a749-6de288235780,vitamin_a_retinol_ug_100g,0.0
c75c5ce4-d2df-4f60-b94c-e97454df8e0d,vitamin_a_retinol_ug_100g,0.0
94557fa4-d2b4-4a78-a3d3-5d0ba730d6bc,vitamin_a_retinol_ug_100g,0.0
06462060-5201-41ec-a968-03c01edd23bc,vitamin_a_retinol_ug_100g,0.0
b13e98d9-aaaf-4554-8177-8981f2ef0076,vitamin_a_retinol_ug_100g,0.0
7e156dd4-2857-43bb-9aa2-e8273f5d4544,vitamin_a_retinol_ug_100g,0.0
39ce4bb8-b5a4-42b5-96d9-fab0dac1a0dd,vitamin_a_retinol_ug_100g,0.0
0261cb12-1fd6-46e1-9e3a-8064f63e6b45,vitamin_a_retinol_ug_100g,0.0
2d0b224f-0e8c-469e-99e3-093f678fbbb9,vitamin_a_retinol_ug_100g,0.0
9448e2cd-16f6-448b-927f-d41bb963a4b5,vitamin_a_retinol_ug_100g,0.0
23786e95-97bf-461b-8108-59f08f119dad,vitamin_a_retinol_ug_100g,0.0
d8c6e29e-5eaa-401f-aa0a-dc74d777a907,vitamin_a_retinol_ug_100g,0.0
f81df9f4-b6f1-4a5f-9091-9f483352c601,vitamin_a_retinol_ug_100g,0.0
2d70d5a7-4248-41b0-b876-066c7cf60f44,vitamin_a_retinol_ug_100g,0.0
952c1496-b636-4dd7-801a-f7ca9f204c7c,vitamin_a_retinol_ug_100g,0.0
5d0e3e32-be42-46bf-94ad-13403cf6fa08,vitamin_a_retinol_ug_100g,0.0
556c3a77-8cc1-4f91-8862-a1277fde9320,vitamin_a_retinol_ug_100g,0.0
fcff9b94-2817-4101-af7a-d7fb3117c338,vitamin_a_retinol_ug_100g,0.0
d098a17d-e3b9-4c47-ab88-2a21e475e998,vitamin_a_retinol_ug_100g,0.0
da378dc0-6e62-4923-aabb-126110ded991,vitamin_a_retinol_ug_100g,0.0
5cb37a41-7891-44a3-b90c-f6cdda409445,vitamin_a_retinol_ug_100g,0.0
d1903e60-1cc6-4e1b-92d1-dfdc0dfc2da5,vitamin_a_retinol_ug_100g,0.0
3d9f99f2-69c6-4e09-aaa5-d296d278f643,vitamin_a_retinol_ug_100g,0.0
b6409eaf-e437-4b1d-a51b-540673e73a14,vitamin_a_retinol_ug_100g,0.0
205b2afd-157e-4d0d-ba24-b08af3951198,vitamin_a_retinol_ug_100g,0.0
91fc3f81-74fe-438a-aebe-56931dcec2c6,vitamin_a_retinol_ug_100g,2.0
7351d18f-86e3-4c84-9de1-b79b89760af8,vitamin_a_retinol_ug_100g,0.0
3fe9734c-c38f-42a6-85bf-f0281752e8ea,vitamin_a_retinol_ug_100g,2.0
08226f84-c557-4eb0-b805-a7a4004d1fe3,vitamin_a_retinol_ug_100g,0.0
0f29b08f-27ca-405b-ba3f-da4511d90c1f,vitamin_a_retinol_ug_100g,0.0
7b887f04-1988-44dd-b74e-66938372902a,vitamin_a_retinol_ug_100g,21.0
4e1b279a-4454-414c-9241-c329e03f1995,vitamin_a_retinol_ug_100g,4.0
81e5a2f9-3e0c-42c9-a071-c4df692e7f31,vitamin_a_retinol_ug_100g,0.0
01e424c9-6471-46b7-8244-16c9a59bcc58,vitamin_a_retinol_ug_100g,0.0
a2e8f29f-07e2-490f-93c5-92134ac4d00b,vitamin_a_retinol_ug_100g,2.05
a9c3a0c2-605a-4103-a495-201402935bc5,vitamin_a_retinol_ug_100g,81.0
3f144310-58a7-4fe6-9bf2-0ce9d99ee5be,vitamin_a_retinol_ug_100g,0.0
738bd788-fd21-4363-9de0-ddc35b6813fa,vitamin_a_retinol_ug_100g,263.0
861b94d9-60da-4f46-804c-0756f4330661,vitamin_a_retinol_ug_100g,61.5
b5bfad5a-4a04-4ab6-8c8b-788397734cb2,vitamin_a_retinol_ug_100g,159.0
9c0738ab-d020-4a98-9b81-af71f7c0b878,vitamin_a_retinol_ug_100g,182.0
4d4af9ab-dd8c-4b49-be81-dd79ff210485,vitamin_a_retinol_ug_100g,336.0
2eb62878-3eb9-42ea-9a63-2691148a217c,vitamin_a_retinol_ug_100g,36.8
cc5e0af0-473e-4268-9bf2-bac740f2fab1,vitamin_a_retinol_ug_100g,19.2
ade5e763-3b9c-4947-af9d-7ff570546027,vitamin_a_retinol_ug_100g,13.2
763a92df-6900-488d-a92a-eee913d830cb,vitamin_a_retinol_ug_100g,11.0
0e04f7a5-230a-4ef6-bfc3-d803435d33bd,vitamin_a_retinol_ug_100g,4.0
d62036e2-ba65-4a28-aad2-ee568cb4b498,vitamin_a_retinol_ug_100g,262.0
6ff5f533-7197-4f48-b475-c16544a21db5,vitamin_a_retinol_ug_100g,334.0
c1a9efe3-a0c5-4d04-b942-68d3fce22837,vitamin_a_retinol_ug_100g,215.0
df607bfa-3921-4ac6-be34-119b349e9588,vitamin_a_retinol_ug_100g,174.0
d281ed75-f3cd-4916-bd9d-7fc4fc48942b,vitamin_a_retinol_ug_100g,141.0
8c68a448-5cf5-4ba4-834a-d6dd13f55496,vitamin_a_retinol_ug_100g,0.0
533c1962-b367-47ca-9d82-5910931fab39,vitamin_a_retinol_ug_100g,0.0
e99c3905-a22c-45b7-b99d-5d45edec89b1,vitamin_a_retinol_ug_100g,0.0
2b51cbcc-360d-4b29-aa3d-bc4c1a017f6c,vitamin_a_retinol_ug_100g,0.0
fec29009-a951-4587-9265-27e240e03112,vitamin_a_retinol_ug_100g,0.0
deb22a25-4fde-4ac9-a6c7-e17be1a3ba00,vitamin_a_retinol_ug_100g,0.0
e1688763-0981-4614-a70c-b18893bcd53b,vitamin_a_retinol_ug_100g,0.0
36c30c73-3777-46ee-bfe2-87df2cde70d9,vitamin_a_retinol_ug_100g,0.0
834d0ee9-e18e-454d-affb-bb0096078817,vitamin_a_retinol_ug_100g,21.0
46abb1a9-f4c1-4dc1-8799-ac50ee190ee5,vitamin_a_retinol_ug_100g,0.0
352d9c01-c3ee-411e-9813-9ce3eae4c698,vitamin_a_retinol_ug_100g,2.0
e3fbdb74-16a8-4680-9cd0-16044b435725,vitamin_a_retinol_ug_100g,0.0
274e083e-46d2-4cce-b79a-a3a711d81248,vitamin_a_retinol_ug_100g,0.0
862f5667-0461-4212-9246-2a8104ee3288,vitamin_a_retinol_ug_100g,0.0
5e615f07-5e6b-403b-b1f7-47d4df6c9ed7,vitamin_a_retinol_ug_100g,0.0
9a652d31-eda3-4fe7-8e83-7ead894ca0e2,vitamin_a_retinol_ug_100g,0.0
663312e9-6d02-4cfe-aaf7-8616a2b41629,vitamin_a_retinol_ug_100g,0.0
1fb6ee8a-65e8-4da5-891f-9b1f64a1179a,vitamin_a_retinol_ug_100g,0.0
85b41f4f-b07a-4a17-9044-d09b8d16ee60,vitamin_a_retinol_ug_100g,2.0
c9ce1563-cea5-4ab9-b51b-c3951098bd35,vitamin_a_retinol_ug_100g,0.0
940d778a-3303-4e51-83d5-dfdd64192939,vitamin_a_retinol_ug_100g,0.0
e0dadf12-938f-45d9-a885-3e8df7ec3fe0,beta_carotene_ug_100g,5.0
bd8d6fd3-2406-435d-9a92-c1546127e8e5,beta_carotene_ug_100g,8290.0
b05db49a-9212-44d3-9187-1da7870c1c9f,beta_carotene_ug_100g,3640.0
69da9d55-f3f4-4db3-8618-1fa505555874,beta_carotene_ug_100g,449.0
e951267c-50f9-4470-b1c5-18656e75e013,beta_carotene_ug_100g,1360.0
970da6dd-6580-4081-8d47-0a1d30d16b6c,beta_carotene_ug_100g,312.0
fcfdcc0b-9a9c-4e6c-a749-6de288235780,beta_carotene_ug_100g,3340.0
c75c5ce4-d2df-4f60-b94c-e97454df8e0d,beta_carotene_ug_100g,173.0
94557fa4-d2b4-4a78-a3d3-5d0ba730d6bc,beta_carotene_ug_100g,313.0
06462060-5201-41ec-a968-03c01edd23bc,beta_carotene_ug_100g,50.0
b13e98d9-aaaf-4554-8177-8981f2ef0076,beta_carotene_ug_100g,66.0
7e156dd4-2857-43bb-9aa2-e8273f5d4544,beta_carotene_ug_100g,22.0
0261cb12-1fd6-46e1-9e3a-8064f63e6b45,beta_carotene_ug_100g,0.0
2d0b224f-0e8c-469e-99e3-093f678fbbb9,beta_carotene_ug_100g,293.0
3316b6df-9f99-4571-ba2e-4e26112c269d,beta_carotene_ug_100g,5.0
dfb9e001-42d6-45d1-adf9-1e1ef5b8b618,beta_carotene_ug_100g,137.0
ac683f79-bc03-46e6-bf1a-0b224deab0f5,beta_carotene_ug_100g,567.0
1e0718a6-48ba-4fd4-93c0-1ea52f162c9d,beta_carotene_ug_100g,6680.0
9448e2cd-16f6-448b-927f-d41bb963a4b5,beta_carotene_ug_100g,10500.0
23786e95-97bf-461b-8108-59f08f119dad,beta_carotene_ug_100g,5.0
d8c6e29e-5eaa-401f-aa0a-dc74d777a907,beta_carotene_ug_100g,11.5
3ffa59aa-e01d-4712-8f0d-d5f32d3e1ae1,beta_carotene_ug_100g,12.5
f81df9f4-b6f1-4a5f-9091-9f483352c601,beta_carotene_ug_100g,28.5
2d70d5a7-4248-41b0-b876-066c7cf60f44,beta_carotene_ug_100g,864.0
952c1496-b636-4dd7-801a-f7ca9f204c7c,beta_carotene_ug_100g,5.0
5d0e3e32-be42-46bf-94ad-13403cf6fa08,beta_carotene_ug_100g,1220.0
556c3a77-8cc1-4f91-8862-a1277fde9320,beta_carotene_ug_100g,539.0
bcc613a8-72f2-455a-8126-953b1ec1685d,beta_carotene_ug_100g,11.6
18a86eb1-0980-47d3-bf22-30b1cb43aa6a,beta_carotene_ug_100g,5.0
d098a17d-e3b9-4c47-ab88-2a21e475e998,beta_carotene_ug_100g,49.5
da378dc0-6e62-4923-aabb-126110ded991,beta_carotene_ug_100g,4.0
5cb37a41-7891-44a3-b90c-f6cdda409445,beta_carotene_ug_100g,0.0
d1903e60-1cc6-4e1b-92d1-dfdc0dfc2da5,beta_carotene_ug_100g,5.0
3d9f99f2-69c6-4e09-aaa5-d296d278f643,beta_carotene_ug_100g,5.0
b6409eaf-e437-4b1d-a51b-540673e73a14,beta_carotene_ug_100g,5.0
205b2afd-157e-4d0d-ba24-b08af3951198,beta_carotene_ug_100g,5.0
91fc3f81-74fe-438a-aebe-56931dcec2c6,beta_carotene_ug_100g,50.0
7351d18f-86e3-4c84-9de1-b79b89760af8,beta_carotene_ug_100g,5.0
08226f84-c557-4eb0-b805-a7a4004d1fe3,beta_carotene_ug_100g,5.0
0f29b08f-27ca-405b-ba3f-da4511d90c1f,beta_carotene_ug_100g,0.0
05eb140e-0246-47a8-b1d8-27f4957b3949,beta_carotene_ug_100g,54.8
30e0ee8d-4cf7-46bd-a62a-66714d8cd521,beta_carotene_ug_100g,0.0
7b887f04-1988-44dd-b74e-66938372902a,beta_carotene_ug_100g,0.0
4e1b279a-4454-414c-9241-c329e03f1995,beta_carotene_ug_100g,0.0
81e5a2f9-3e0c-42c9-a071-c4df692e7f31,beta_carotene_ug_100g,0.0
01e424c9-6471-46b7-8244-16c9a59bcc58,beta_carotene_ug_100g,0.0
a2e8f29f-07e2-490f-93c5-92134ac4d00b,beta_carotene_ug_100g,76.5
a9c3a0c2-605a-4103-a495-201402935bc5,beta_carotene_ug_100g,0.0
3f144310-58a7-4fe6-9bf2-0ce9d99ee5be,beta_carotene_ug_100g,0.0
738bd788-fd21-4363-9de0-ddc35b6813fa,beta_carotene_ug_100g,106.0
861b94d9-60da-4f46-804c-0756f4330661,beta_carotene_ug_100g,11.0
b5bfad5a-4a04-4ab6-8c8b-788397734cb2,beta_carotene_ug_100g,26.0
9c0738ab-d020-4a98-9b81-af71f7c0b878,beta_carotene_ug_100g,0.0
4d4af9ab-dd8c-4b49-be81-dd79ff210485,beta_carotene_ug_100g,88.0
cc5e0af0-473e-4268-9bf2-bac740f2fab1,beta_carotene_ug_100g,9.45
ade5e763-3b9c-4947-af9d-7ff570546027,beta_carotene_ug_100g,8.33
763a92df-6900-488d-a92a-eee913d830cb,beta_carotene_ug_100g,6.0
0e04f7a5-230a-4ef6-bfc3-d803435d33bd,beta_carotene_ug_100g,3.0
d62036e2-ba65-4a28-aad2-ee568cb4b498,beta_carotene_ug_100g,33.0
6ff5f533-7197-4f48-b475-c16544a21db5,beta_carotene_ug_100g,26.7
df607bfa-3921-4ac6-be34-119b349e9588,beta_carotene_ug_100g,57.0
d281ed75-f3cd-4916-bd9d-7fc4fc48942b,beta_carotene_ug_100g,170.0
8c68a448-5cf5-4ba4-834a-d6dd13f55496,beta_carotene_ug_100g,0.0
533c1962-b367-47ca-9d82-5910931fab39,beta_carotene_ug_100g,0.0
e99c3905-a22c-45b7-b99d-5d45edec89b1,beta_carotene_ug_100g,5.0
2b51cbcc-360d-4b29-aa3d-bc4c1a017f6c,beta_carotene_ug_100g,1.0
fec29009-a951-4587-9265-27e240e03112,beta_carotene_ug_100g,0.0
deb22a25-4fde-4ac9-a6c7-e17be1a3ba00,beta_carotene_ug_100g,0.0
e1688763-0981-4614-a70c-b18893bcd53b,beta_carotene_ug_100g,0.0
36c30c73-3777-46ee-bfe2-87df2cde70d9,beta_carotene_ug_100g,0.0
834d0ee9-e18e-454d-affb-bb0096078817,beta_carotene_ug_100g,5.0
46abb1a9-f4c1-4dc1-8799-ac50ee190ee5,beta_carotene_ug_100g,8.0
e3fbdb74-16a8-4680-9cd0-16044b435725,beta_carotene_ug_100g,210.0
e4f9dca3-4573-4d6e-8fec-6e0d8a7bb48f,beta_carotene_ug_100g,1720.0
274e083e-46d2-4cce-b79a-a3a711d81248,beta_carotene_ug_100g,11.0
862f5667-0461-4212-9246-2a8104ee3288,beta_carotene_ug_100g,608.0
5e615f07-5e6b-403b-b1f7-47d4df6c9ed7,beta_carotene_ug_100g,112.0
9a652d31-eda3-4fe7-8e83-7ead894ca0e2,beta_carotene_ug_100g,28.0
663312e9-6d02-4cfe-aaf7-8616a2b41629,beta_carotene_ug_100g,43.0
1fb6ee8a-65e8-4da5-891f-9b1f64a1179a,beta_carotene_ug_100g,1610.0
85b41f4f-b07a-4a17-9044-d09b8d16ee60,beta_carotene_ug_100g,5050.0
c9ce1563-cea5-4ab9-b51b-c3951098bd35,beta_carotene_ug_100g,740.0
0d565da3-5008-4699-a3a2-c13575d82d8a,beta_carotene_ug_100g,5.0
e0dadf12-938f-45d9-a885-3e8df7ec3fe0,vitamin_d_ug_100g,0.0
bd8d6fd3-2406-435d-9a92-c1546127e8e5,vitamin_d_ug_100g,0.0
b05db49a-9212-44d3-9187-1da7870c1c9f,vitamin_d_ug_100g,0.0
69da9d55-f3f4-4db3-8618-1fa505555874,vitamin_d_ug_100g,0.0
e951267c-50f9-4470-b1c5-18656e75e013,vitamin_d_ug_100g,0.0
970da6dd-6580-4081-8d47-0a1d30d16b6c,vitamin_d_ug_100g,0.0
fcfdcc0b-9a9c-4e6c-a749-6de288235780,vitamin_d_ug_100g,0.0
c75c5ce4-d2df-4f60-b94c-e97454df8e0d,vitamin_d_ug_100g,0.0
94557fa4-d2b4-4a78-a3d3-5d0ba730d6bc,vitamin_d_ug_100g,0.0
06462060-5201-41ec-a968-03c01edd23bc,vitamin_d_ug_100g,0.0
b13e98d9-aaaf-4554-8177-8981f2ef0076,vitamin_d_ug_100g,0.0
7e156dd4-2857-43bb-9aa2-e8273f5d4544,vitamin_d_ug_100g,0.0
0261cb12-1fd6-46e1-9e3a-8064f63e6b45,vitamin_d_ug_100g,0.7
2d0b224f-0e8c-469e-99e3-093f678fbbb9,vitamin_d_ug_100g,0.0
9448e2cd-16f6-448b-927f-d41bb963a4b5,vitamin_d_ug_100g,0.0
23786e95-97bf-461b-8108-59f08f119dad,vitamin_d_ug_100g,0.25
d8c6e29e-5eaa-401f-aa0a-dc74d777a907,vitamin_d_ug_100g,0.0
3ffa59aa-e01d-4712-8f0d-d5f32d3e1ae1,vitamin_d_ug_100g,0.25
f81df9f4-b6f1-4a5f-9091-9f483352c601,vitamin_d_ug_100g,0.0
2d70d5a7-4248-41b0-b876-066c7cf60f44,vitamin_d_ug_100g,0.0
952c1496-b636-4dd7-801a-f7ca9f204c7c,vitamin_d_ug_100g,0.0
5d0e3e32-be42-46bf-94ad-13403cf6fa08,vitamin_d_ug_100g,0.0
556c3a77-8cc1-4f91-8862-a1277fde9320,vitamin_d_ug_100g,0.0
fcff9b94-2817-4101-af7a-d7fb3117c338,vitamin_d_ug_100g,0.0
d098a17d-e3b9-4c47-ab88-2a21e475e998,vitamin_d_ug_100g,0.0
da378dc0-6e62-4923-aabb-126110ded991,vitamin_d_ug_100g,0.0
5cb37a41-7891-44a3-b90c-f6cdda409445,vitamin_d_ug_100g,0.0
d1903e60-1cc6-4e1b-92d1-dfdc0dfc2da5,vitamin_d_ug_100g,0.0
3d9f99f2-69c6-4e09-aaa5-d296d278f643,vitamin_d_ug_100g,0.0
b6409eaf-e437-4b1d-a51b-540673e73a14,vitamin_d_ug_100g,0.0
205b2afd-157e-4d0d-ba24-b08af3951198,vitamin_d_ug_100g,0.0
91fc3f81-74fe-438a-aebe-56931dcec2c6,vitamin_d_ug_100g,0.2
7351d18f-86e3-4c84-9de1-b79b89760af8,vitamin_d_ug_100g,0.0
3fe9734c-c38f-42a6-85bf-f0281752e8ea,vitamin_d_ug_100g,0.5
08226f84-c557-4eb0-b805-a7a4004d1fe3,vitamin_d_ug_100g,0.86
0f29b08f-27ca-405b-ba3f-da4511d90c1f,vitamin_d_ug_100g,0.0
05eb140e-0246-47a8-b1d8-27f4957b3949,vitamin_d_ug_100g,0.25
7b887f04-1988-44dd-b74e-66938372902a,vitamin_d_ug_100g,0.25
4e1b279a-4454-414c-9241-c329e03f1995,vitamin_d_ug_100g,0.25
81e5a2f9-3e0c-42c9-a071-c4df692e7f31,vitamin_d_ug_100g,0.5
01e424c9-6471-46b7-8244-16c9a59bcc58,vitamin_d_ug_100g,1.1
a2e8f29f-07e2-490f-93c5-92134ac4d00b,vitamin_d_ug_100g,0.06
a9c3a0c2-605a-4103-a495-201402935bc5,vitamin_d_ug_100g,0.0
3f144310-58a7-4fe6-9bf2-0ce9d99ee5be,vitamin_d_ug_100g,0.0
738bd788-fd21-4363-9de0-ddc35b6813fa,vitamin_d_ug_100g,2.11
861b94d9-60da-4f46-804c-0756f4330661,vitamin_d_ug_100g,1.12
b5bfad5a-4a04-4ab6-8c8b-788397734cb2,vitamin_d_ug_100g,1.8
9c0738ab-d020-4a98-9b81-af71f7c0b878,vitamin_d_ug_100g,1.88
4d4af9ab-dd8c-4b49-be81-dd79ff210485,vitamin_d_ug_100g,2.0
2eb62878-3eb9-42ea-9a63-2691148a217c,vitamin_d_ug_100g,0.81
cc5e0af0-473e-4268-9bf2-bac740f2fab1,vitamin_d_ug_100g,0.5
ade5e763-3b9c-4947-af9d-7ff570546027,vitamin_d_ug_100g,0.085
763a92df-6900-488d-a92a-eee913d830cb,vitamin_d_ug_100g,0.8
0e04f7a5-230a-4ef6-bfc3-d803435d33bd,vitamin_d_ug_100g,0.2
d62036e2-ba65-4a28-aad2-ee568cb4b498,vitamin_d_ug_100g,0.44
6ff5f533-7197-4f48-b475-c16544a21db5,vitamin_d_ug_100g,0.25
c1a9efe3-a0c5-4d04-b942-68d3fce22837,vitamin_d_ug_100g,0.25
df607bfa-3921-4ac6-be34-119b349e9588,vitamin_d_ug_100g,0.4
d281ed75-f3cd-4916-bd9d-7fc4fc48942b,vitamin_d_ug_100g,0.25
8c68a448-5cf5-4ba4-834a-d6dd13f55496,vitamin_d_ug_100g,0.0
533c1962-b367-47ca-9d82-5910931fab39,vitamin_d_ug_100g,0.0
e99c3905-a22c-45b7-b99d-5d45edec89b1,vitamin_d_ug_100g,0.25
2b51cbcc-360d-4b29-aa3d-bc4c1a017f6c,vitamin_d_ug_100g,0.0
fec29009-a951-4587-9265-27e240e03112,vitamin_d_ug_100g,0.0
deb22a25-4fde-4ac9-a6c7-e17be1a3ba00,vitamin_d_ug_100g,0.0
e1688763-0981-4614-a70c-b18893bcd53b,vitamin_d_ug_100g,0.0
36c30c73-3777-46ee-bfe2-87df2cde70d9,vitamin_d_ug_100g,0.0
834d0ee9-e18e-454d-affb-bb0096078817,vitamin_d_ug_100g,2.16
46abb1a9-f4c1-4dc1-8799-ac50ee190ee5,vitamin_d_ug_100g,0.5
352d9c01-c3ee-411e-9813-9ce3eae4c698,vitamin_d_ug_100g,0.5
e3fbdb74-16a8-4680-9cd0-16044b435725,vitamin_d_ug_100g,0.25
274e083e-46d2-4cce-b79a-a3a711d81248,vitamin_d_ug_100g,0.0
862f5667-0461-4212-9246-2a8104ee3288,vitamin_d_ug_100g,0.25
5e615f07-5e6b-403b-b1f7-47d4df6c9ed7,vitamin_d_ug_100g,0.0
9a652d31-eda3-4fe7-8e83-7ead894ca0e2,vitamin_d_ug_100g,0.0
663312e9-6d02-4cfe-aaf7-8616a2b41629,vitamin_d_ug_100g,0.25
1fb6ee8a-65e8-4da5-891f-9b1f64a1179a,vitamin_d_ug_100g,0.0
85b41f4f-b07a-4a17-9044-d09b8d16ee60,vitamin_d_ug_100g,0.0
c9ce1563-cea5-4ab9-b51b-c3951098bd35,vitamin_d_ug_100g,0.0
0d565da3-5008-4699-a3a2-c13575d82d8a,vitamin_d_ug_100g,0.25
940d778a-3303-4e51-83d5-dfdd64192939,vitamin_d_ug_100g,0.0
e0dadf12-938f-45d9-a885-3e8df7ec3fe0,vitamin_e_mg_100g,2.23
bd8d6fd3-2406-435d-9a92-c1546127e8e5,vitamin_e_mg_100g,0.27
b05db49a-9212-44d3-9187-1da7870c1c9f,vitamin_e_mg_100g,0.18
69da9d55-f3f4-4db3-8618-1fa505555874,vitamin_e_mg_100g,0.66
e951267c-50f9-4470-b1c5-18656e75e013,vitamin_e_mg_100g,0.4
970da6dd-6580-4081-8d47-0a1d30d16b6c,vitamin_e_mg_100g,0.9
fcfdcc0b-9a9c-4e6c-a749-6de288235780,vitamin_e_mg_100g,0.56
c75c5ce4-d2df-4f60-b94c-e97454df8e0d,vitamin_e_mg_100g,0.12
94557fa4-d2b4-4a78-a3d3-5d0ba730d6bc,vitamin_e_mg_100g,0.35
06462060-5201-41ec-a968-03c01edd23bc,vitamin_e_mg_100g,0.015
b13e98d9-aaaf-4554-8177-8981f2ef0076,vitamin_e_mg_100g,0.09
7e156dd4-2857-43bb-9aa2-e8273f5d4544,vitamin_e_mg_100g,0.29
39ce4bb8-b5a4-42b5-96d9-fab0dac1a0dd,vitamin_e_mg_100g,0.9
0261cb12-1fd6-46e1-9e3a-8064f63e6b45,vitamin_e_mg_100g,0.0
2d0b224f-0e8c-469e-99e3-093f678fbbb9,vitamin_e_mg_100g,0.56
3316b6df-9f99-4571-ba2e-4e26112c269d,vitamin_e_mg_100g,0.11
dfb9e001-42d6-45d1-adf9-1e1ef5b8b618,vitamin_e_mg_100g,0.08
ac683f79-bc03-46e6-bf1a-0b224deab0f5,vitamin_e_mg_100g,1.09
1e0718a6-48ba-4fd4-93c0-1ea52f162c9d,vitamin_e_mg_100g,3.98
9448e2cd-16f6-448b-927f-d41bb963a4b5,vitamin_e_mg_100g,0.83
23786e95-97bf-461b-8108-59f08f119dad,vitamin_e_mg_100g,0.08
d8c6e29e-5eaa-401f-aa0a-dc74d777a907,vitamin_e_mg_100g,0.29
f81df9f4-b6f1-4a5f-9091-9f483352c601,vitamin_e_mg_100g,0.08
2d70d5a7-4248-41b0-b876-066c7cf60f44,vitamin_e_mg_100g,2.05
952c1496-b636-4dd7-801a-f7ca9f204c7c,vitamin_e_mg_100g,0.19
5d0e3e32-be42-46bf-94ad-13403cf6fa08,vitamin_e_mg_100g,0.08
556c3a77-8cc1-4f91-8862-a1277fde9320,vitamin_e_mg_100g,0.08
bcc613a8-72f2-455a-8126-953b1ec1685d,vitamin_e_mg_100g,0.08
18a86eb1-0980-47d3-bf22-30b1cb43aa6a,vitamin_e_mg_100g,0.28
d098a17d-e3b9-4c47-ab88-2a21e475e998,vitamin_e_mg_100g,0.67
da378dc0-6e62-4923-aabb-126110ded991,vitamin_e_mg_100g,23.8
99574f09-8377-49bd-a2c6-cf945ac2cc62,vitamin_e_mg_100g,0.5
5cb37a41-7891-44a3-b90c-f6cdda409445,vitamin_e_mg_100g,6.9
d1903e60-1cc6-4e1b-92d1-dfdc0dfc2da5,vitamin_e_mg_100g,0.08
3d9f99f2-69c6-4e09-aaa5-d296d278f643,vitamin_e_mg_100g,0.08
b6409eaf-e437-4b1d-a51b-540673e73a14,vitamin_e_mg_100g,0.88
205b2afd-157e-4d0d-ba24-b08af3951198,vitamin_e_mg_100g,0.08
91fc3f81-74fe-438a-aebe-56931dcec2c6,vitamin_e_mg_100g,0.1
7351d18f-86e3-4c84-9de1-b79b89760af8,vitamin_e_mg_100g,0.08
3fe9734c-c38f-42a6-85bf-f0281752e8ea,vitamin_e_mg_100g,0.92
4c3d49b5-5471-432a-a259-b662b1f6b862,vitamin_e_mg_100g,1.7
08226f84-c557-4eb0-b805-a7a4004d1fe3,vitamin_e_mg_100g,0.29
0f29b08f-27ca-405b-ba3f-da4511d90c1f,vitamin_e_mg_100g,0.59
29737eff-fbab-45b7-bdfe-51aba40f7b85,vitamin_e_mg_100g,0.5
05eb140e-0246-47a8-b1d8-27f4957b3949,vitamin_e_mg_100g,0.27
30e0ee8d-4cf7-46bd-a62a-66714d8cd521,vitamin_e_mg_100g,0.51
7b887f04-1988-44dd-b74e-66938372902a,vitamin_e_mg_100g,0.11
4e1b279a-4454-414c-9241-c329e03f1995,vitamin_e_mg_100g,0.2
81e5a2f9-3e0c-42c9-a071-c4df692e7f31,vitamin_e_mg_100g,0.25
01e424c9-6471-46b7-8244-16c9a59bcc58,vitamin_e_mg_100g,0.34
a2e8f29f-07e2-490f-93c5-92134ac4d00b,vitamin_e_mg_100g,0.64
a9c3a0c2-605a-4103-a495-201402935bc5,vitamin_e_mg_100g,1.0
3f144310-58a7-4fe6-9bf2-0ce9d99ee5be,vitamin_e_mg_100g,0.0
738bd788-fd21-4363-9de0-ddc35b6813fa,vitamin_e_mg_100g,5.0
861b94d9-60da-4f46-804c-0756f4330661,vitamin_e_mg_100g,1.03
b5bfad5a-4a04-4ab6-8c8b-788397734cb2,vitamin_e_mg_100g,0.98
9c0738ab-d020-4a98-9b81-af71f7c0b878,vitamin_e_mg_100g,1.43
4d4af9ab-dd8c-4b49-be81-dd79ff210485,vitamin_e_mg_100g,3.89
2eb62878-3eb9-42ea-9a63-2691148a217c,vitamin_e_mg_100g,2.02
cc5e0af0-473e-4268-9bf2-bac740f2fab1,vitamin_e_mg_100g,0.13
ade5e763-3b9c-4947-af9d-7ff570546027,vitamin_e_mg_100g,0.041
763a92df-6900-488d-a92a-eee913d830cb,vitamin_e_mg_100g,0.076
d62036e2-ba65-4a28-aad2-ee568cb4b498,vitamin_e_mg_100g,0.52
6ff5f533-7197-4f48-b475-c16544a21db5,vitamin_e_mg_100g,0.17
c1a9efe3-a0c5-4d04-b942-68d3fce22837,vitamin_e_mg_100g,0.4
df607bfa-3921-4ac6-be34-119b349e9588,vitamin_e_mg_100g,0.19
d281ed75-f3cd-4916-bd9d-7fc4fc48942b,vitamin_e_mg_100g,0.28
8c68a448-5cf5-4ba4-834a-d6dd13f55496,vitamin_e_mg_100g,0.0
533c1962-b367-47ca-9d82-5910931fab39,vitamin_e_mg_100g,0.7
e99c3905-a22c-45b7-b99d-5d45edec89b1,vitamin_e_mg_100g,0.96
2b51cbcc-360d-4b29-aa3d-bc4c1a017f6c,vitamin_e_mg_100g,0.0
fec29009-a951-4587-9265-27e240e03112,vitamin_e_mg_100g,0.0
deb22a25-4fde-4ac9-a6c7-e17be1a3ba00,vitamin_e_mg_100g,0.0
e1688763-0981-4614-a70c-b18893bcd53b,vitamin_e_mg_100g,0.0
36c30c73-3777-46ee-bfe2-87df2cde70d9,vitamin_e_mg_100g,0.0
834d0ee9-e18e-454d-affb-bb0096078817,vitamin_e_mg_100g,0.67
46abb1a9-f4c1-4dc1-8799-ac50ee190ee5,vitamin_e_mg_100g,4.6
352d9c01-c3ee-411e-9813-9ce3eae4c698,vitamin_e_mg_100g,0.28
1db8868c-7aea-4358-8e8e-f2f33f427798,vitamin_e_mg_100g,1.22
e3fbdb74-16a8-4680-9cd0-16044b435725,vitamin_e_mg_100g,22.3
e4f9dca3-4573-4d6e-8fec-6e0d8a7bb48f,vitamin_e_mg_100g,3.72
274e083e-46d2-4cce-b79a-a3a711d81248,vitamin_e_mg_100g,25.2
862f5667-0461-4212-9246-2a8104ee3288,vitamin_e_mg_100g,1.93
5e615f07-5e6b-403b-b1f7-47d4df6c9ed7,vitamin_e_mg_100g,2.32
9a652d31-eda3-4fe7-8e83-7ead894ca0e2,vitamin_e_mg_100g,0.0
663312e9-6d02-4cfe-aaf7-8616a2b41629,vitamin_e_mg_100g,0.75
1fb6ee8a-65e8-4da5-891f-9b1f64a1179a,vitamin_e_mg_100g,0.99
85b41f4f-b07a-4a17-9044-d09b8d16ee60,vitamin_e_mg_100g,1.73
c9ce1563-cea5-4ab9-b51b-c3951098bd35,vitamin_e_mg_100g,5.0
0d565da3-5008-4699-a3a2-c13575d82d8a,vitamin_e_mg_100g,0.44
940d778a-3303-4e51-83d5-dfdd64192939,vitamin_e_mg_100g,1.69
e0dadf12-938f-45d9-a885-3e8df7ec3fe0,vitamin_k1_ug_100g,14.5
bd8d6fd3-2406-435d-9a92-c1546127e8e5,vitamin_k1_ug_100g,2.96
b05db49a-9212-44d3-9187-1da7870c1c9f,vitamin_k1_ug_100g,123.0
69da9d55-f3f4-4db3-8618-1fa505555874,vitamin_k1_ug_100g,7.9
e951267c-50f9-4470-b1c5-18656e75e013,vitamin_k1_ug_100g,2.83
970da6dd-6580-4081-8d47-0a1d30d16b6c,vitamin_k1_ug_100g,141.0
fcfdcc0b-9a9c-4e6c-a749-6de288235780,vitamin_k1_ug_100g,13.7
c75c5ce4-d2df-4f60-b94c-e97454df8e0d,vitamin_k1_ug_100g,4.2
94557fa4-d2b4-4a78-a3d3-5d0ba730d6bc,vitamin_k1_ug_100g,37.8
06462060-5201-41ec-a968-03c01edd23bc,vitamin_k1_ug_100g,0.4
b13e98d9-aaaf-4554-8177-8981f2ef0076,vitamin_k1_ug_100g,0.4
7e156dd4-2857-43bb-9aa2-e8273f5d4544,vitamin_k1_ug_100g,0.0
0261cb12-1fd6-46e1-9e3a-8064f63e6b45,vitamin_k1_ug_100g,0.0
2d0b224f-0e8c-469e-99e3-093f678fbbb9,vitamin_k1_ug_100g,2.8
3316b6df-9f99-4571-ba2e-4e26112c269d,vitamin_k1_ug_100g,0.8
dfb9e001-42d6-45d1-adf9-1e1ef5b8b618,vitamin_k1_ug_100g,4.03
ac683f79-bc03-46e6-bf1a-0b224deab0f5,vitamin_k1_ug_100g,1.12
1e0718a6-48ba-4fd4-93c0-1ea52f162c9d,vitamin_k1_ug_100g,38.1
9448e2cd-16f6-448b-927f-d41bb963a4b5,vitamin_k1_ug_100g,2.2
23786e95-97bf-461b-8108-59f08f119dad,vitamin_k1_ug_100g,1.06
d8c6e29e-5eaa-401f-aa0a-dc74d777a907,vitamin_k1_ug_100g,3.4
3ffa59aa-e01d-4712-8f0d-d5f32d3e1ae1,vitamin_k1_ug_100g,2.56
f81df9f4-b6f1-4a5f-9091-9f483352c601,vitamin_k1_ug_100g,0.8
2d70d5a7-4248-41b0-b876-066c7cf60f44,vitamin_k1_ug_100g,1.12
952c1496-b636-4dd7-801a-f7ca9f204c7c,vitamin_k1_ug_100g,0.8
5d0e3e32-be42-46bf-94ad-13403cf6fa08,vitamin_k1_ug_100g,0.8
556c3a77-8cc1-4f91-8862-a1277fde9320,vitamin_k1_ug_100g,0.8
bcc613a8-72f2-455a-8126-953b1ec1685d,vitamin_k1_ug_100g,0.8
18a86eb1-0980-47d3-bf22-30b1cb43aa6a,vitamin_k1_ug_100g,0.8
da378dc0-6e62-4923-aabb-126110ded991,vitamin_k1_ug_100g,0.0
5cb37a41-7891-44a3-b90c-f6cdda409445,vitamin_k1_ug_100g,0.3
d1903e60-1cc6-4e1b-92d1-dfdc0dfc2da5,vitamin_k1_ug_100g,0.8
3d9f99f2-69c6-4e09-aaa5-d296d278f643,vitamin_k1_ug_100g,0.8
b6409eaf-e437-4b1d-a51b-540673e73a14,vitamin_k1_ug_100g,0.8
205b2afd-157e-4d0d-ba24-b08af3951198,vitamin_k1_ug_100g,0.8
7351d18f-86e3-4c84-9de1-b79b89760af8,vitamin_k1_ug_100g,0.8
08226f84-c557-4eb0-b805-a7a4004d1fe3,vitamin_k1_ug_100g,0.8
0f29b08f-27ca-405b-ba3f-da4511d90c1f,vitamin_k1_ug_100g,2.0
05eb140e-0246-47a8-b1d8-27f4957b3949,vitamin_k1_ug_100g,2.28
7b887f04-1988-44dd-b74e-66938372902a,vitamin_k1_ug_100g,0.8
4e1b279a-4454-414c-9241-c329e03f1995,vitamin_k1_ug_100g,0.3
81e5a2f9-3e0c-42c9-a071-c4df692e7f31,vitamin_k1_ug_100g,0.0
01e424c9-6471-46b7-8244-16c9a59bcc58,vitamin_k1_ug_100g,0.0
861b94d9-60da-4f46-804c-0756f4330661,vitamin_k1_ug_100g,0.3
b5bfad5a-4a04-4ab6-8c8b-788397734cb2,vitamin_k1_ug_100g,4.0
9c0738ab-d020-4a98-9b81-af71f7c0b878,vitamin_k1_ug_100g,0.3
4d4af9ab-dd8c-4b49-be81-dd79ff210485,vitamin_k1_ug_100g,0.7
2eb62878-3eb9-42ea-9a63-2691148a217c,vitamin_k1_ug_100g,9.24
cc5e0af0-473e-4268-9bf2-bac740f2fab1,vitamin_k1_ug_100g,0.2
ade5e763-3b9c-4947-af9d-7ff570546027,vitamin_k1_ug_100g,0.0
763a92df-6900-488d-a92a-eee913d830cb,vitamin_k1_ug_100g,0.2
d62036e2-ba65-4a28-aad2-ee568cb4b498,vitamin_k1_ug_100g,2.7
6ff5f533-7197-4f48-b475-c16544a21db5,vitamin_k1_ug_100g,1.53
c1a9efe3-a0c5-4d04-b942-68d3fce22837,vitamin_k1_ug_100g,4.22
df607bfa-3921-4ac6-be34-119b349e9588,vitamin_k1_ug_100g,2.3
d281ed75-f3cd-4916-bd9d-7fc4fc48942b,vitamin_k1_ug_100g,2.35
8c68a448-5cf5-4ba4-834a-d6dd13f55496,vitamin_k1_ug_100g,0.0
e99c3905-a22c-45b7-b99d-5d45edec89b1,vitamin_k1_ug_100g,0.8
2b51cbcc-360d-4b29-aa3d-bc4c1a017f6c,vitamin_k1_ug_100g,0.4
fec29009-a951-4587-9265-27e240e03112,vitamin_k1_ug_100g,0.8
deb22a25-4fde-4ac9-a6c7-e17be1a3ba00,vitamin_k1_ug_100g,0.0
e1688763-0981-4614-a70c-b18893bcd53b,vitamin_k1_ug_100g,0.0
36c30c73-3777-46ee-bfe2-87df2cde70d9,vitamin_k1_ug_100g,0.0
834d0ee9-e18e-454d-affb-bb0096078817,vitamin_k1_ug_100g,7.39
e3fbdb74-16a8-4680-9cd0-16044b435725,vitamin_k1_ug_100g,58.1
e4f9dca3-4573-4d6e-8fec-6e0d8a7bb48f,vitamin_k1_ug_100g,4.62
274e083e-46d2-4cce-b79a-a3a711d81248,vitamin_k1_ug_100g,99.8
862f5667-0461-4212-9246-2a8104ee3288,vitamin_k1_ug_100g,144.0
5e615f07-5e6b-403b-b1f7-47d4df6c9ed7,vitamin_k1_ug_100g,31.2
9a652d31-eda3-4fe7-8e83-7ead894ca0e2,vitamin_k1_ug_100g,0.0
663312e9-6d02-4cfe-aaf7-8616a2b41629,vitamin_k1_ug_100g,0.8
1fb6ee8a-65e8-4da5-891f-9b1f64a1179a,vitamin_k1_ug_100g,260.0
85b41f4f-b07a-4a17-9044-d09b8d16ee60,vitamin_k1_ug_100g,1220.0
0d565da3-5008-4699-a3a2-c13575d82d8a,vitamin_k1_ug_100g,0.8
4d4af9ab-dd8c-4b49-be81-dd79ff210485,vitamin_k2_ug_100g,32.1
763a92df-6900-488d-a92a-eee913d830cb,vitamin_k2_ug_100g,0.68
e0dadf12-938f-45d9-a885-3e8df7ec3fe0,vitamin_c_mg_100g,0.5
bd8d6fd3-2406-435d-9a92-c1546127e8e5,vitamin_c_mg_100g,2.05
b05db49a-9212-44d3-9187-1da7870c1c9f,vitamin_c_mg_100g,11.8
69da9d55-f3f4-4db3-8618-1fa505555874,vitamin_c_mg_100g,15.5
e951267c-50f9-4470-b1c5-18656e75e013,vitamin_c_mg_100g,21.8
970da6dd-6580-4081-8d47-0a1d30d16b6c,vitamin_c_mg_100g,23.9
fcfdcc0b-9a9c-4e6c-a749-6de288235780,vitamin_c_mg_100g,1.0
c75c5ce4-d2df-4f60-b94c-e97454df8e0d,vitamin_c_mg_100g,2.9
94557fa4-d2b4-4a78-a3d3-5d0ba730d6bc,vitamin_c_mg_100g,6.1
06462060-5201-41ec-a968-03c01edd23bc,vitamin_c_mg_100g,2.1
b13e98d9-aaaf-4554-8177-8981f2ef0076,vitamin_c_mg_100g,5.5
7e156dd4-2857-43bb-9aa2-e8273f5d4544,vitamin_c_mg_100g,3.55
39ce4bb8-b5a4-42b5-96d9-fab0dac1a0dd,vitamin_c_mg_100g,81.0
0261cb12-1fd6-46e1-9e3a-8064f63e6b45,vitamin_c_mg_100g,0.3
2d0b224f-0e8c-469e-99e3-093f678fbbb9,vitamin_c_mg_100g,22.8
3316b6df-9f99-4571-ba2e-4e26112c269d,vitamin_c_mg_100g,2.31
dfb9e001-42d6-45d1-adf9-1e1ef5b8b618,vitamin_c_mg_100g,7.38
ac683f79-bc03-46e6-bf1a-0b224deab0f5,vitamin_c_mg_100g,14.9
1e0718a6-48ba-4fd4-93c0-1ea52f162c9d,vitamin_c_mg_100g,0.5
9448e2cd-16f6-448b-927f-d41bb963a4b5,vitamin_c_mg_100g,16.2
23786e95-97bf-461b-8108-59f08f119dad,vitamin_c_mg_100g,0.5
d8c6e29e-5eaa-401f-aa0a-dc74d777a907,vitamin_c_mg_100g,0.1
3ffa59aa-e01d-4712-8f0d-d5f32d3e1ae1,vitamin_c_mg_100g,0.5
f81df9f4-b6f1-4a5f-9091-9f483352c601,vitamin_c_mg_100g,7.16
2d70d5a7-4248-41b0-b876-066c7cf60f44,vitamin_c_mg_100g,25.0
952c1496-b636-4dd7-801a-f7ca9f204c7c,vitamin_c_mg_100g,47.5
5d0e3e32-be42-46bf-94ad-13403cf6fa08,vitamin_c_mg_100g,4.26
556c3a77-8cc1-4f91-8862-a1277fde9320,vitamin_c_mg_100g,42.4
fcff9b94-2817-4101-af7a-d7fb3117c338,vitamin_c_mg_100g,6.0
bcc613a8-72f2-455a-8126-953b1ec1685d,vitamin_c_mg_100g,1.33
18a86eb1-0980-47d3-bf22-30b1cb43aa6a,vitamin_c_mg_100g,4.09
d098a17d-e3b9-4c47-ab88-2a21e475e998,vitamin_c_mg_100g,87.0
da378dc0-6e62-4923-aabb-126110ded991,vitamin_c_mg_100g,0.0
99574f09-8377-49bd-a2c6-cf945ac2cc62,vitamin_c_mg_100g,1.6
5cb37a41-7891-44a3-b90c-f6cdda409445,vitamin_c_mg_100g,0.0
d1903e60-1cc6-4e1b-92d1-dfdc0dfc2da5,vitamin_c_mg_100g,0.5
3d9f99f2-69c6-4e09-aaa5-d296d278f643,vitamin_c_mg_100g,0.5
b6409eaf-e437-4b1d-a51b-540673e73a14,vitamin_c_mg_100g,0.0
205b2afd-157e-4d0d-ba24-b08af3951198,vitamin_c_mg_100g,0.5
7351d18f-86e3-4c84-9de1-b79b89760af8,vitamin_c_mg_100g,0.5
08226f84-c557-4eb0-b805-a7a4004d1fe3,vitamin_c_mg_100g,0.5
0f29b08f-27ca-405b-ba3f-da4511d90c1f,vitamin_c_mg_100g,0.0
05eb140e-0246-47a8-b1d8-27f4957b3949,vitamin_c_mg_100g,0.5
7b887f04-1988-44dd-b74e-66938372902a,vitamin_c_mg_100g,1.43
4e1b279a-4454-414c-9241-c329e03f1995,vitamin_c_mg_100g,0.0
81e5a2f9-3e0c-42c9-a071-c4df692e7f31,vitamin_c_mg_100g,18.1
01e424c9-6471-46b7-8244-16c9a59bcc58,vitamin_c_mg_100g,0.0
a2e8f29f-07e2-490f-93c5-92134ac4d00b,vitamin_c_mg_100g,9.46
a9c3a0c2-605a-4103-a495-201402935bc5,vitamin_c_mg_100g,22.1
3f144310-58a7-4fe6-9bf2-0ce9d99ee5be,vitamin_c_mg_100g,0.0
738bd788-fd21-4363-9de0-ddc35b6813fa,vitamin_c_mg_100g,0.0
861b94d9-60da-4f46-804c-0756f4330661,vitamin_c_mg_100g,0.0
b5bfad5a-4a04-4ab6-8c8b-788397734cb2,vitamin_c_mg_100g,0.0
9c0738ab-d020-4a98-9b81-af71f7c0b878,vitamin_c_mg_100g,0.0
4d4af9ab-dd8c-4b49-be81-dd79ff210485,vitamin_c_mg_100g,0.0
2eb62878-3eb9-42ea-9a63-2691148a217c,vitamin_c_mg_100g,0.5
cc5e0af0-473e-4268-9bf2-bac740f2fab1,vitamin_c_mg_100g,1.5
ade5e763-3b9c-4947-af9d-7ff570546027,vitamin_c_mg_100g,1.3
763a92df-6900-488d-a92a-eee913d830cb,vitamin_c_mg_100g,0.5
d62036e2-ba65-4a28-aad2-ee568cb4b498,vitamin_c_mg_100g,0.0
6ff5f533-7197-4f48-b475-c16544a21db5,vitamin_c_mg_100g,0.5
df607bfa-3921-4ac6-be34-119b349e9588,vitamin_c_mg_100g,0.0
d281ed75-f3cd-4916-bd9d-7fc4fc48942b,vitamin_c_mg_100g,0.0
8c68a448-5cf5-4ba4-834a-d6dd13f55496,vitamin_c_mg_100g,0.0
533c1962-b367-47ca-9d82-5910931fab39,vitamin_c_mg_100g,1.0
e99c3905-a22c-45b7-b99d-5d45edec89b1,vitamin_c_mg_100g,0.5
2b51cbcc-360d-4b29-aa3d-bc4c1a017f6c,vitamin_c_mg_100g,0.0
fec29009-a951-4587-9265-27e240e03112,vitamin_c_mg_100g,0.5
deb22a25-4fde-4ac9-a6c7-e17be1a3ba00,vitamin_c_mg_100g,0.8
e1688763-0981-4614-a70c-b18893bcd53b,vitamin_c_mg_100g,0.0
36c30c73-3777-46ee-bfe2-87df2cde70d9,vitamin_c_mg_100g,0.0
834d0ee9-e18e-454d-affb-bb0096078817,vitamin_c_mg_100g,0.5
46abb1a9-f4c1-4dc1-8799-ac50ee190ee5,vitamin_c_mg_100g,0.5
352d9c01-c3ee-411e-9813-9ce3eae4c698,vitamin_c_mg_100g,0.0
e3fbdb74-16a8-4680-9cd0-16044b435725,vitamin_c_mg_100g,0.0
e4f9dca3-4573-4d6e-8fec-6e0d8a7bb48f,vitamin_c_mg_100g,3.75
274e083e-46d2-4cce-b79a-a3a711d81248,vitamin_c_mg_100g,0.7
862f5667-0461-4212-9246-2a8104ee3288,vitamin_c_mg_100g,0.5
5e615f07-5e6b-403b-b1f7-47d4df6c9ed7,vitamin_c_mg_100g,3.8
9a652d31-eda3-4fe7-8e83-7ead894ca0e2,vitamin_c_mg_100g,3.0
b7a54211-5e50-42ad-adcd-d45ecde57255,vitamin_c_mg_100g,0.0
663312e9-6d02-4cfe-aaf7-8616a2b41629,vitamin_c_mg_100g,0.5
1fb6ee8a-65e8-4da5-891f-9b1f64a1179a,vitamin_c_mg_100g,39.7
85b41f4f-b07a-4a17-9044-d09b8d16ee60,vitamin_c_mg_100g,177.0
c9ce1563-cea5-4ab9-b51b-c3951098bd35,vitamin_c_mg_100g,22.6
0d565da3-5008-4699-a3a2-c13575d82d8a,vitamin_c_mg_100g,0.5
940d778a-3303-4e51-83d5-dfdd64192939,vitamin_c_mg_100g,54.0
e0dadf12-938f-45d9-a885-3e8df7ec3fe0,vitamin_b1_mg_100g,0.052
bd8d6fd3-2406-435d-9a92-c1546127e8e5,vitamin_b1_mg_100g,0.028
b05db49a-9212-44d3-9187-1da7870c1c9f,vitamin_b1_mg_100g,0.067
69da9d55-f3f4-4db3-8618-1fa505555874,vitamin_b1_mg_100g,0.039
e951267c-50f9-4470-b1c5-18656e75e013,vitamin_b1_mg_100g,0.048
970da6dd-6580-4081-8d47-0a1d30d16b6c,vitamin_b1_mg_100g,0.05
fcfdcc0b-9a9c-4e6c-a749-6de288235780,vitamin_b1_mg_100g,0.05
c75c5ce4-d2df-4f60-b94c-e97454df8e0d,vitamin_b1_mg_100g,0.05
94557fa4-d2b4-4a78-a3d3-5d0ba730d6bc,vitamin_b1_mg_100g,0.023
06462060-5201-41ec-a968-03c01edd23bc,vitamin_b1_mg_100g,0.05
b13e98d9-aaaf-4554-8177-8981f2ef0076,vitamin_b1_mg_100g,0.093
7e156dd4-2857-43bb-9aa2-e8273f5d4544,vitamin_b1_mg_100g,0.033
39ce4bb8-b5a4-42b5-96d9-fab0dac1a0dd,vitamin_b1_mg_100g,0.01
0261cb12-1fd6-46e1-9e3a-8064f63e6b45,vitamin_b1_mg_100g,0.037
2d0b224f-0e8c-469e-99e3-093f678fbbb9,vitamin_b1_mg_100g,0.036
3316b6df-9f99-4571-ba2e-4e26112c269d,vitamin_b1_mg_100g,0.04
dfb9e001-42d6-45d1-adf9-1e1ef5b8b618,vitamin_b1_mg_100g,0.015
ac683f79-bc03-46e6-bf1a-0b224deab0f5,vitamin_b1_mg_100g,0.015
1e0718a6-48ba-4fd4-93c0-1ea52f162c9d,vitamin_b1_mg_100g,0.015
9448e2cd-16f6-448b-927f-d41bb963a4b5,vitamin_b1_mg_100g,0.082
23786e95-97bf-461b-8108-59f08f119dad,vitamin_b1_mg_100g,0.12
d8c6e29e-5eaa-401f-aa0a-dc74d777a907,vitamin_b1_mg_100g,0.03
3ffa59aa-e01d-4712-8f0d-d5f32d3e1ae1,vitamin_b1_mg_100g,0.12
f81df9f4-b6f1-4a5f-9091-9f483352c601,vitamin_b1_mg_100g,0.054
2d70d5a7-4248-41b0-b876-066c7cf60f44,vitamin_b1_mg_100g,0.015
952c1496-b636-4dd7-801a-f7ca9f204c7c,vitamin_b1_mg_100g,0.045
5d0e3e32-be42-46bf-94ad-13403cf6fa08,vitamin_b1_mg_100g,0.015
556c3a77-8cc1-4f91-8862-a1277fde9320,vitamin_b1_mg_100g,0.043
fcff9b94-2817-4101-af7a-d7fb3117c338,vitamin_b1_mg_100g,0.2
bcc613a8-72f2-455a-8126-953b1ec1685d,vitamin_b1_mg_100g,0.02
18a86eb1-0980-47d3-bf22-30b1cb43aa6a,vitamin_b1_mg_100g,0.015
d098a17d-e3b9-4c47-ab88-2a21e475e998,vitamin_b1_mg_100g,0.031
da378dc0-6e62-4923-aabb-126110ded991,vitamin_b1_mg_100g,0.19
99574f09-8377-49bd-a2c6-cf945ac2cc62,vitamin_b1_mg_100g,0.62
5cb37a41-7891-44a3-b90c-f6cdda409445,vitamin_b1_mg_100g,0.16
d1903e60-1cc6-4e1b-92d1-dfdc0dfc2da5,vitamin_b1_mg_100g,0.065
3d9f99f2-69c6-4e09-aaa5-d296d278f643,vitamin_b1_mg_100g,0.03
b6409eaf-e437-4b1d-a51b-540673e73a14,vitamin_b1_mg_100g,0.14
205b2afd-157e-4d0d-ba24-b08af3951198,vitamin_b1_mg_100g,0.025
91fc3f81-74fe-438a-aebe-56931dcec2c6,vitamin_b1_mg_100g,0.07
7351d18f-86e3-4c84-9de1-b79b89760af8,vitamin_b1_mg_100g,0.07
3fe9734c-c38f-42a6-85bf-f0281752e8ea,vitamin_b1_mg_100g,0.084
4c3d49b5-5471-432a-a259-b662b1f6b862,vitamin_b1_mg_100g,0.4
08226f84-c557-4eb0-b805-a7a4004d1fe3,vitamin_b1_mg_100g,0.11
0f29b08f-27ca-405b-ba3f-da4511d90c1f,vitamin_b1_mg_100g,0.43
29737eff-fbab-45b7-bdfe-51aba40f7b85,vitamin_b1_mg_100g,0.19
05eb140e-0246-47a8-b1d8-27f4957b3949,vitamin_b1_mg_100g,0.045
30e0ee8d-4cf7-46bd-a62a-66714d8cd521,vitamin_b1_mg_100g,0.04
7b887f04-1988-44dd-b74e-66938372902a,vitamin_b1_mg_100g,0.087
4e1b279a-4454-414c-9241-c329e03f1995,vitamin_b1_mg_100g,0.048
81e5a2f9-3e0c-42c9-a071-c4df692e7f31,vitamin_b1_mg_100g,0.54
01e424c9-6471-46b7-8244-16c9a59bcc58,vitamin_b1_mg_100g,0.43
a2e8f29f-07e2-490f-93c5-92134ac4d00b,vitamin_b1_mg_100g,0.054
a9c3a0c2-605a-4103-a495-201402935bc5,vitamin_b1_mg_100g,0.11
3f144310-58a7-4fe6-9bf2-0ce9d99ee5be,vitamin_b1_mg_100g,0.006
738bd788-fd21-4363-9de0-ddc35b6813fa,vitamin_b1_mg_100g,0.17
861b94d9-60da-4f46-804c-0756f4330661,vitamin_b1_mg_100g,0.066
b5bfad5a-4a04-4ab6-8c8b-788397734cb2,vitamin_b1_mg_100g,0.04
9c0738ab-d020-4a98-9b81-af71f7c0b878,vitamin_b1_mg_100g,0.055
4d4af9ab-dd8c-4b49-be81-dd79ff210485,vitamin_b1_mg_100g,0.17
2eb62878-3eb9-42ea-9a63-2691148a217c,vitamin_b1_mg_100g,0.17
cc5e0af0-473e-4268-9bf2-bac740f2fab1,vitamin_b1_mg_100g,0.06
ade5e763-3b9c-4947-af9d-7ff570546027,vitamin_b1_mg_100g,0.047
763a92df-6900-488d-a92a-eee913d830cb,vitamin_b1_mg_100g,0.04
0e04f7a5-230a-4ef6-bfc3-d803435d33bd,vitamin_b1_mg_100g,0.044
d62036e2-ba65-4a28-aad2-ee568cb4b498,vitamin_b1_mg_100g,0.05
6ff5f533-7197-4f48-b475-c16544a21db5,vitamin_b1_mg_100g,0.015
c1a9efe3-a0c5-4d04-b942-68d3fce22837,vitamin_b1_mg_100g,0.016
df607bfa-3921-4ac6-be34-119b349e9588,vitamin_b1_mg_100g,0.03
d281ed75-f3cd-4916-bd9d-7fc4fc48942b,vitamin_b1_mg_100g,0.015
8c68a448-5cf5-4ba4-834a-d6dd13f55496,vitamin_b1_mg_100g,0.0
533c1962-b367-47ca-9d82-5910931fab39,vitamin_b1_mg_100g,0.022
e99c3905-a22c-45b7-b99d-5d45edec89b1,vitamin_b1_mg_100g,0.015
2b51cbcc-360d-4b29-aa3d-bc4c1a017f6c,vitamin_b1_mg_100g,0.005
fec29009-a951-4587-9265-27e240e03112,vitamin_b1_mg_100g,0.01
deb22a25-4fde-4ac9-a6c7-e17be1a3ba00,vitamin_b1_mg_100g,0.0
e1688763-0981-4614-a70c-b18893bcd53b,vitamin_b1_mg_100g,0.0
36c30c73-3777-46ee-bfe2-87df2cde70d9,vitamin_b1_mg_100g,0.066
834d0ee9-e18e-454d-affb-bb0096078817,vitamin_b1_mg_100g,0.13
46abb1a9-f4c1-4dc1-8799-ac50ee190ee5,vitamin_b1_mg_100g,0.67
352d9c01-c3ee-411e-9813-9ce3eae4c698,vitamin_b1_mg_100g,0.25
e3fbdb74-16a8-4680-9cd0-16044b435725,vitamin_b1_mg_100g,0.0
e4f9dca3-4573-4d6e-8fec-6e0d8a7bb48f,vitamin_b1_mg_100g,0.025
274e083e-46d2-4cce-b79a-a3a711d81248,vitamin_b1_mg_100g,0.18
862f5667-0461-4212-9246-2a8104ee3288,vitamin_b1_mg_100g,0.12
5e615f07-5e6b-403b-b1f7-47d4df6c9ed7,vitamin_b1_mg_100g,0.022
9a652d31-eda3-4fe7-8e83-7ead894ca0e2,vitamin_b1_mg_100g,0.35
b7a54211-5e50-42ad-adcd-d45ecde57255,vitamin_b1_mg_100g,0.0
663312e9-6d02-4cfe-aaf7-8616a2b41629,vitamin_b1_mg_100g,0.018
1fb6ee8a-65e8-4da5-891f-9b1f64a1179a,vitamin_b1_mg_100g,0.065
85b41f4f-b07a-4a17-9044-d09b8d16ee60,vitamin_b1_mg_100g,0.1
c9ce1563-cea5-4ab9-b51b-c3951098bd35,vitamin_b1_mg_100g,0.08
0d565da3-5008-4699-a3a2-c13575d82d8a,vitamin_b1_mg_100g,0.16
940d778a-3303-4e51-83d5-dfdd64192939,vitamin_b1_mg_100g,0.33
e0dadf12-938f-45d9-a885-3e8df7ec3fe0,vitamin_b2_mg_100g,0.037
bd8d6fd3-2406-435d-9a92-c1546127e8e5,vitamin_b2_mg_100g,0.01
b05db49a-9212-44d3-9187-1da7870c1c9f,vitamin_b2_mg_100g,0.077
69da9d55-f3f4-4db3-8618-1fa505555874,vitamin_b2_mg_100g,0.019
e951267c-50f9-4470-b1c5-18656e75e013,vitamin_b2_mg_100g,0.018
970da6dd-6580-4081-8d47-0a1d30d16b6c,vitamin_b2_mg_100g,0.05
fcfdcc0b-9a9c-4e6c-a749-6de288235780,vitamin_b2_mg_100g,0.05
c75c5ce4-d2df-4f60-b94c-e97454df8e0d,vitamin_b2_mg_100g,0.05
94557fa4-d2b4-4a78-a3d3-5d0ba730d6bc,vitamin_b2_mg_100g,0.07
06462060-5201-41ec-a968-03c01edd23bc,vitamin_b2_mg_100g,0.05
b13e98d9-aaaf-4554-8177-8981f2ef0076,vitamin_b2_mg_100g,0.057
7e156dd4-2857-43bb-9aa2-e8273f5d4544,vitamin_b2_mg_100g,0.048
39ce4bb8-b5a4-42b5-96d9-fab0dac1a0dd,vitamin_b2_mg_100g,0.03
0261cb12-1fd6-46e1-9e3a-8064f63e6b45,vitamin_b2_mg_100g,0.17
2d0b224f-0e8c-469e-99e3-093f678fbbb9,vitamin_b2_mg_100g,0.022
3316b6df-9f99-4571-ba2e-4e26112c269d,vitamin_b2_mg_100g,0.022
dfb9e001-42d6-45d1-adf9-1e1ef5b8b618,vitamin_b2_mg_100g,0.01
ac683f79-bc03-46e6-bf1a-0b224deab0f5,vitamin_b2_mg_100g,0.01
1e0718a6-48ba-4fd4-93c0-1ea52f162c9d,vitamin_b2_mg_100g,0.053
9448e2cd-16f6-448b-927f-d41bb963a4b5,vitamin_b2_mg_100g,0.077
23786e95-97bf-461b-8108-59f08f119dad,vitamin_b2_mg_100g,0.022
d8c6e29e-5eaa-401f-aa0a-dc74d777a907,vitamin_b2_mg_100g,0.015
3ffa59aa-e01d-4712-8f0d-d5f32d3e1ae1,vitamin_b2_mg_100g,0.01
f81df9f4-b6f1-4a5f-9091-9f483352c601,vitamin_b2_mg_100g,0.01
2d70d5a7-4248-41b0-b876-066c7cf60f44,vitamin_b2_mg_100g,0.01
952c1496-b636-4dd7-801a-f7ca9f204c7c,vitamin_b2_mg_100g,0.01
5d0e3e32-be42-46bf-94ad-13403cf6fa08,vitamin_b2_mg_100g,0.01
556c3a77-8cc1-4f91-8862-a1277fde9320,vitamin_b2_mg_100g,0.01
fcff9b94-2817-4101-af7a-d7fb3117c338,vitamin_b2_mg_100g,0.03
bcc613a8-72f2-455a-8126-953b1ec1685d,vitamin_b2_mg_100g,0.01
18a86eb1-0980-47d3-bf22-30b1cb43aa6a,vitamin_b2_mg_100g,0.01
d098a17d-e3b9-4c47-ab88-2a21e475e998,vitamin_b2_mg_100g,0.084
da378dc0-6e62-4923-aabb-126110ded991,vitamin_b2_mg_100g,0.71
99574f09-8377-49bd-a2c6-cf945ac2cc62,vitamin_b2_mg_100g,0.17
5cb37a41-7891-44a3-b90c-f6cdda409445,vitamin_b2_mg_100g,0.15
d1903e60-1cc6-4e1b-92d1-dfdc0dfc2da5,vitamin_b2_mg_100g,0.01
3d9f99f2-69c6-4e09-aaa5-d296d278f643,vitamin_b2_mg_100g,0.01
b6409eaf-e437-4b1d-a51b-540673e73a14,vitamin_b2_mg_100g,0.014
205b2afd-157e-4d0d-ba24-b08af3951198,vitamin_b2_mg_100g,0.01
91fc3f81-74fe-438a-aebe-56931dcec2c6,vitamin_b2_mg_100g,0.06
7351d18f-86e3-4c84-9de1-b79b89760af8,vitamin_b2_mg_100g,0.021
3fe9734c-c38f-42a6-85bf-f0281752e8ea,vitamin_b2_mg_100g,0.04
4c3d49b5-5471-432a-a259-b662b1f6b862,vitamin_b2_mg_100g,0.14
08226f84-c557-4eb0-b805-a7a4004d1fe3,vitamin_b2_mg_100g,0.01
0f29b08f-27ca-405b-ba3f-da4511d90c1f,vitamin_b2_mg_100g,0.14
29737eff-fbab-45b7-bdfe-51aba40f7b85,vitamin_b2_mg_100g,0.05
05eb140e-0246-47a8-b1d8-27f4957b3949,vitamin_b2_mg_100g,0.01
7b887f04-1988-44dd-b74e-66938372902a,vitamin_b2_mg_100g,0.049
4e1b279a-4454-414c-9241-c329e03f1995,vitamin_b2_mg_100g,0.17
81e5a2f9-3e0c-42c9-a071-c4df692e7f31,vitamin_b2_mg_100g,0.2
01e424c9-6471-46b7-8244-16c9a59bcc58,vitamin_b2_mg_100g,0.2
a2e8f29f-07e2-490f-93c5-92134ac4d00b,vitamin_b2_mg_100g,0.13
a9c3a0c2-605a-4103-a495-201402935bc5,vitamin_b2_mg_100g,0.29
3f144310-58a7-4fe6-9bf2-0ce9d99ee5be,vitamin_b2_mg_100g,0.35
738bd788-fd21-4363-9de0-ddc35b6813fa,vitamin_b2_mg_100g,0.39
861b94d9-60da-4f46-804c-0756f4330661,vitamin_b2_mg_100g,0.51
b5bfad5a-4a04-4ab6-8c8b-788397734cb2,vitamin_b2_mg_100g,0.38
9c0738ab-d020-4a98-9b81-af71f7c0b878,vitamin_b2_mg_100g,0.45
4d4af9ab-dd8c-4b49-be81-dd79ff210485,vitamin_b2_mg_100g,0.38
2eb62878-3eb9-42ea-9a63-2691148a217c,vitamin_b2_mg_100g,1.82
cc5e0af0-473e-4268-9bf2-bac740f2fab1,vitamin_b2_mg_100g,0.18
ade5e763-3b9c-4947-af9d-7ff570546027,vitamin_b2_mg_100g,0.18
763a92df-6900-488d-a92a-eee913d830cb,vitamin_b2_mg_100g,0.26
0e04f7a5-230a-4ef6-bfc3-d803435d33bd,vitamin_b2_mg_100g,0.24
d62036e2-ba65-4a28-aad2-ee568cb4b498,vitamin_b2_mg_100g,0.39
6ff5f533-7197-4f48-b475-c16544a21db5,vitamin_b2_mg_100g,0.26
c1a9efe3-a0c5-4d04-b942-68d3fce22837,vitamin_b2_mg_100g,0.27
df607bfa-3921-4ac6-be34-119b349e9588,vitamin_b2_mg_100g,0.28
d281ed75-f3cd-4916-bd9d-7fc4fc48942b,vitamin_b2_mg_100g,0.096
8c68a448-5cf5-4ba4-834a-d6dd13f55496,vitamin_b2_mg_100g,0.0
533c1962-b367-47ca-9d82-5910931fab39,vitamin_b2_mg_100g,0.0
e99c3905-a22c-45b7-b99d-5d45edec89b1,vitamin_b2_mg_100g,0.016
2b51cbcc-360d-4b29-aa3d-bc4c1a017f6c,vitamin_b2_mg_100g,0.027
fec29009-a951-4587-9265-27e240e03112,vitamin_b2_mg_100g,0.01
deb22a25-4fde-4ac9-a6c7-e17be1a3ba00,vitamin_b2_mg_100g,0.069
e1688763-0981-4614-a70c-b18893bcd53b,vitamin_b2_mg_100g,0.019
36c30c73-3777-46ee-bfe2-87df2cde70d9,vitamin_b2_mg_100g,1.27
834d0ee9-e18e-454d-affb-bb0096078817,vitamin_b2_mg_100g,0.11
46abb1a9-f4c1-4dc1-8799-ac50ee190ee5,vitamin_b2_mg_100g,0.28
352d9c01-c3ee-411e-9813-9ce3eae4c698,vitamin_b2_mg_100g,0.046
e3fbdb74-16a8-4680-9cd0-16044b435725,vitamin_b2_mg_100g,0.0
e4f9dca3-4573-4d6e-8fec-6e0d8a7bb48f,vitamin_b2_mg_100g,0.01
274e083e-46d2-4cce-b79a-a3a711d81248,vitamin_b2_mg_100g,0.2
862f5667-0461-4212-9246-2a8104ee3288,vitamin_b2_mg_100g,0.01
5e615f07-5e6b-403b-b1f7-47d4df6c9ed7,vitamin_b2_mg_100g,0.041
9a652d31-eda3-4fe7-8e83-7ead894ca0e2,vitamin_b2_mg_100g,0.057
b7a54211-5e50-42ad-adcd-d45ecde57255,vitamin_b2_mg_100g,0.0
663312e9-6d02-4cfe-aaf7-8616a2b41629,vitamin_b2_mg_100g,0.01
1fb6ee8a-65e8-4da5-891f-9b1f64a1179a,vitamin_b2_mg_100g,0.12
85b41f4f-b07a-4a17-9044-d09b8d16ee60,vitamin_b2_mg_100g,0.2
c9ce1563-cea5-4ab9-b51b-c3951098bd35,vitamin_b2_mg_100g,0.22
0d565da3-5008-4699-a3a2-c13575d82d8a,vitamin_b2_mg_100g,0.043
940d778a-3303-4e51-83d5-dfdd64192939,vitamin_b2_mg_100g,0.34
e0dadf12-938f-45d9-a885-3e8df7ec3fe0,vitamin_b3_mg_100g,1.56
bd8d6fd3-2406-435d-9a92-c1546127e8e5,vitamin_b3_mg_100g,0.1
b05db49a-9212-44d3-9187-1da7870c1c9f,vitamin_b3_mg_100g,0.36
69da9d55-f3f4-4db3-8618-1fa505555874,vitamin_b3_mg_100g,0.65
e951267c-50f9-4470-b1c5-18656e75e013,vitamin_b3_mg_100g,0.92
970da6dd-6580-4081-8d47-0a1d30d16b6c,vitamin_b3_mg_100g,0.05
fcfdcc0b-9a9c-4e6c-a749-6de288235780,vitamin_b3_mg_100g,0.05
c75c5ce4-d2df-4f60-b94c-e97454df8e0d,vitamin_b3_mg_100g,0.05
94557fa4-d2b4-4a78-a3d3-5d0ba730d6bc,vitamin_b3_mg_100g,0.37
06462060-5201-41ec-a968-03c01edd23bc,vitamin_b3_mg_100g,0.05
b13e98d9-aaaf-4554-8177-8981f2ef0076,vitamin_b3_mg_100g,1.68
7e156dd4-2857-43bb-9aa2-e8273f5d4544,vitamin_b3_mg_100g,1.04
39ce4bb8-b5a4-42b5-96d9-fab0dac1a0dd,vitamin_b3_mg_100g,0.9
0261cb12-1fd6-46e1-9e3a-8064f63e6b45,vitamin_b3_mg_100g,1.5
2d0b224f-0e8c-469e-99e3-093f678fbbb9,vitamin_b3_mg_100g,0.53
3316b6df-9f99-4571-ba2e-4e26112c269d,vitamin_b3_mg_100g,0.17
dfb9e001-42d6-45d1-adf9-1e1ef5b8b618,vitamin_b3_mg_100g,0.41
ac683f79-bc03-46e6-bf1a-0b224deab0f5,vitamin_b3_mg_100g,0.57
1e0718a6-48ba-4fd4-93c0-1ea52f162c9d,vitamin_b3_mg_100g,0.1
9448e2cd-16f6-448b-927f-d41bb963a4b5,vitamin_b3_mg_100g,1.01
23786e95-97bf-461b-8108-59f08f119dad,vitamin_b3_mg_100g,0.25
d8c6e29e-5eaa-401f-aa0a-dc74d777a907,vitamin_b3_mg_100g,0.14
3ffa59aa-e01d-4712-8f0d-d5f32d3e1ae1,vitamin_b3_mg_100g,0.47
f81df9f4-b6f1-4a5f-9091-9f483352c601,vitamin_b3_mg_100g,0.39
2d70d5a7-4248-41b0-b876-066c7cf60f44,vitamin_b3_mg_100g,0.72
952c1496-b636-4dd7-801a-f7ca9f204c7c,vitamin_b3_mg_100g,0.37
5d0e3e32-be42-46bf-94ad-13403cf6fa08,vitamin_b3_mg_100g,0.3
556c3a77-8cc1-4f91-8862-a1277fde9320,vitamin_b3_mg_100g,0.1
fcff9b94-2817-4101-af7a-d7fb3117c338,vitamin_b3_mg_100g,0.2
bcc613a8-72f2-455a-8126-953b1ec1685d,vitamin_b3_mg_100g,0.1
18a86eb1-0980-47d3-bf22-30b1cb43aa6a,vitamin_b3_mg_100g,0.1
d098a17d-e3b9-4c47-ab88-2a21e475e998,vitamin_b3_mg_100g,0.38
da378dc0-6e62-4923-aabb-126110ded991,vitamin_b3_mg_100g,3.5
99574f09-8377-49bd-a2c6-cf945ac2cc62,vitamin_b3_mg_100g,8.83
5cb37a41-7891-44a3-b90c-f6cdda409445,vitamin_b3_mg_100g,14.1
d1903e60-1cc6-4e1b-92d1-dfdc0dfc2da5,vitamin_b3_mg_100g,0.25
3d9f99f2-69c6-4e09-aaa5-d296d278f643,vitamin_b3_mg_100g,0.16
b6409eaf-e437-4b1d-a51b-540673e73a14,vitamin_b3_mg_100g,0.2
205b2afd-157e-4d0d-ba24-b08af3951198,vitamin_b3_mg_100g,0.52
91fc3f81-74fe-438a-aebe-56931dcec2c6,vitamin_b3_mg_100g,0.21
7351d18f-86e3-4c84-9de1-b79b89760af8,vitamin_b3_mg_100g,0.16
3fe9734c-c38f-42a6-85bf-f0281752e8ea,vitamin_b3_mg_100g,1.6
4c3d49b5-5471-432a-a259-b662b1f6b862,vitamin_b3_mg_100g,2.1
08226f84-c557-4eb0-b805-a7a4004d1fe3,vitamin_b3_mg_100g,0.1
0f29b08f-27ca-405b-ba3f-da4511d90c1f,vitamin_b3_mg_100g,0.96
29737eff-fbab-45b7-bdfe-51aba40f7b85,vitamin_b3_mg_100g,1.46
05eb140e-0246-47a8-b1d8-27f4957b3949,vitamin_b3_mg_100g,0.3
30e0ee8d-4cf7-46bd-a62a-66714d8cd521,vitamin_b3_mg_100g,2.6
7b887f04-1988-44dd-b74e-66938372902a,vitamin_b3_mg_100g,11.8
4e1b279a-4454-414c-9241-c329e03f1995,vitamin_b3_mg_100g,4.7
81e5a2f9-3e0c-42c9-a071-c4df692e7f31,vitamin_b3_mg_100g,5.73
01e424c9-6471-46b7-8244-16c9a59bcc58,vitamin_b3_mg_100g,6.92
a2e8f29f-07e2-490f-93c5-92134ac4d00b,vitamin_b3_mg_100g,5.12
a9c3a0c2-605a-4103-a495-201402935bc5,vitamin_b3_mg_100g,2.03
3f144310-58a7-4fe6-9bf2-0ce9d99ee5be,vitamin_b3_mg_100g,0.078
738bd788-fd21-4363-9de0-ddc35b6813fa,vitamin_b3_mg_100g,0.16
861b94d9-60da-4f46-804c-0756f4330661,vitamin_b3_mg_100g,0.064
b5bfad5a-4a04-4ab6-8c8b-788397734cb2,vitamin_b3_mg_100g,0.076
9c0738ab-d020-4a98-9b81-af71f7c0b878,vitamin_b3_mg_100g,0.063
4d4af9ab-dd8c-4b49-be81-dd79ff210485,vitamin_b3_mg_100g,0.16
2eb62878-3eb9-42ea-9a63-2691148a217c,vitamin_b3_mg_100g,2.12
cc5e0af0-473e-4268-9bf2-bac740f2fab1,vitamin_b3_mg_100g,0.093
ade5e763-3b9c-4947-af9d-7ff570546027,vitamin_b3_mg_100g,0.097
763a92df-6900-488d-a92a-eee913d830cb,vitamin_b3_mg_100g,0.19
0e04f7a5-230a-4ef6-bfc3-d803435d33bd,vitamin_b3_mg_100g,0.2
d62036e2-ba65-4a28-aad2-ee568cb4b498,vitamin_b3_mg_100g,0.1
6ff5f533-7197-4f48-b475-c16544a21db5,vitamin_b3_mg_100g,1.23
c1a9efe3-a0c5-4d04-b942-68d3fce22837,vitamin_b3_mg_100g,0.18
df607bfa-3921-4ac6-be34-119b349e9588,vitamin_b3_mg_100g,0.1
d281ed75-f3cd-4916-bd9d-7fc4fc48942b,vitamin_b3_mg_100g,0.1
8c68a448-5cf5-4ba4-834a-d6dd13f55496,vitamin_b3_mg_100g,0.0
533c1962-b367-47ca-9d82-5910931fab39,vitamin_b3_mg_100g,0.64
e99c3905-a22c-45b7-b99d-5d45edec89b1,vitamin_b3_mg_100g,0.16
2b51cbcc-360d-4b29-aa3d-bc4c1a017f6c,vitamin_b3_mg_100g,0.18
fec29009-a951-4587-9265-27e240e03112,vitamin_b3_mg_100g,0.1
deb22a25-4fde-4ac9-a6c7-e17be1a3ba00,vitamin_b3_mg_100g,0.11
e1688763-0981-4614-a70c-b18893bcd53b,vitamin_b3_mg_100g,0.0
36c30c73-3777-46ee-bfe2-87df2cde70d9,vitamin_b3_mg_100g,0.081
834d0ee9-e18e-454d-affb-bb0096078817,vitamin_b3_mg_100g,0.49
46abb1a9-f4c1-4dc1-8799-ac50ee190ee5,vitamin_b3_mg_100g,2.1
352d9c01-c3ee-411e-9813-9ce3eae4c698,vitamin_b3_mg_100g,2.1
e3fbdb74-16a8-4680-9cd0-16044b435725,vitamin_b3_mg_100g,0.0
e4f9dca3-4573-4d6e-8fec-6e0d8a7bb48f,vitamin_b3_mg_100g,3.26
274e083e-46d2-4cce-b79a-a3a711d81248,vitamin_b3_mg_100g,3.26
862f5667-0461-4212-9246-2a8104ee3288,vitamin_b3_mg_100g,0.46
5e615f07-5e6b-403b-b1f7-47d4df6c9ed7,vitamin_b3_mg_100g,1.33
9a652d31-eda3-4fe7-8e83-7ead894ca0e2,vitamin_b3_mg_100g,1.3
b7a54211-5e50-42ad-adcd-d45ecde57255,vitamin_b3_mg_100g,0.0
663312e9-6d02-4cfe-aaf7-8616a2b41629,vitamin_b3_mg_100g,0.1
1fb6ee8a-65e8-4da5-891f-9b1f64a1179a,vitamin_b3_mg_100g,0.57
85b41f4f-b07a-4a17-9044-d09b8d16ee60,vitamin_b3_mg_100g,1.51
c9ce1563-cea5-4ab9-b51b-c3951098bd35,vitamin_b3_mg_100g,1.33
0d565da3-5008-4699-a3a2-c13575d82d8a,vitamin_b3_mg_100g,0.1
940d778a-3303-4e51-83d5-dfdd64192939,vitamin_b3_mg_100g,6.03
e0dadf12-938f-45d9-a885-3e8df7ec3fe0,vitamin_b5_mg_100g,1.07
bd8d6fd3-2406-435d-9a92-c1546127e8e5,vitamin_b5_mg_100g,0.2
b05db49a-9212-44d3-9187-1da7870c1c9f,vitamin_b5_mg_100g,0.14
69da9d55-f3f4-4db3-8618-1fa505555874,vitamin_b5_mg_100g,0.21
e951267c-50f9-4470-b1c5-18656e75e013,vitamin_b5_mg_100g,0.079
970da6dd-6580-4081-8d47-0a1d30d16b6c,vitamin_b5_mg_100g,0.22
fcfdcc0b-9a9c-4e6c-a749-6de288235780,vitamin_b5_mg_100g,0.1
c75c5ce4-d2df-4f60-b94c-e97454df8e0d,vitamin_b5_mg_100g,0.05
94557fa4-d2b4-4a78-a3d3-5d0ba730d6bc,vitamin_b5_mg_100g,0.32
06462060-5201-41ec-a968-03c01edd23bc,vitamin_b5_mg_100g,0.13
b13e98d9-aaaf-4554-8177-8981f2ef0076,vitamin_b5_mg_100g,0.79
7e156dd4-2857-43bb-9aa2-e8273f5d4544,vitamin_b5_mg_100g,0.29
39ce4bb8-b5a4-42b5-96d9-fab0dac1a0dd,vitamin_b5_mg_100g,0.06
0261cb12-1fd6-46e1-9e3a-8064f63e6b45,vitamin_b5_mg_100g,3.59
2d0b224f-0e8c-469e-99e3-093f678fbbb9,vitamin_b5_mg_100g,0.13
3316b6df-9f99-4571-ba2e-4e26112c269d,vitamin_b5_mg_100g,0.24
dfb9e001-42d6-45d1-adf9-1e1ef5b8b618,vitamin_b5_mg_100g,0.14
ac683f79-bc03-46e6-bf1a-0b224deab0f5,vitamin_b5_mg_100g,0.089
1e0718a6-48ba-4fd4-93c0-1ea52f162c9d,vitamin_b5_mg_100g,0.15
9448e2cd-16f6-448b-927f-d41bb963a4b5,vitamin_b5_mg_100g,0.73
23786e95-97bf-461b-8108-59f08f119dad,vitamin_b5_mg_100g,0.083
d8c6e29e-5eaa-401f-aa0a-dc74d777a907,vitamin_b5_mg_100g,0.3
3ffa59aa-e01d-4712-8f0d-d5f32d3e1ae1,vitamin_b5_mg_100g,0.24
f81df9f4-b6f1-4a5f-9091-9f483352c601,vitamin_b5_mg_100g,0.31
2d70d5a7-4248-41b0-b876-066c7cf60f44,vitamin_b5_mg_100g,0.18
952c1496-b636-4dd7-801a-f7ca9f204c7c,vitamin_b5_mg_100g,0.16
5d0e3e32-be42-46bf-94ad-13403cf6fa08,vitamin_b5_mg_100g,0.2
556c3a77-8cc1-4f91-8862-a1277fde9320,vitamin_b5_mg_100g,0.19
fcff9b94-2817-4101-af7a-d7fb3117c338,vitamin_b5_mg_100g,0.07
bcc613a8-72f2-455a-8126-953b1ec1685d,vitamin_b5_mg_100g,0.1
18a86eb1-0980-47d3-bf22-30b1cb43aa6a,vitamin_b5_mg_100g,0.15
d098a17d-e3b9-4c47-ab88-2a21e475e998,vitamin_b5_mg_100g,0.21
da378dc0-6e62-4923-aabb-126110ded991,vitamin_b5_mg_100g,0.31
5cb37a41-7891-44a3-b90c-f6cdda409445,vitamin_b5_mg_100g,1.09
d1903e60-1cc6-4e1b-92d1-dfdc0dfc2da5,vitamin_b5_mg_100g,0.38
3d9f99f2-69c6-4e09-aaa5-d296d278f643,vitamin_b5_mg_100g,0.21
b6409eaf-e437-4b1d-a51b-540673e73a14,vitamin_b5_mg_100g,0.61
205b2afd-157e-4d0d-ba24-b08af3951198,vitamin_b5_mg_100g,0.28
91fc3f81-74fe-438a-aebe-56931dcec2c6,vitamin_b5_mg_100g,0.37
7351d18f-86e3-4c84-9de1-b79b89760af8,vitamin_b5_mg_100g,0.19
3fe9734c-c38f-42a6-85bf-f0281752e8ea,vitamin_b5_mg_100g,0.24
4c3d49b5-5471-432a-a259-b662b1f6b862,vitamin_b5_mg_100g,0.6
08226f84-c557-4eb0-b805-a7a4004d1fe3,vitamin_b5_mg_100g,0.44
0f29b08f-27ca-405b-ba3f-da4511d90c1f,vitamin_b5_mg_100g,1.31
29737eff-fbab-45b7-bdfe-51aba40f7b85,vitamin_b5_mg_100g,0.5
05eb140e-0246-47a8-b1d8-27f4957b3949,vitamin_b5_mg_100g,0.42
30e0ee8d-4cf7-46bd-a62a-66714d8cd521,vitamin_b5_mg_100g,0.5
7b887f04-1988-44dd-b74e-66938372902a,vitamin_b5_mg_100g,1.74
4e1b279a-4454-414c-9241-c329e03f1995,vitamin_b5_mg_100g,0.64
81e5a2f9-3e0c-42c9-a071-c4df692e7f31,vitamin_b5_mg_100g,0.4
01e424c9-6471-46b7-8244-16c9a59bcc58,vitamin_b5_mg_100g,0.52
a2e8f29f-07e2-490f-93c5-92134ac4d00b,vitamin_b5_mg_100g,0.71
a9c3a0c2-605a-4103-a495-201402935bc5,vitamin_b5_mg_100g,0.47
3f144310-58a7-4fe6-9bf2-0ce9d99ee5be,vitamin_b5_mg_100g,0.18
738bd788-fd21-4363-9de0-ddc35b6813fa,vitamin_b5_mg_100g,4.54
861b94d9-60da-4f46-804c-0756f4330661,vitamin_b5_mg_100g,1.4
b5bfad5a-4a04-4ab6-8c8b-788397734cb2,vitamin_b5_mg_100g,1.22
9c0738ab-d020-4a98-9b81-af71f7c0b878,vitamin_b5_mg_100g,1.57
4d4af9ab-dd8c-4b49-be81-dd79ff210485,vitamin_b5_mg_100g,2.87
2eb62878-3eb9-42ea-9a63-2691148a217c,vitamin_b5_mg_100g,0.9
cc5e0af0-473e-4268-9bf2-bac740f2fab1,vitamin_b5_mg_100g,0.41
ade5e763-3b9c-4947-af9d-7ff570546027,vitamin_b5_mg_100g,0.34
763a92df-6900-488d-a92a-eee913d830cb,vitamin_b5_mg_100g,0.31
0e04f7a5-230a-4ef6-bfc3-d803435d33bd,vitamin_b5_mg_100g,0.33
d62036e2-ba65-4a28-aad2-ee568cb4b498,vitamin_b5_mg_100g,0.43
6ff5f533-7197-4f48-b475-c16544a21db5,vitamin_b5_mg_100g,0.34
c1a9efe3-a0c5-4d04-b942-68d3fce22837,vitamin_b5_mg_100g,0.18
df607bfa-3921-4ac6-be34-119b349e9588,vitamin_b5_mg_100g,0.14
d281ed75-f3cd-4916-bd9d-7fc4fc48942b,vitamin_b5_mg_100g,0.046
8c68a448-5cf5-4ba4-834a-d6dd13f55496,vitamin_b5_mg_100g,0.0
533c1962-b367-47ca-9d82-5910931fab39,vitamin_b5_mg_100g,0.15
e99c3905-a22c-45b7-b99d-5d45edec89b1,vitamin_b5_mg_100g,0.028
2b51cbcc-360d-4b29-aa3d-bc4c1a017f6c,vitamin_b5_mg_100g,0.087
fec29009-a951-4587-9265-27e240e03112,vitamin_b5_mg_100g,0.038
deb22a25-4fde-4ac9-a6c7-e17be1a3ba00,vitamin_b5_mg_100g,0.069
e1688763-0981-4614-a70c-b18893bcd53b,vitamin_b5_mg_100g,0.0
36c30c73-3777-46ee-bfe2-87df2cde70d9,vitamin_b5_mg_100g,0.036
834d0ee9-e18e-454d-affb-bb0096078817,vitamin_b5_mg_100g,0.44
46abb1a9-f4c1-4dc1-8799-ac50ee190ee5,vitamin_b5_mg_100g,0.6
352d9c01-c3ee-411e-9813-9ce3eae4c698,vitamin_b5_mg_100g,0.6
e3fbdb74-16a8-4680-9cd0-16044b435725,vitamin_b5_mg_100g,0.0
e4f9dca3-4573-4d6e-8fec-6e0d8a7bb48f,vitamin_b5_mg_100g,0.41
274e083e-46d2-4cce-b79a-a3a711d81248,vitamin_b5_mg_100g,1.07
862f5667-0461-4212-9246-2a8104ee3288,vitamin_b5_mg_100g,1.82
5e615f07-5e6b-403b-b1f7-47d4df6c9ed7,vitamin_b5_mg_100g,0.36
663312e9-6d02-4cfe-aaf7-8616a2b41629,vitamin_b5_mg_100g,0.13
1fb6ee8a-65e8-4da5-891f-9b1f64a1179a,vitamin_b5_mg_100g,0.19
85b41f4f-b07a-4a17-9044-d09b8d16ee60,vitamin_b5_mg_100g,0.35
c9ce1563-cea5-4ab9-b51b-c3951098bd35,vitamin_b5_mg_100g,0.29
0d565da3-5008-4699-a3a2-c13575d82d8a,vitamin_b5_mg_100g,0.34
940d778a-3303-4e51-83d5-dfdd64192939,vitamin_b5_mg_100g,0.0
e0dadf12-938f-45d9-a885-3e8df7ec3fe0,vitamin_b6_mg_100g,0.17
bd8d6fd3-2406-435d-9a92-c1546127e8e5,vitamin_b6_mg_100g,0.093
b05db49a-9212-44d3-9187-1da7870c1c9f,vitamin_b6_mg_100g,0.09
69da9d55-f3f4-4db3-8618-1fa505555874,vitamin_b6_mg_100g,0.082
e951267c-50f9-4470-b1c5-18656e75e013,vitamin_b6_mg_100g,0.096
970da6dd-6580-4081-8d47-0a1d30d16b6c,vitamin_b6_mg_100g,0.05
fcfdcc0b-9a9c-4e6c-a749-6de288235780,vitamin_b6_mg_100g,0.05
c75c5ce4-d2df-4f60-b94c-e97454df8e0d,vitamin_b6_mg_100g,0.05
94557fa4-d2b4-4a78-a3d3-5d0ba730d6bc,vitamin_b6_mg_100g,0.086
06462060-5201-41ec-a968-03c01edd23bc,vitamin_b6_mg_100g,0.09
b13e98d9-aaaf-4554-8177-8981f2ef0076,vitamin_b6_mg_100g,0.14
7e156dd4-2857-43bb-9aa2-e8273f5d4544,vitamin_b6_mg_100g,0.13
39ce4bb8-b5a4-42b5-96d9-fab0dac1a0dd,vitamin_b6_mg_100g,0.31
0261cb12-1fd6-46e1-9e3a-8064f63e6b45,vitamin_b6_mg_100g,0.16
2d0b224f-0e8c-469e-99e3-093f678fbbb9,vitamin_b6_mg_100g,0.079
3316b6df-9f99-4571-ba2e-4e26112c269d,vitamin_b6_mg_100g,0.066
dfb9e001-42d6-45d1-adf9-1e1ef5b8b618,vitamin_b6_mg_100g,0.074
ac683f79-bc03-46e6-bf1a-0b224deab0f5,vitamin_b6_mg_100g,0.066
1e0718a6-48ba-4fd4-93c0-1ea52f162c9d,vitamin_b6_mg_100g,0.038
9448e2cd-16f6-448b-927f-d41bb963a4b5,vitamin_b6_mg_100g,0.23
23786e95-97bf-461b-8108-59f08f119dad,vitamin_b6_mg_100g,0.067
d8c6e29e-5eaa-401f-aa0a-dc74d777a907,vitamin_b6_mg_100g,0.29
3ffa59aa-e01d-4712-8f0d-d5f32d3e1ae1,vitamin_b6_mg_100g,0.082
f81df9f4-b6f1-4a5f-9091-9f483352c601,vitamin_b6_mg_100g,0.18
2d70d5a7-4248-41b0-b876-066c7cf60f44,vitamin_b6_mg_100g,0.1
952c1496-b636-4dd7-801a-f7ca9f204c7c,vitamin_b6_mg_100g,0.01
5d0e3e32-be42-46bf-94ad-13403cf6fa08,vitamin_b6_mg_100g,0.064
556c3a77-8cc1-4f91-8862-a1277fde9320,vitamin_b6_mg_100g,0.36
fcff9b94-2817-4101-af7a-d7fb3117c338,vitamin_b6_mg_100g,0.02
bcc613a8-72f2-455a-8126-953b1ec1685d,vitamin_b6_mg_100g,0.035
18a86eb1-0980-47d3-bf22-30b1cb43aa6a,vitamin_b6_mg_100g,0.01
d098a17d-e3b9-4c47-ab88-2a21e475e998,vitamin_b6_mg_100g,0.064
da378dc0-6e62-4923-aabb-126110ded991,vitamin_b6_mg_100g,0.12
5cb37a41-7891-44a3-b90c-f6cdda409445,vitamin_b6_mg_100g,0.47
d1903e60-1cc6-4e1b-92d1-dfdc0dfc2da5,vitamin_b6_mg_100g,0.049
3d9f99f2-69c6-4e09-aaa5-d296d278f643,vitamin_b6_mg_100g,0.029
b6409eaf-e437-4b1d-a51b-540673e73a14,vitamin_b6_mg_100g,0.089
205b2afd-157e-4d0d-ba24-b08af3951198,vitamin_b6_mg_100g,0.022
91fc3f81-74fe-438a-aebe-56931dcec2c6,vitamin_b6_mg_100g,0.05
7351d18f-86e3-4c84-9de1-b79b89760af8,vitamin_b6_mg_100g,0.032
3fe9734c-c38f-42a6-85bf-f0281752e8ea,vitamin_b6_mg_100g,0.12
4c3d49b5-5471-432a-a259-b662b1f6b862,vitamin_b6_mg_100g,0.5
08226f84-c557-4eb0-b805-a7a4004d1fe3,vitamin_b6_mg_100g,0.087
0f29b08f-27ca-405b-ba3f-da4511d90c1f,vitamin_b6_mg_100g,0.12
29737eff-fbab-45b7-bdfe-51aba40f7b85,vitamin_b6_mg_100g,0.08
05eb140e-0246-47a8-b1d8-27f4957b3949,vitamin_b6_mg_100g,0.019
30e0ee8d-4cf7-46bd-a62a-66714d8cd521,vitamin_b6_mg_100g,0.24
7b887f04-1988-44dd-b74e-66938372902a,vitamin_b6_mg_100g,0.19
4e1b279a-4454-414c-9241-c329e03f1995,vitamin_b6_mg_100g,0.34
81e5a2f9-3e0c-42c9-a071-c4df692e7f31,vitamin_b6_mg_100g,0.3
01e424c9-6471-46b7-8244-16c9a59bcc58,vitamin_b6_mg_100g,0.45
a2e8f29f-07e2-490f-93c5-92134ac4d00b,vitamin_b6_mg_100g,0.33
a9c3a0c2-605a-4103-a495-201402935bc5,vitamin_b6_mg_100g,0.13
3f144310-58a7-4fe6-9bf2-0ce9d99ee5be,vitamin_b6_mg_100g,0.007
738bd788-fd21-4363-9de0-ddc35b6813fa,vitamin_b6_mg_100g,0.3
861b94d9-60da-4f46-804c-0756f4330661,vitamin_b6_mg_100g,0.12
b5bfad5a-4a04-4ab6-8c8b-788397734cb2,vitamin_b6_mg_100g,0.13
9c0738ab-d020-4a98-9b81-af71f7c0b878,vitamin_b6_mg_100g,0.15
4d4af9ab-dd8c-4b49-be81-dd79ff210485,vitamin_b6_mg_100g,0.29
2eb62878-3eb9-42ea-9a63-2691148a217c,vitamin_b6_mg_100g,0.23
cc5e0af0-473e-4268-9bf2-bac740f2fab1,vitamin_b6_mg_100g,0.037
ade5e763-3b9c-4947-af9d-7ff570546027,vitamin_b6_mg_100g,0.048
763a92df-6900-488d-a92a-eee913d830cb,vitamin_b6_mg_100g,0.057
0e04f7a5-230a-4ef6-bfc3-d803435d33bd,vitamin_b6_mg_100g,0.058
d62036e2-ba65-4a28-aad2-ee568cb4b498,vitamin_b6_mg_100g,0.081
6ff5f533-7197-4f48-b475-c16544a21db5,vitamin_b6_mg_100g,0.18
c1a9efe3-a0c5-4d04-b942-68d3fce22837,vitamin_b6_mg_100g,0.01
df607bfa-3921-4ac6-be34-119b349e9588,vitamin_b6_mg_100g,0.037
d281ed75-f3cd-4916-bd9d-7fc4fc48942b,vitamin_b6_mg_100g,0.011
8c68a448-5cf5-4ba4-834a-d6dd13f55496,vitamin_b6_mg_100g,0.0
533c1962-b367-47ca-9d82-5910931fab39,vitamin_b6_mg_100g,0.028
e99c3905-a22c-45b7-b99d-5d45edec89b1,vitamin_b6_mg_100g,0.01
2b51cbcc-360d-4b29-aa3d-bc4c1a017f6c,vitamin_b6_mg_100g,0.043
fec29009-a951-4587-9265-27e240e03112,vitamin_b6_mg_100g,0.01
deb22a25-4fde-4ac9-a6c7-e17be1a3ba00,vitamin_b6_mg_100g,0.092
e1688763-0981-4614-a70c-b18893bcd53b,vitamin_b6_mg_100g,0.0
36c30c73-3777-46ee-bfe2-87df2cde70d9,vitamin_b6_mg_100g,0.002
834d0ee9-e18e-454d-affb-bb0096078817,vitamin_b6_mg_100g,0.01
46abb1a9-f4c1-4dc1-8799-ac50ee190ee5,vitamin_b6_mg_100g,1.08
352d9c01-c3ee-411e-9813-9ce3eae4c698,vitamin_b6_mg_100g,0.25
e3fbdb74-16a8-4680-9cd0-16044b435725,vitamin_b6_mg_100g,0.0
e4f9dca3-4573-4d6e-8fec-6e0d8a7bb48f,vitamin_b6_mg_100g,0.06
274e083e-46d2-4cce-b79a-a3a711d81248,vitamin_b6_mg_100g,0.11
862f5667-0461-4212-9246-2a8104ee3288,vitamin_b6_mg_100g,0.23
5e615f07-5e6b-403b-b1f7-47d4df6c9ed7,vitamin_b6_mg_100g,0.16
9a652d31-eda3-4fe7-8e83-7ead894ca0e2,vitamin_b6_mg_100g,0.16
b7a54211-5e50-42ad-adcd-d45ecde57255,vitamin_b6_mg_100g,0.0
663312e9-6d02-4cfe-aaf7-8616a2b41629,vitamin_b6_mg_100g,0.1
1fb6ee8a-65e8-4da5-891f-9b1f64a1179a,vitamin_b6_mg_100g,0.12
85b41f4f-b07a-4a17-9044-d09b8d16ee60,vitamin_b6_mg_100g,0.15
c9ce1563-cea5-4ab9-b51b-c3951098bd35,vitamin_b6_mg_100g,0.14
0d565da3-5008-4699-a3a2-c13575d82d8a,vitamin_b6_mg_100g,1.37
940d778a-3303-4e51-83d5-dfdd64192939,vitamin_b6_mg_100g,1.58
e0dadf12-938f-45d9-a885-3e8df7ec3fe0,vitamin_b9_ug_100g,70.4
bd8d6fd3-2406-435d-9a92-c1546127e8e5,vitamin_b9_ug_100g,59.4
b05db49a-9212-44d3-9187-1da7870c1c9f,vitamin_b9_ug_100g,43.5
69da9d55-f3f4-4db3-8618-1fa505555874,vitamin_b9_ug_100g,22.7
e951267c-50f9-4470-b1c5-18656e75e013,vitamin_b9_ug_100g,17.6
970da6dd-6580-4081-8d47-0a1d30d16b6c,vitamin_b9_ug_100g,75.1
fcfdcc0b-9a9c-4e6c-a749-6de288235780,vitamin_b9_ug_100g,23.3
c75c5ce4-d2df-4f60-b94c-e97454df8e0d,vitamin_b9_ug_100g,32.8
94557fa4-d2b4-4a78-a3d3-5d0ba730d6bc,vitamin_b9_ug_100g,33.0
06462060-5201-41ec-a968-03c01edd23bc,vitamin_b9_ug_100g,21.0
b13e98d9-aaaf-4554-8177-8981f2ef0076,vitamin_b9_ug_100g,23.0
7e156dd4-2857-43bb-9aa2-e8273f5d4544,vitamin_b9_ug_100g,75.0
39ce4bb8-b5a4-42b5-96d9-fab0dac1a0dd,vitamin_b9_ug_100g,11.0
0261cb12-1fd6-46e1-9e3a-8064f63e6b45,vitamin_b9_ug_100g,21.0
2d0b224f-0e8c-469e-99e3-093f678fbbb9,vitamin_b9_ug_100g,13.0
3316b6df-9f99-4571-ba2e-4e26112c269d,vitamin_b9_ug_100g,6.75
dfb9e001-42d6-45d1-adf9-1e1ef5b8b618,vitamin_b9_ug_100g,40.5
ac683f79-bc03-46e6-bf1a-0b224deab0f5,vitamin_b9_ug_100g,20.1
1e0718a6-48ba-4fd4-93c0-1ea52f162c9d,vitamin_b9_ug_100g,62.7
9448e2cd-16f6-448b-927f-d41bb963a4b5,vitamin_b9_ug_100g,6.0
23786e95-97bf-461b-8108-59f08f119dad,vitamin_b9_ug_100g,78.3
d8c6e29e-5eaa-401f-aa0a-dc74d777a907,vitamin_b9_ug_100g,36.5
3ffa59aa-e01d-4712-8f0d-d5f32d3e1ae1,vitamin_b9_ug_100g,23.0
f81df9f4-b6f1-4a5f-9091-9f483352c601,vitamin_b9_ug_100g,19.0
2d70d5a7-4248-41b0-b876-066c7cf60f44,vitamin_b9_ug_100g,70.2
952c1496-b636-4dd7-801a-f7ca9f204c7c,vitamin_b9_ug_100g,25.9
5d0e3e32-be42-46bf-94ad-13403cf6fa08,vitamin_b9_ug_100g,36.9
556c3a77-8cc1-4f91-8862-a1277fde9320,vitamin_b9_ug_100g,52.9
fcff9b94-2817-4101-af7a-d7fb3117c338,vitamin_b9_ug_100g,2.0
bcc613a8-72f2-455a-8126-953b1ec1685d,vitamin_b9_ug_100g,6.98
18a86eb1-0980-47d3-bf22-30b1cb43aa6a,vitamin_b9_ug_100g,10.5
d098a17d-e3b9-4c47-ab88-2a21e475e998,vitamin_b9_ug_100g,37.6
da378dc0-6e62-4923-aabb-126110ded991,vitamin_b9_ug_100g,49.0
99574f09-8377-49bd-a2c6-cf945ac2cc62,vitamin_b9_ug_100g,49.0
5cb37a41-7891-44a3-b90c-f6cdda409445,vitamin_b9_ug_100g,70.0
d1903e60-1cc6-4e1b-92d1-dfdc0dfc2da5,vitamin_b9_ug_100g,29.4
3d9f99f2-69c6-4e09-aaa5-d296d278f643,vitamin_b9_ug_100g,9.9
b6409eaf-e437-4b1d-a51b-540673e73a14,vitamin_b9_ug_100g,49.9
205b2afd-157e-4d0d-ba24-b08af3951198,vitamin_b9_ug_100g,23.5
91fc3f81-74fe-438a-aebe-56931dcec2c6,vitamin_b9_ug_100g,9.2
7351d18f-86e3-4c84-9de1-b79b89760af8,vitamin_b9_ug_100g,10.5
3fe9734c-c38f-42a6-85bf-f0281752e8ea,vitamin_b9_ug_100g,27.1
08226f84-c557-4eb0-b805-a7a4004d1fe3,vitamin_b9_ug_100g,35.6
0f29b08f-27ca-405b-ba3f-da4511d90c1f,vitamin_b9_ug_100g,39.6
29737eff-fbab-45b7-bdfe-51aba40f7b85,vitamin_b9_ug_100g,18.3
05eb140e-0246-47a8-b1d8-27f4957b3949,vitamin_b9_ug_100g,17.9
30e0ee8d-4cf7-46bd-a62a-66714d8cd521,vitamin_b9_ug_100g,4.5
7b887f04-1988-44dd-b74e-66938372902a,vitamin_b9_ug_100g,9.55
4e1b279a-4454-414c-9241-c329e03f1995,vitamin_b9_ug_100g,6.0
81e5a2f9-3e0c-42c9-a071-c4df692e7f31,vitamin_b9_ug_100g,16.0
01e424c9-6471-46b7-8244-16c9a59bcc58,vitamin_b9_ug_100g,4.0
a2e8f29f-07e2-490f-93c5-92134ac4d00b,vitamin_b9_ug_100g,9.43
a9c3a0c2-605a-4103-a495-201402935bc5,vitamin_b9_ug_100g,20.1
3f144310-58a7-4fe6-9bf2-0ce9d99ee5be,vitamin_b9_ug_100g,7.9
738bd788-fd21-4363-9de0-ddc35b6813fa,vitamin_b9_ug_100g,166.0
861b94d9-60da-4f46-804c-0756f4330661,vitamin_b9_ug_100g,44.0
b5bfad5a-4a04-4ab6-8c8b-788397734cb2,vitamin_b9_ug_100g,36.0
9c0738ab-d020-4a98-9b81-af71f7c0b878,vitamin_b9_ug_100g,34.0
4d4af9ab-dd8c-4b49-be81-dd79ff210485,vitamin_b9_ug_100g,159.0
2eb62878-3eb9-42ea-9a63-2691148a217c,vitamin_b9_ug_100g,16.1
cc5e0af0-473e-4268-9bf2-bac740f2fab1,vitamin_b9_ug_100g,9.49
ade5e763-3b9c-4947-af9d-7ff570546027,vitamin_b9_ug_100g,11.5
763a92df-6900-488d-a92a-eee913d830cb,vitamin_b9_ug_100g,25.0
0e04f7a5-230a-4ef6-bfc3-d803435d33bd,vitamin_b9_ug_100g,24.0
d62036e2-ba65-4a28-aad2-ee568cb4b498,vitamin_b9_ug_100g,15.0
6ff5f533-7197-4f48-b475-c16544a21db5,vitamin_b9_ug_100g,16.0
c1a9efe3-a0c5-4d04-b942-68d3fce22837,vitamin_b9_ug_100g,18.9
df607bfa-3921-4ac6-be34-119b349e9588,vitamin_b9_ug_100g,7.0
d281ed75-f3cd-4916-bd9d-7fc4fc48942b,vitamin_b9_ug_100g,23.6
8c68a448-5cf5-4ba4-834a-d6dd13f55496,vitamin_b9_ug_100g,0.0
533c1962-b367-47ca-9d82-5910931fab39,vitamin_b9_ug_100g,14.0
e99c3905-a22c-45b7-b99d-5d45edec89b1,vitamin_b9_ug_100g,5.0
2b51cbcc-360d-4b29-aa3d-bc4c1a017f6c,vitamin_b9_ug_100g,0.73
fec29009-a951-4587-9265-27e240e03112,vitamin_b9_ug_100g,5.0
deb22a25-4fde-4ac9-a6c7-e17be1a3ba00,vitamin_b9_ug_100g,2.0
e1688763-0981-4614-a70c-b18893bcd53b,vitamin_b9_ug_100g,0.0
36c30c73-3777-46ee-bfe2-87df2cde70d9,vitamin_b9_ug_100g,0.0
834d0ee9-e18e-454d-affb-bb0096078817,vitamin_b9_ug_100g,52.0
46abb1a9-f4c1-4dc1-8799-ac50ee190ee5,vitamin_b9_ug_100g,96.7
352d9c01-c3ee-411e-9813-9ce3eae4c698,vitamin_b9_ug_100g,34.9
e3fbdb74-16a8-4680-9cd0-16044b435725,vitamin_b9_ug_100g,0.0
e4f9dca3-4573-4d6e-8fec-6e0d8a7bb48f,vitamin_b9_ug_100g,16.5
274e083e-46d2-4cce-b79a-a3a711d81248,vitamin_b9_ug_100g,56.0
862f5667-0461-4212-9246-2a8104ee3288,vitamin_b9_ug_100g,21.8
5e615f07-5e6b-403b-b1f7-47d4df6c9ed7,vitamin_b9_ug_100g,6.0
9a652d31-eda3-4fe7-8e83-7ead894ca0e2,vitamin_b9_ug_100g,76.0
b7a54211-5e50-42ad-adcd-d45ecde57255,vitamin_b9_ug_100g,0.0
663312e9-6d02-4cfe-aaf7-8616a2b41629,vitamin_b9_ug_100g,11.8
1fb6ee8a-65e8-4da5-891f-9b1f64a1179a,vitamin_b9_ug_100g,78.3
85b41f4f-b07a-4a17-9044-d09b8d16ee60,vitamin_b9_ug_100g,134.0
c9ce1563-cea5-4ab9-b51b-c3951098bd35,vitamin_b9_ug_100g,110.0
0d565da3-5008-4699-a3a2-c13575d82d8a,vitamin_b9_ug_100g,37.4
940d778a-3303-4e51-83d5-dfdd64192939,vitamin_b9_ug_100g,274.0
e0dadf12-938f-45d9-a885-3e8df7ec3fe0,vitamin_b12_ug_100g,0.0
bd8d6fd3-2406-435d-9a92-c1546127e8e5,vitamin_b12_ug_100g,0.0
b05db49a-9212-44d3-9187-1da7870c1c9f,vitamin_b12_ug_100g,0.0
69da9d55-f3f4-4db3-8618-1fa505555874,vitamin_b12_ug_100g,0.0
e951267c-50f9-4470-b1c5-18656e75e013,vitamin_b12_ug_100g,0.0
970da6dd-6580-4081-8d47-0a1d30d16b6c,vitamin_b12_ug_100g,0.0
fcfdcc0b-9a9c-4e6c-a749-6de288235780,vitamin_b12_ug_100g,0.0
c75c5ce4-d2df-4f60-b94c-e97454df8e0d,vitamin_b12_ug_100g,0.0
94557fa4-d2b4-4a78-a3d3-5d0ba730d6bc,vitamin_b12_ug_100g,0.0
06462060-5201-41ec-a968-03c01edd23bc,vitamin_b12_ug_100g,0.0
b13e98d9-aaaf-4554-8177-8981f2ef0076,vitamin_b12_ug_100g,0.0
7e156dd4-2857-43bb-9aa2-e8273f5d4544,vitamin_b12_ug_100g,0.0
0261cb12-1fd6-46e1-9e3a-8064f63e6b45,vitamin_b12_ug_100g,0.0
2d0b224f-0e8c-469e-99e3-093f678fbbb9,vitamin_b12_ug_100g,0.0
9448e2cd-16f6-448b-927f-d41bb963a4b5,vitamin_b12_ug_100g,0.0
23786e95-97bf-461b-8108-59f08f119dad,vitamin_b12_ug_100g,0.0
d8c6e29e-5eaa-401f-aa0a-dc74d777a907,vitamin_b12_ug_100g,0.0
f81df9f4-b6f1-4a5f-9091-9f483352c601,vitamin_b12_ug_100g,0.0
2d70d5a7-4248-41b0-b876-066c7cf60f44,vitamin_b12_ug_100g,0.0
952c1496-b636-4dd7-801a-f7ca9f204c7c,vitamin_b12_ug_100g,0.0
5d0e3e32-be42-46bf-94ad-13403cf6fa08,vitamin_b12_ug_100g,0.0
556c3a77-8cc1-4f91-8862-a1277fde9320,vitamin_b12_ug_100g,0.0
fcff9b94-2817-4101-af7a-d7fb3117c338,vitamin_b12_ug_100g,0.0
d098a17d-e3b9-4c47-ab88-2a21e475e998,vitamin_b12_ug_100g,0.0
da378dc0-6e62-4923-aabb-126110ded991,vitamin_b12_ug_100g,0.0
99574f09-8377-49bd-a2c6-cf945ac2cc62,vitamin_b12_ug_100g,0.0
5cb37a41-7891-44a3-b90c-f6cdda409445,vitamin_b12_ug_100g,0.0
d1903e60-1cc6-4e1b-92d1-dfdc0dfc2da5,vitamin_b12_ug_100g,0.094
3d9f99f2-69c6-4e09-aaa5-d296d278f643,vitamin_b12_ug_100g,0.032
b6409eaf-e437-4b1d-a51b-540673e73a14,vitamin_b12_ug_100g,0.0
205b2afd-157e-4d0d-ba24-b08af3951198,vitamin_b12_ug_100g,0.014
91fc3f81-74fe-438a-aebe-56931dcec2c6,vitamin_b12_ug_100g,0.24
7351d18f-86e3-4c84-9de1-b79b89760af8,vitamin_b12_ug_100g,0.021
3fe9734c-c38f-42a6-85bf-f0281752e8ea,vitamin_b12_ug_100g,0.15
4c3d49b5-5471-432a-a259-b662b1f6b862,vitamin_b12_ug_100g,0.0
08226f84-c557-4eb0-b805-a7a4004d1fe3,vitamin_b12_ug_100g,0.0
0f29b08f-27ca-405b-ba3f-da4511d90c1f,vitamin_b12_ug_100g,0.0
30e0ee8d-4cf7-46bd-a62a-66714d8cd521,vitamin_b12_ug_100g,1.2
7b887f04-1988-44dd-b74e-66938372902a,vitamin_b12_ug_100g,0.18
4e1b279a-4454-414c-9241-c329e03f1995,vitamin_b12_ug_100g,2.12
81e5a2f9-3e0c-42c9-a071-c4df692e7f31,vitamin_b12_ug_100g,0.31
01e424c9-6471-46b7-8244-16c9a59bcc58,vitamin_b12_ug_100g,0.78
a2e8f29f-07e2-490f-93c5-92134ac4d00b,vitamin_b12_ug_100g,0.56
a9c3a0c2-605a-4103-a495-201402935bc5,vitamin_b12_ug_100g,39.5
3f144310-58a7-4fe6-9bf2-0ce9d99ee5be,vitamin_b12_ug_100g,0.056
738bd788-fd21-4363-9de0-ddc35b6813fa,vitamin_b12_ug_100g,2.43
861b94d9-60da-4f46-804c-0756f4330661,vitamin_b12_ug_100g,1.11
b5bfad5a-4a04-4ab6-8c8b-788397734cb2,vitamin_b12_ug_100g,0.76
9c0738ab-d020-4a98-9b81-af71f7c0b878,vitamin_b12_ug_100g,1.45
4d4af9ab-dd8c-4b49-be81-dd79ff210485,vitamin_b12_ug_100g,3.03
2eb62878-3eb9-42ea-9a63-2691148a217c,vitamin_b12_ug_100g,0.5
cc5e0af0-473e-4268-9bf2-bac740f2fab1,vitamin_b12_ug_100g,0.38
ade5e763-3b9c-4947-af9d-7ff570546027,vitamin_b12_ug_100g,0.49
763a92df-6900-488d-a92a-eee913d830cb,vitamin_b12_ug_100g,0.33
0e04f7a5-230a-4ef6-bfc3-d803435d33bd,vitamin_b12_ug_100g,0.4
d62036e2-ba65-4a28-aad2-ee568cb4b498,vitamin_b12_ug_100g,1.55
6ff5f533-7197-4f48-b475-c16544a21db5,vitamin_b12_ug_100g,2.64
c1a9efe3-a0c5-4d04-b942-68d3fce22837,vitamin_b12_ug_100g,0.53
df607bfa-3921-4ac6-be34-119b349e9588,vitamin_b12_ug_100g,2.28
d281ed75-f3cd-4916-bd9d-7fc4fc48942b,vitamin_b12_ug_100g,0.45
8c68a448-5cf5-4ba4-834a-d6dd13f55496,vitamin_b12_ug_100g,0.0
533c1962-b367-47ca-9d82-5910931fab39,vitamin_b12_ug_100g,0.0
2b51cbcc-360d-4b29-aa3d-bc4c1a017f6c,vitamin_b12_ug_100g,0.0
fec29009-a951-4587-9265-27e240e03112,vitamin_b12_ug_100g,0.0
deb22a25-4fde-4ac9-a6c7-e17be1a3ba00,vitamin_b12_ug_100g,0.0
e1688763-0981-4614-a70c-b18893bcd53b,vitamin_b12_ug_100g,0.0
36c30c73-3777-46ee-bfe2-87df2cde70d9,vitamin_b12_ug_100g,0.0
834d0ee9-e18e-454d-affb-bb0096078817,vitamin_b12_ug_100g,0.35
46abb1a9-f4c1-4dc1-8799-ac50ee190ee5,vitamin_b12_ug_100g,0.08
352d9c01-c3ee-411e-9813-9ce3eae4c698,vitamin_b12_ug_100g,0.13
e3fbdb74-16a8-4680-9cd0-16044b435725,vitamin_b12_ug_100g,0.0
274e083e-46d2-4cce-b79a-a3a711d81248,vitamin_b12_ug_100g,0.0
862f5667-0461-4212-9246-2a8104ee3288,vitamin_b12_ug_100g,0.0
5e615f07-5e6b-403b-b1f7-47d4df6c9ed7,vitamin_b12_ug_100g,0.0
9a652d31-eda3-4fe7-8e83-7ead894ca0e2,vitamin_b12_ug_100g,0.0
b7a54211-5e50-42ad-adcd-d45ecde57255,vitamin_b12_ug_100g,0.0
663312e9-6d02-4cfe-aaf7-8616a2b41629,vitamin_b12_ug_100g,0.0
1fb6ee8a-65e8-4da5-891f-9b1f64a1179a,vitamin_b12_ug_100g,0.0
85b41f4f-b07a-4a17-9044-d09b8d16ee60,vitamin_b12_ug_100g,0.0
c9ce1563-cea5-4ab9-b51b-c3951098bd35,vitamin_b12_ug_100g,0.0
940d778a-3303-4e51-83d5-dfdd64192939,vitamin_b12_ug_100g,0.0
